bin_id,timestamp,fill_level,fill_rate_per_hour,hour,day_of_week,last_collection_minutes_ago,time_to_full_hours
BIN_1001,2026-07-14T00:00:00Z,14.8,0.0,0,1,0.0,29.0
BIN_1001,2026-07-14T00:30:00Z,16.5,3.3999999999999986,0,1,30.0,28.5
BIN_1001,2026-07-14T01:00:00Z,17.4,1.7999999999999972,1,1,60.0,28.0
BIN_1001,2026-07-14T01:30:00Z,18.7,2.6000000000000014,1,1,90.0,27.5
BIN_1001,2026-07-14T02:00:00Z,19.2,1.0,2,1,120.0,27.0
BIN_1001,2026-07-14T02:30:00Z,20.2,2.0,2,1,150.0,26.5
BIN_1001,2026-07-14T03:00:00Z,21.7,3.0,3,1,180.0,26.0
BIN_1001,2026-07-14T03:30:00Z,22.6,1.8000000000000043,3,1,210.0,25.5
BIN_1001,2026-07-14T04:00:00Z,24.6,4.0,4,1,240.0,25.0
BIN_1001,2026-07-14T04:30:00Z,26.8,4.399999999999999,4,1,270.0,24.5
BIN_1001,2026-07-14T05:00:00Z,27.3,1.0,5,1,300.0,24.0
BIN_1001,2026-07-14T05:30:00Z,28.1,1.6000000000000014,5,1,330.0,23.5
BIN_1001,2026-07-14T06:00:00Z,30.4,4.599999999999994,6,1,360.0,23.0
BIN_1001,2026-07-14T06:30:00Z,31.6,2.4000000000000057,6,1,390.0,22.5
BIN_1001,2026-07-14T07:00:00Z,32.9,2.5999999999999943,7,1,420.0,22.0
BIN_1001,2026-07-14T07:30:00Z,33.7,1.6000000000000085,7,1,450.0,21.5
BIN_1001,2026-07-14T08:00:00Z,35.0,2.5999999999999943,8,1,480.0,21.0
BIN_1001,2026-07-14T08:30:00Z,36.1,2.200000000000003,8,1,510.0,20.5
BIN_1001,2026-07-14T09:00:00Z,37.1,2.0,9,1,540.0,20.0
BIN_1001,2026-07-14T09:30:00Z,38.8,3.3999999999999915,9,1,570.0,19.5
BIN_1001,2026-07-14T10:00:00Z,41.3,5.0,10,1,600.0,19.0
BIN_1001,2026-07-14T10:30:00Z,42.6,2.6000000000000085,10,1,630.0,18.5
BIN_1001,2026-07-14T11:00:00Z,44.4,3.5999999999999943,11,1,660.0,18.0
BIN_1001,2026-07-14T11:30:00Z,46.4,4.0,11,1,690.0,17.5
BIN_1001,2026-07-14T12:00:00Z,47.0,1.2000000000000028,12,1,720.0,17.0
BIN_1001,2026-07-14T12:30:00Z,48.5,3.0,12,1,750.0,16.5
BIN_1001,2026-07-14T13:00:00Z,49.1,1.2000000000000028,13,1,780.0,16.0
BIN_1001,2026-07-14T13:30:00Z,50.0,1.7999999999999972,13,1,810.0,15.5
BIN_1001,2026-07-14T14:00:00Z,50.3,0.5999999999999943,14,1,840.0,15.0
BIN_1001,2026-07-14T14:30:00Z,52.5,4.400000000000006,14,1,870.0,14.5
BIN_1001,2026-07-14T15:00:00Z,53.7,2.4000000000000057,15,1,900.0,14.0
BIN_1001,2026-07-14T15:30:00Z,55.3,3.1999999999999886,15,1,930.0,13.5
BIN_1001,2026-07-14T16:00:00Z,56.8,3.0,16,1,960.0,13.0
BIN_1001,2026-07-14T16:30:00Z,59.1,4.6000000000000085,16,1,990.0,12.5
BIN_1001,2026-07-14T17:00:00Z,60.0,1.7999999999999972,17,1,1020.0,12.0
BIN_1001,2026-07-14T17:30:00Z,61.8,3.5999999999999943,17,1,1050.0,11.5
BIN_1001,2026-07-14T18:00:00Z,63.6,3.6000000000000085,18,1,1080.0,11.0
BIN_1001,2026-07-14T18:30:00Z,64.4,1.6000000000000085,18,1,1110.0,10.5
BIN_1001,2026-07-14T19:00:00Z,64.2,-0.4000000000000057,19,1,1140.0,10.0
BIN_1001,2026-07-14T19:30:00Z,65.7,3.0,19,1,1170.0,9.5
BIN_1001,2026-07-14T20:00:00Z,66.1,0.799999999999983,20,1,1200.0,9.0
BIN_1001,2026-07-14T20:30:00Z,67.5,2.8000000000000114,20,1,1230.0,8.5
BIN_1001,2026-07-14T21:00:00Z,68.6,2.1999999999999886,21,1,1260.0,8.0
BIN_1001,2026-07-14T21:30:00Z,70.9,4.600000000000023,21,1,1290.0,7.5
BIN_1001,2026-07-14T22:00:00Z,72.7,3.5999999999999943,22,1,1320.0,7.0
BIN_1001,2026-07-14T22:30:00Z,73.8,2.1999999999999886,22,1,1350.0,6.5
BIN_1001,2026-07-14T23:00:00Z,75.5,3.4000000000000057,23,1,1380.0,6.0
BIN_1001,2026-07-14T23:30:00Z,75.9,0.8000000000000114,23,1,1410.0,5.5
BIN_1001,2026-07-15T00:00:00Z,77.3,2.799999999999983,0,2,1440.0,5.0
BIN_1001,2026-07-15T00:30:00Z,79.3,4.0,0,2,1470.0,4.5
BIN_1001,2026-07-15T01:00:00Z,81.5,4.400000000000006,1,2,1500.0,4.0
BIN_1001,2026-07-15T01:30:00Z,82.3,1.5999999999999943,1,2,1530.0,3.5
BIN_1001,2026-07-15T02:00:00Z,84.4,4.200000000000017,2,2,1560.0,3.0
BIN_1001,2026-07-15T02:30:00Z,86.0,3.1999999999999886,2,2,1590.0,2.5
BIN_1001,2026-07-15T03:00:00Z,86.6,1.1999999999999886,3,2,1620.0,2.0
BIN_1001,2026-07-15T03:30:00Z,87.4,1.6000000000000227,3,2,1650.0,1.5
BIN_1001,2026-07-15T04:00:00Z,89.4,4.0,4,2,1680.0,1.0
BIN_1001,2026-07-15T04:30:00Z,89.5,0.19999999999998863,4,2,1710.0,0.5
BIN_1001,2026-07-15T05:00:00Z,91.3,3.5999999999999943,5,2,1740.0,0.0
BIN_1001,2026-07-15T05:30:00Z,92.3,2.0,5,2,1770.0,0.0
BIN_1001,2026-07-15T06:00:00Z,94.4,4.200000000000017,6,2,1800.0,0.0
BIN_1001,2026-07-15T06:30:00Z,95.1,1.3999999999999773,6,2,1830.0,0.0
BIN_1001,2026-07-15T07:00:00Z,96.6,3.0,7,2,1860.0,0.0
BIN_1001,2026-07-15T07:30:00Z,97.4,1.6000000000000227,7,2,1890.0,0.0
BIN_1001,2026-07-15T08:00:00Z,98.5,2.1999999999999886,8,2,1920.0,0.0
BIN_1001,2026-07-15T08:30:00Z,99.3,1.5999999999999943,8,2,1950.0,0.0
BIN_1001,2026-07-15T09:00:00Z,100.0,1.4000000000000057,9,2,1980.0,0.0
BIN_1001,2026-07-15T09:30:00Z,100.0,0.0,9,2,2010.0,0.0
BIN_1001,2026-07-15T10:00:00Z,100.0,0.0,10,2,2040.0,0.0
BIN_1001,2026-07-15T10:30:00Z,100.0,0.0,10,2,2070.0,0.0
BIN_1001,2026-07-15T11:00:00Z,100.0,0.0,11,2,2100.0,0.0
BIN_1001,2026-07-15T11:30:00Z,100.0,0.0,11,2,2130.0,0.0
BIN_1001,2026-07-15T12:00:00Z,100.0,0.0,12,2,2160.0,0.0
BIN_1001,2026-07-15T12:30:00Z,100.0,0.0,12,2,2190.0,0.0
BIN_1001,2026-07-15T13:00:00Z,100.0,0.0,13,2,2220.0,0.0
BIN_1001,2026-07-15T13:30:00Z,100.0,0.0,13,2,2250.0,0.0
BIN_1001,2026-07-15T14:00:00Z,100.0,0.0,14,2,2280.0,0.0
BIN_1001,2026-07-15T14:30:00Z,99.2,-1.5999999999999943,14,2,2310.0,0.0
BIN_1001,2026-07-15T15:00:00Z,100.0,1.5999999999999943,15,2,2340.0,0.0
BIN_1001,2026-07-15T15:30:00Z,100.0,0.0,15,2,2370.0,0.0
BIN_1001,2026-07-15T16:00:00Z,100.0,0.0,16,2,2400.0,0.0
BIN_1001,2026-07-15T16:30:00Z,7.8,-184.4,16,2,0.0,51.0
BIN_1001,2026-07-15T17:00:00Z,9.6,3.5999999999999996,17,2,30.0,50.5
BIN_1001,2026-07-15T17:30:00Z,11.1,3.0,17,2,60.0,50.0
BIN_1001,2026-07-15T18:00:00Z,12.1,2.0,18,2,90.0,49.5
BIN_1001,2026-07-15T18:30:00Z,14.0,3.8000000000000007,18,2,120.0,49.0
BIN_1001,2026-07-15T19:00:00Z,15.5,3.0,19,2,150.0,48.5
BIN_1001,2026-07-15T19:30:00Z,16.8,2.6000000000000014,19,2,180.0,48.0
BIN_1001,2026-07-15T20:00:00Z,18.3,3.0,20,2,210.0,47.5
BIN_1001,2026-07-15T20:30:00Z,18.3,0.0,20,2,240.0,47.0
BIN_1001,2026-07-15T21:00:00Z,20.5,4.399999999999999,21,2,270.0,46.5
BIN_1001,2026-07-15T21:30:00Z,21.3,1.6000000000000014,21,2,300.0,46.0
BIN_1001,2026-07-15T22:00:00Z,22.8,3.0,22,2,330.0,45.5
BIN_1001,2026-07-15T22:30:00Z,24.4,3.1999999999999957,22,2,360.0,45.0
BIN_1001,2026-07-15T23:00:00Z,25.5,2.200000000000003,23,2,390.0,44.5
BIN_1001,2026-07-15T23:30:00Z,25.5,0.0,23,2,420.0,44.0
BIN_1001,2026-07-16T00:00:00Z,26.5,2.0,0,3,450.0,43.5
BIN_1001,2026-07-16T00:30:00Z,27.7,2.3999999999999986,0,3,480.0,43.0
BIN_1001,2026-07-16T01:00:00Z,28.3,1.2000000000000028,1,3,510.0,42.5
BIN_1001,2026-07-16T01:30:00Z,29.6,2.6000000000000014,1,3,540.0,42.0
BIN_1001,2026-07-16T02:00:00Z,31.3,3.3999999999999986,2,3,570.0,41.5
BIN_1001,2026-07-16T02:30:00Z,32.7,2.8000000000000043,2,3,600.0,41.0
BIN_1001,2026-07-16T03:00:00Z,34.2,3.0,3,3,630.0,40.5
BIN_1001,2026-07-16T03:30:00Z,35.2,2.0,3,3,660.0,40.0
BIN_1001,2026-07-16T04:00:00Z,36.7,3.0,4,3,690.0,39.5
BIN_1001,2026-07-16T04:30:00Z,38.6,3.799999999999997,4,3,720.0,39.0
BIN_1001,2026-07-16T05:00:00Z,38.9,0.5999999999999943,5,3,750.0,38.5
BIN_1001,2026-07-16T05:30:00Z,38.9,0.0,5,3,780.0,38.0
BIN_1001,2026-07-16T06:00:00Z,41.7,5.6000000000000085,6,3,810.0,37.5
BIN_1001,2026-07-16T06:30:00Z,44.2,5.0,6,3,840.0,37.0
BIN_1001,2026-07-16T07:00:00Z,44.5,0.5999999999999943,7,3,870.0,36.5
BIN_1001,2026-07-16T07:30:00Z,44.9,0.7999999999999972,7,3,900.0,36.0
BIN_1001,2026-07-16T08:00:00Z,46.5,3.200000000000003,8,3,930.0,35.5
BIN_1001,2026-07-16T08:30:00Z,47.3,1.5999999999999943,8,3,960.0,35.0
BIN_1001,2026-07-16T09:00:00Z,49.1,3.6000000000000085,9,3,990.0,34.5
BIN_1001,2026-07-16T09:30:00Z,5.8,-86.60000000000001,9,3,0.0,34.0
BIN_1001,2026-07-16T10:00:00Z,7.2,2.8000000000000007,10,3,30.0,33.5
BIN_1001,2026-07-16T10:30:00Z,8.2,1.9999999999999982,10,3,60.0,33.0
BIN_1001,2026-07-16T11:00:00Z,8.9,1.4000000000000021,11,3,90.0,32.5
BIN_1001,2026-07-16T11:30:00Z,11.3,4.800000000000001,11,3,120.0,32.0
BIN_1001,2026-07-16T12:00:00Z,12.5,2.3999999999999986,12,3,150.0,31.5
BIN_1001,2026-07-16T12:30:00Z,14.3,3.6000000000000014,12,3,180.0,31.0
BIN_1001,2026-07-16T13:00:00Z,16.8,5.0,13,3,210.0,30.5
BIN_1001,2026-07-16T13:30:00Z,18.4,3.1999999999999957,13,3,240.0,30.0
BIN_1001,2026-07-16T14:00:00Z,19.6,2.4000000000000057,14,3,270.0,29.5
BIN_1001,2026-07-16T14:30:00Z,20.7,2.1999999999999957,14,3,300.0,29.0
BIN_1001,2026-07-16T15:00:00Z,21.7,2.0,15,3,330.0,28.5
BIN_1001,2026-07-16T15:30:00Z,23.3,3.200000000000003,15,3,360.0,28.0
BIN_1001,2026-07-16T16:00:00Z,24.9,3.1999999999999957,16,3,390.0,27.5
BIN_1001,2026-07-16T16:30:00Z,25.9,2.0,16,3,420.0,27.0
BIN_1001,2026-07-16T17:00:00Z,27.6,3.4000000000000057,17,3,450.0,26.5
BIN_1001,2026-07-16T17:30:00Z,29.8,4.399999999999999,17,3,480.0,26.0
BIN_1001,2026-07-16T18:00:00Z,31.4,3.1999999999999957,18,3,510.0,25.5
BIN_1001,2026-07-16T18:30:00Z,31.3,-0.19999999999999574,18,3,540.0,25.0
BIN_1001,2026-07-16T19:00:00Z,31.8,1.0,19,3,570.0,24.5
BIN_1001,2026-07-16T19:30:00Z,31.7,-0.20000000000000284,19,3,600.0,24.0
BIN_1001,2026-07-16T20:00:00Z,33.5,3.6000000000000014,20,3,630.0,23.5
BIN_1001,2026-07-16T20:30:00Z,34.7,2.4000000000000057,20,3,660.0,23.0
BIN_1001,2026-07-16T21:00:00Z,36.5,3.5999999999999943,21,3,690.0,22.5
BIN_1001,2026-07-16T21:30:00Z,37.5,2.0,21,3,720.0,22.0
BIN_1001,2026-07-16T22:00:00Z,39.7,4.400000000000006,22,3,750.0,21.5
BIN_1001,2026-07-16T22:30:00Z,39.6,-0.20000000000000284,22,3,780.0,21.0
BIN_1001,2026-07-16T23:00:00Z,40.9,2.5999999999999943,23,3,810.0,20.5
BIN_1001,2026-07-16T23:30:00Z,40.6,-0.5999999999999943,23,3,840.0,20.0
BIN_1001,2026-07-17T00:00:00Z,41.9,2.5999999999999943,0,4,870.0,19.5
BIN_1001,2026-07-17T00:30:00Z,43.6,3.4000000000000057,0,4,900.0,19.0
BIN_1001,2026-07-17T01:00:00Z,44.8,2.3999999999999915,1,4,930.0,18.5
BIN_1001,2026-07-17T01:30:00Z,45.0,0.4000000000000057,1,4,960.0,18.0
BIN_1001,2026-07-17T02:00:00Z,46.1,2.200000000000003,2,4,990.0,17.5
BIN_1001,2026-07-17T02:30:00Z,46.8,1.3999999999999915,2,4,1020.0,17.0
BIN_1001,2026-07-17T03:00:00Z,48.8,4.0,3,4,1050.0,16.5
BIN_1001,2026-07-17T03:30:00Z,49.7,1.8000000000000114,3,4,1080.0,16.0
BIN_1001,2026-07-17T04:00:00Z,50.6,1.7999999999999972,4,4,1110.0,15.5
BIN_1001,2026-07-17T04:30:00Z,52.2,3.200000000000003,4,4,1140.0,15.0
BIN_1001,2026-07-17T05:00:00Z,53.0,1.5999999999999943,5,4,1170.0,14.5
BIN_1001,2026-07-17T05:30:00Z,53.7,1.4000000000000057,5,4,1200.0,14.0
BIN_1001,2026-07-17T06:00:00Z,54.0,0.5999999999999943,6,4,1230.0,13.5
BIN_1001,2026-07-17T06:30:00Z,55.0,2.0,6,4,1260.0,13.0
BIN_1001,2026-07-17T07:00:00Z,56.5,3.0,7,4,1290.0,12.5
BIN_1001,2026-07-17T07:30:00Z,57.3,1.5999999999999943,7,4,1320.0,12.0
BIN_1001,2026-07-17T08:00:00Z,58.6,2.6000000000000085,8,4,1350.0,11.5
BIN_1001,2026-07-17T08:30:00Z,61.2,5.200000000000003,8,4,1380.0,11.0
BIN_1001,2026-07-17T09:00:00Z,61.7,1.0,9,4,1410.0,10.5
BIN_1001,2026-07-17T09:30:00Z,62.4,1.3999999999999915,9,4,1440.0,10.0
BIN_1001,2026-07-17T10:00:00Z,63.3,1.7999999999999972,10,4,1470.0,9.5
BIN_1001,2026-07-17T10:30:00Z,63.7,0.8000000000000114,10,4,1500.0,9.0
BIN_1001,2026-07-17T11:00:00Z,64.0,0.5999999999999943,11,4,1530.0,8.5
BIN_1001,2026-07-17T11:30:00Z,66.7,5.400000000000006,11,4,1560.0,8.0
BIN_1001,2026-07-17T12:00:00Z,68.9,4.400000000000006,12,4,1590.0,7.5
BIN_1001,2026-07-17T12:30:00Z,69.8,1.799999999999983,12,4,1620.0,7.0
BIN_1001,2026-07-17T13:00:00Z,71.3,3.0,13,4,1650.0,6.5
BIN_1001,2026-07-17T13:30:00Z,73.3,4.0,13,4,1680.0,6.0
BIN_1001,2026-07-17T14:00:00Z,74.6,2.5999999999999943,14,4,1710.0,5.5
BIN_1001,2026-07-17T14:30:00Z,76.3,3.4000000000000057,14,4,1740.0,5.0
BIN_1001,2026-07-17T15:00:00Z,78.6,4.599999999999994,15,4,1770.0,4.5
BIN_1001,2026-07-17T15:30:00Z,79.9,2.6000000000000227,15,4,1800.0,4.0
BIN_1001,2026-07-17T16:00:00Z,81.0,2.1999999999999886,16,4,1830.0,3.5
BIN_1001,2026-07-17T16:30:00Z,82.3,2.5999999999999943,16,4,1860.0,3.0
BIN_1001,2026-07-17T17:00:00Z,83.8,3.0,17,4,1890.0,2.5
BIN_1001,2026-07-17T17:30:00Z,85.2,2.8000000000000114,17,4,1920.0,2.0
BIN_1001,2026-07-17T18:00:00Z,86.2,2.0,18,4,1950.0,1.5
BIN_1001,2026-07-17T18:30:00Z,87.1,1.799999999999983,18,4,1980.0,1.0
BIN_1001,2026-07-17T19:00:00Z,88.9,3.6000000000000227,19,4,2010.0,0.5
BIN_1001,2026-07-17T19:30:00Z,90.3,2.799999999999983,19,4,2040.0,0.0
BIN_1001,2026-07-17T20:00:00Z,90.7,0.8000000000000114,20,4,2070.0,0.0
BIN_1001,2026-07-17T20:30:00Z,93.0,4.599999999999994,20,4,2100.0,0.0
BIN_1001,2026-07-17T21:00:00Z,93.4,0.8000000000000114,21,4,2130.0,0.0
BIN_1001,2026-07-17T21:30:00Z,94.1,1.3999999999999773,21,4,2160.0,0.0
BIN_1001,2026-07-17T22:00:00Z,96.0,3.8000000000000114,22,4,2190.0,0.0
BIN_1001,2026-07-17T22:30:00Z,98.0,4.0,22,4,2220.0,0.0
BIN_1001,2026-07-17T23:00:00Z,4.0,-188.0,23,4,0.0,45.5
BIN_1001,2026-07-17T23:30:00Z,4.7,1.4000000000000004,23,4,30.0,45.0
BIN_1001,2026-07-18T00:00:00Z,6.4,3.4000000000000004,0,5,60.0,44.5
BIN_1001,2026-07-18T00:30:00Z,3.2,-6.4,0,5,0.0,44.0
BIN_1001,2026-07-18T01:00:00Z,3.4,0.39999999999999947,1,5,30.0,43.5
BIN_1001,2026-07-18T01:30:00Z,4.5,2.2,1,5,60.0,43.0
BIN_1001,2026-07-18T02:00:00Z,6.2,3.4000000000000004,2,5,90.0,42.5
BIN_1001,2026-07-18T02:30:00Z,7.7,3.0,2,5,120.0,42.0
BIN_1001,2026-07-18T03:00:00Z,7.9,0.40000000000000036,3,5,150.0,41.5
BIN_1001,2026-07-18T03:30:00Z,9.4,3.0,3,5,180.0,41.0
BIN_1001,2026-07-18T04:00:00Z,10.3,1.8000000000000007,4,5,210.0,40.5
BIN_1001,2026-07-18T04:30:00Z,10.9,1.1999999999999993,4,5,240.0,40.0
BIN_1001,2026-07-18T05:00:00Z,11.6,1.3999999999999986,5,5,270.0,39.5
BIN_1001,2026-07-18T05:30:00Z,12.7,2.1999999999999993,5,5,300.0,39.0
BIN_1001,2026-07-18T06:00:00Z,0.7,-24.0,6,5,0.0,38.5
BIN_1001,2026-07-18T06:30:00Z,2.4,3.4,6,5,30.0,38.0
BIN_1001,2026-07-18T07:00:00Z,4.1,3.3999999999999995,7,5,60.0,37.5
BIN_1001,2026-07-18T07:30:00Z,5.5,2.8000000000000007,7,5,90.0,37.0
BIN_1001,2026-07-18T08:00:00Z,6.9,2.8000000000000007,8,5,120.0,36.5
BIN_1001,2026-07-18T08:30:00Z,7.4,1.0,8,5,150.0,36.0
BIN_1001,2026-07-18T09:00:00Z,8.8,2.8000000000000007,9,5,180.0,35.5
BIN_1001,2026-07-18T09:30:00Z,10.0,2.3999999999999986,9,5,210.0,35.0
BIN_1001,2026-07-18T10:00:00Z,12.0,4.0,10,5,240.0,34.5
BIN_1001,2026-07-18T10:30:00Z,12.5,1.0,10,5,270.0,34.0
BIN_1001,2026-07-18T11:00:00Z,14.4,3.8000000000000007,11,5,300.0,33.5
BIN_1001,2026-07-18T11:30:00Z,14.4,0.0,11,5,330.0,33.0
BIN_1001,2026-07-18T12:00:00Z,5.3,-18.200000000000003,12,5,0.0,32.5
BIN_1001,2026-07-18T12:30:00Z,5.0,-0.5999999999999996,12,5,30.0,32.0
BIN_1001,2026-07-18T13:00:00Z,5.5,1.0,13,5,60.0,31.5
BIN_1001,2026-07-18T13:30:00Z,7.2,3.4000000000000004,13,5,90.0,31.0
BIN_1001,2026-07-18T14:00:00Z,10.0,5.6,14,5,120.0,30.5
BIN_1001,2026-07-18T14:30:00Z,10.8,1.6000000000000014,14,5,150.0,30.0
BIN_1001,2026-07-18T15:00:00Z,13.1,4.599999999999998,15,5,180.0,29.5
BIN_1001,2026-07-18T15:30:00Z,13.2,0.1999999999999993,15,5,210.0,29.0
BIN_1001,2026-07-18T16:00:00Z,14.8,3.200000000000003,16,5,240.0,28.5
BIN_1001,2026-07-18T16:30:00Z,15.9,2.1999999999999993,16,5,270.0,28.0
BIN_1001,2026-07-18T17:00:00Z,17.5,3.1999999999999993,17,5,300.0,27.5
BIN_1001,2026-07-18T17:30:00Z,18.9,2.799999999999997,17,5,330.0,27.0
BIN_1001,2026-07-18T18:00:00Z,20.1,2.4000000000000057,18,5,360.0,26.5
BIN_1001,2026-07-18T18:30:00Z,21.7,3.1999999999999957,18,5,390.0,26.0
BIN_1001,2026-07-18T19:00:00Z,22.9,2.3999999999999986,19,5,420.0,25.5
BIN_1001,2026-07-18T19:30:00Z,24.4,3.0,19,5,450.0,25.0
BIN_1001,2026-07-18T20:00:00Z,27.2,5.600000000000001,20,5,480.0,24.5
BIN_1001,2026-07-18T20:30:00Z,28.5,2.6000000000000014,20,5,510.0,24.0
BIN_1001,2026-07-18T21:00:00Z,31.1,5.200000000000003,21,5,540.0,23.5
BIN_1001,2026-07-18T21:30:00Z,32.3,2.3999999999999915,21,5,570.0,23.0
BIN_1001,2026-07-18T22:00:00Z,33.4,2.200000000000003,22,5,600.0,22.5
BIN_1001,2026-07-18T22:30:00Z,35.0,3.200000000000003,22,5,630.0,22.0
BIN_1001,2026-07-18T23:00:00Z,35.6,1.2000000000000028,23,5,660.0,21.5
BIN_1001,2026-07-18T23:30:00Z,36.7,2.200000000000003,23,5,690.0,21.0
BIN_1001,2026-07-19T00:00:00Z,38.5,3.5999999999999943,0,6,720.0,20.5
BIN_1001,2026-07-19T00:30:00Z,40.1,3.200000000000003,0,6,750.0,20.0
BIN_1001,2026-07-19T01:00:00Z,41.5,2.799999999999997,1,6,780.0,19.5
BIN_1001,2026-07-19T01:30:00Z,42.3,1.5999999999999943,1,6,810.0,19.0
BIN_1001,2026-07-19T02:00:00Z,42.9,1.2000000000000028,2,6,840.0,18.5
BIN_1001,2026-07-19T02:30:00Z,44.3,2.799999999999997,2,6,870.0,18.0
BIN_1001,2026-07-19T03:00:00Z,46.2,3.8000000000000114,3,6,900.0,17.5
BIN_1001,2026-07-19T03:30:00Z,47.1,1.7999999999999972,3,6,930.0,17.0
BIN_1001,2026-07-19T04:00:00Z,47.9,1.5999999999999943,4,6,960.0,16.5
BIN_1001,2026-07-19T04:30:00Z,49.0,2.200000000000003,4,6,990.0,16.0
BIN_1001,2026-07-19T05:00:00Z,50.1,2.200000000000003,5,6,1020.0,15.5
BIN_1001,2026-07-19T05:30:00Z,51.2,2.200000000000003,5,6,1050.0,15.0
BIN_1001,2026-07-19T06:00:00Z,52.4,2.3999999999999915,6,6,1080.0,14.5
BIN_1001,2026-07-19T06:30:00Z,52.9,1.0,6,6,1110.0,14.0
BIN_1001,2026-07-19T07:00:00Z,53.8,1.7999999999999972,7,6,1140.0,13.5
BIN_1001,2026-07-19T07:30:00Z,55.5,3.4000000000000057,7,6,1170.0,13.0
BIN_1001,2026-07-19T08:00:00Z,56.4,1.7999999999999972,8,6,1200.0,12.5
BIN_1001,2026-07-19T08:30:00Z,56.7,0.6000000000000085,8,6,1230.0,12.0
BIN_1001,2026-07-19T09:00:00Z,57.7,2.0,9,6,1260.0,11.5
BIN_1001,2026-07-19T09:30:00Z,58.8,2.1999999999999886,9,6,1290.0,11.0
BIN_1001,2026-07-19T10:00:00Z,60.9,4.200000000000003,10,6,1320.0,10.5
BIN_1001,2026-07-19T10:30:00Z,62.4,3.0,10,6,1350.0,10.0
BIN_1001,2026-07-19T11:00:00Z,63.9,3.0,11,6,1380.0,9.5
BIN_1001,2026-07-19T11:30:00Z,64.0,0.20000000000000284,11,6,1410.0,9.0
BIN_1001,2026-07-19T12:00:00Z,65.9,3.8000000000000114,12,6,1440.0,8.5
BIN_1001,2026-07-19T12:30:00Z,67.4,3.0,12,6,1470.0,8.0
BIN_1001,2026-07-19T13:00:00Z,70.1,5.399999999999977,13,6,1500.0,7.5
BIN_1001,2026-07-19T13:30:00Z,71.3,2.4000000000000057,13,6,1530.0,7.0
BIN_1001,2026-07-19T14:00:00Z,72.8,3.0,14,6,1560.0,6.5
BIN_1001,2026-07-19T14:30:00Z,74.0,2.4000000000000057,14,6,1590.0,6.0
BIN_1001,2026-07-19T15:00:00Z,76.2,4.400000000000006,15,6,1620.0,5.5
BIN_1001,2026-07-19T15:30:00Z,76.6,0.799999999999983,15,6,1650.0,5.0
BIN_1001,2026-07-19T16:00:00Z,77.0,0.8000000000000114,16,6,1680.0,4.5
BIN_1001,2026-07-19T16:30:00Z,78.5,3.0,16,6,1710.0,4.0
BIN_1001,2026-07-19T17:00:00Z,80.9,4.800000000000011,17,6,1740.0,3.5
BIN_1001,2026-07-19T17:30:00Z,82.9,4.0,17,6,1770.0,3.0
BIN_1001,2026-07-19T18:00:00Z,84.3,2.799999999999983,18,6,1800.0,2.5
BIN_1001,2026-07-19T18:30:00Z,85.3,2.0,18,6,1830.0,2.0
BIN_1001,2026-07-19T19:00:00Z,86.2,1.8000000000000114,19,6,1860.0,1.5
BIN_1001,2026-07-19T19:30:00Z,88.1,3.799999999999983,19,6,1890.0,1.0
BIN_1001,2026-07-19T20:00:00Z,89.0,1.8000000000000114,20,6,1920.0,0.5
BIN_1001,2026-07-19T20:30:00Z,90.8,3.5999999999999943,20,6,1950.0,0.0
BIN_1001,2026-07-19T21:00:00Z,92.3,3.0,21,6,1980.0,0.0
BIN_1001,2026-07-19T21:30:00Z,93.7,2.8000000000000114,21,6,2010.0,0.0
BIN_1001,2026-07-19T22:00:00Z,94.0,0.5999999999999943,22,6,2040.0,0.0
BIN_1001,2026-07-19T22:30:00Z,95.3,2.5999999999999943,22,6,2070.0,0.0
BIN_1001,2026-07-19T23:00:00Z,96.4,2.200000000000017,23,6,2100.0,0.0
BIN_1001,2026-07-19T23:30:00Z,98.9,5.0,23,6,2130.0,0.0
BIN_1001,2026-07-20T00:00:00Z,99.8,1.799999999999983,0,0,2160.0,0.0
BIN_1001,2026-07-20T00:30:00Z,100.0,0.4000000000000057,0,0,2190.0,0.0
BIN_1001,2026-07-20T01:00:00Z,100.0,0.0,1,0,2220.0,0.0
BIN_1001,2026-07-20T01:30:00Z,100.0,0.0,1,0,2250.0,0.0
BIN_1001,2026-07-20T02:00:00Z,100.0,0.0,2,0,2280.0,0.0
BIN_1001,2026-07-20T02:30:00Z,100.0,0.0,2,0,2310.0,0.0
BIN_1001,2026-07-20T03:00:00Z,100.0,0.0,3,0,2340.0,0.0
BIN_1001,2026-07-20T03:30:00Z,100.0,0.0,3,0,2370.0,0.0
BIN_1001,2026-07-20T04:00:00Z,100.0,0.0,4,0,2400.0,0.0
BIN_1001,2026-07-20T04:30:00Z,100.0,0.0,4,0,2430.0,0.0
BIN_1001,2026-07-20T05:00:00Z,100.0,0.0,5,0,2460.0,0.0
BIN_1001,2026-07-20T05:30:00Z,100.0,0.0,5,0,2490.0,0.0
BIN_1001,2026-07-20T06:00:00Z,100.0,0.0,6,0,2520.0,0.0
BIN_1001,2026-07-20T06:30:00Z,100.0,0.0,6,0,2550.0,0.0
BIN_1001,2026-07-20T07:00:00Z,100.0,0.0,7,0,2580.0,0.0
BIN_1001,2026-07-20T07:30:00Z,100.0,0.0,7,0,2610.0,0.0
BIN_1001,2026-07-20T08:00:00Z,100.0,0.0,8,0,2640.0,0.0
BIN_1001,2026-07-20T08:30:00Z,100.0,0.0,8,0,2670.0,0.0
BIN_1001,2026-07-20T09:00:00Z,100.0,0.0,9,0,2700.0,0.0
BIN_1001,2026-07-20T09:30:00Z,100.0,0.0,9,0,2730.0,0.0
BIN_1001,2026-07-20T10:00:00Z,100.0,0.0,10,0,2760.0,0.0
BIN_1001,2026-07-20T10:30:00Z,100.0,0.0,10,0,2790.0,0.0
BIN_1001,2026-07-20T11:00:00Z,100.0,0.0,11,0,2820.0,0.0
BIN_1001,2026-07-20T11:30:00Z,100.0,0.0,11,0,2850.0,0.0
BIN_1001,2026-07-20T12:00:00Z,100.0,0.0,12,0,2880.0,0.0
BIN_1001,2026-07-20T12:30:00Z,100.0,0.0,12,0,2910.0,0.0
BIN_1001,2026-07-20T13:00:00Z,100.0,0.0,13,0,2940.0,0.0
BIN_1001,2026-07-20T13:30:00Z,100.0,0.0,13,0,2970.0,0.0
BIN_1001,2026-07-20T14:00:00Z,100.0,0.0,14,0,3000.0,0.0
BIN_1001,2026-07-20T14:30:00Z,100.0,0.0,14,0,3030.0,0.0
BIN_1001,2026-07-20T15:00:00Z,100.0,0.0,15,0,3060.0,0.0
BIN_1001,2026-07-20T15:30:00Z,100.0,0.0,15,0,3090.0,0.0
BIN_1001,2026-07-20T16:00:00Z,100.0,0.0,16,0,3120.0,0.0
BIN_1001,2026-07-20T16:30:00Z,100.0,0.0,16,0,3150.0,0.0
BIN_1001,2026-07-20T17:00:00Z,100.0,0.0,17,0,3180.0,0.0
BIN_1001,2026-07-20T17:30:00Z,100.0,0.0,17,0,3210.0,0.0
BIN_1001,2026-07-20T18:00:00Z,100.0,0.0,18,0,3240.0,0.0
BIN_1001,2026-07-20T18:30:00Z,100.0,0.0,18,0,3270.0,0.0
BIN_1001,2026-07-20T19:00:00Z,100.0,0.0,19,0,3300.0,0.0
BIN_1001,2026-07-20T19:30:00Z,100.0,0.0,19,0,3330.0,0.0
BIN_1001,2026-07-20T20:00:00Z,100.0,0.0,20,0,3360.0,0.0
BIN_1001,2026-07-20T20:30:00Z,100.0,0.0,20,0,3390.0,0.0
BIN_1001,2026-07-20T21:00:00Z,100.0,0.0,21,0,3420.0,0.0
BIN_1001,2026-07-20T21:30:00Z,100.0,0.0,21,0,3450.0,0.0
BIN_1001,2026-07-20T22:00:00Z,100.0,0.0,22,0,3480.0,0.0
BIN_1001,2026-07-20T22:30:00Z,100.0,0.0,22,0,3510.0,0.0
BIN_1001,2026-07-20T23:00:00Z,100.0,0.0,23,0,3540.0,0.0
BIN_1001,2026-07-20T23:30:00Z,100.0,0.0,23,0,3570.0,0.0
BIN_1003,2026-07-14T00:00:00Z,9.4,0.0,0,1,0.0,45.0
BIN_1003,2026-07-14T00:30:00Z,10.0,1.1999999999999993,0,1,30.0,44.5
BIN_1003,2026-07-14T01:00:00Z,11.6,3.1999999999999993,1,1,60.0,44.0
BIN_1003,2026-07-14T01:30:00Z,11.8,0.40000000000000213,1,1,90.0,43.5
BIN_1003,2026-07-14T02:00:00Z,11.8,0.0,2,1,120.0,43.0
BIN_1003,2026-07-14T02:30:00Z,12.5,1.3999999999999986,2,1,150.0,42.5
BIN_1003,2026-07-14T03:00:00Z,13.1,1.1999999999999993,3,1,180.0,42.0
BIN_1003,2026-07-14T03:30:00Z,13.8,1.4000000000000021,3,1,210.0,41.5
BIN_1003,2026-07-14T04:00:00Z,14.4,1.1999999999999993,4,1,240.0,41.0
BIN_1003,2026-07-14T04:30:00Z,15.9,3.0,4,1,270.0,40.5
BIN_1003,2026-07-14T05:00:00Z,16.4,0.9999999999999964,5,1,300.0,40.0
BIN_1003,2026-07-14T05:30:00Z,16.8,0.8000000000000043,5,1,330.0,39.5
BIN_1003,2026-07-14T06:00:00Z,16.5,-0.6000000000000014,6,1,360.0,39.0
BIN_1003,2026-07-14T06:30:00Z,17.8,2.6000000000000014,6,1,390.0,38.5
BIN_1003,2026-07-14T07:00:00Z,18.1,0.6000000000000014,7,1,420.0,38.0
BIN_1003,2026-07-14T07:30:00Z,19.0,1.7999999999999972,7,1,450.0,37.5
BIN_1003,2026-07-14T08:00:00Z,19.1,0.20000000000000284,8,1,480.0,37.0
BIN_1003,2026-07-14T08:30:00Z,20.7,3.1999999999999957,8,1,510.0,36.5
BIN_1003,2026-07-14T09:00:00Z,21.4,1.3999999999999986,9,1,540.0,36.0
BIN_1003,2026-07-14T09:30:00Z,22.7,2.6000000000000014,9,1,570.0,35.5
BIN_1003,2026-07-14T10:00:00Z,23.1,0.8000000000000043,10,1,600.0,35.0
BIN_1003,2026-07-14T10:30:00Z,24.7,3.1999999999999957,10,1,630.0,34.5
BIN_1003,2026-07-14T11:00:00Z,25.5,1.6000000000000014,11,1,660.0,34.0
BIN_1003,2026-07-14T11:30:00Z,26.4,1.7999999999999972,11,1,690.0,33.5
BIN_1003,2026-07-14T12:00:00Z,26.5,0.20000000000000284,12,1,720.0,33.0
BIN_1003,2026-07-14T12:30:00Z,26.7,0.3999999999999986,12,1,750.0,32.5
BIN_1003,2026-07-14T13:00:00Z,27.8,2.200000000000003,13,1,780.0,32.0
BIN_1003,2026-07-14T13:30:00Z,27.8,0.0,13,1,810.0,31.5
BIN_1003,2026-07-14T14:00:00Z,29.5,3.3999999999999986,14,1,840.0,31.0
BIN_1003,2026-07-14T14:30:00Z,28.9,-1.2000000000000028,14,1,870.0,30.5
BIN_1003,2026-07-14T15:00:00Z,30.2,2.6000000000000014,15,1,900.0,30.0
BIN_1003,2026-07-14T15:30:00Z,30.7,1.0,15,1,930.0,29.5
BIN_1003,2026-07-14T16:00:00Z,31.9,2.3999999999999986,16,1,960.0,29.0
BIN_1003,2026-07-14T16:30:00Z,33.5,3.200000000000003,16,1,990.0,28.5
BIN_1003,2026-07-14T17:00:00Z,32.8,-1.4000000000000057,17,1,1020.0,28.0
BIN_1003,2026-07-14T17:30:00Z,35.4,5.200000000000003,17,1,1050.0,27.5
BIN_1003,2026-07-14T18:00:00Z,35.8,0.7999999999999972,18,1,1080.0,27.0
BIN_1003,2026-07-14T18:30:00Z,36.9,2.200000000000003,18,1,1110.0,26.5
BIN_1003,2026-07-14T19:00:00Z,38.1,2.4000000000000057,19,1,1140.0,26.0
BIN_1003,2026-07-14T19:30:00Z,39.8,3.3999999999999915,19,1,1170.0,25.5
BIN_1003,2026-07-14T20:00:00Z,41.0,2.4000000000000057,20,1,1200.0,25.0
BIN_1003,2026-07-14T20:30:00Z,41.5,1.0,20,1,1230.0,24.5
BIN_1003,2026-07-14T21:00:00Z,42.4,1.7999999999999972,21,1,1260.0,24.0
BIN_1003,2026-07-14T21:30:00Z,43.0,1.2000000000000028,21,1,1290.0,23.5
BIN_1003,2026-07-14T22:00:00Z,43.8,1.5999999999999943,22,1,1320.0,23.0
BIN_1003,2026-07-14T22:30:00Z,43.7,-0.19999999999998863,22,1,1350.0,22.5
BIN_1003,2026-07-14T23:00:00Z,43.9,0.3999999999999915,23,1,1380.0,22.0
BIN_1003,2026-07-14T23:30:00Z,44.6,1.4000000000000057,23,1,1410.0,21.5
BIN_1003,2026-07-15T00:00:00Z,46.3,3.3999999999999915,0,2,1440.0,21.0
BIN_1003,2026-07-15T00:30:00Z,47.7,2.8000000000000114,0,2,1470.0,20.5
BIN_1003,2026-07-15T01:00:00Z,48.9,2.3999999999999915,1,2,1500.0,20.0
BIN_1003,2026-07-15T01:30:00Z,50.2,2.6000000000000085,1,2,1530.0,19.5
BIN_1003,2026-07-15T02:00:00Z,51.6,2.799999999999997,2,2,1560.0,19.0
BIN_1003,2026-07-15T02:30:00Z,52.9,2.5999999999999943,2,2,1590.0,18.5
BIN_1003,2026-07-15T03:00:00Z,53.4,1.0,3,2,1620.0,18.0
BIN_1003,2026-07-15T03:30:00Z,54.6,2.4000000000000057,3,2,1650.0,17.5
BIN_1003,2026-07-15T04:00:00Z,55.9,2.5999999999999943,4,2,1680.0,17.0
BIN_1003,2026-07-15T04:30:00Z,57.1,2.4000000000000057,4,2,1710.0,16.5
BIN_1003,2026-07-15T05:00:00Z,58.0,1.7999999999999972,5,2,1740.0,16.0
BIN_1003,2026-07-15T05:30:00Z,58.5,1.0,5,2,1770.0,15.5
BIN_1003,2026-07-15T06:00:00Z,59.0,1.0,6,2,1800.0,15.0
BIN_1003,2026-07-15T06:30:00Z,60.0,2.0,6,2,1830.0,14.5
BIN_1003,2026-07-15T07:00:00Z,61.2,2.4000000000000057,7,2,1860.0,14.0
BIN_1003,2026-07-15T07:30:00Z,62.5,2.5999999999999943,7,2,1890.0,13.5
BIN_1003,2026-07-15T08:00:00Z,64.0,3.0,8,2,1920.0,13.0
BIN_1003,2026-07-15T08:30:00Z,65.1,2.1999999999999886,8,2,1950.0,12.5
BIN_1003,2026-07-15T09:00:00Z,65.7,1.200000000000017,9,2,1980.0,12.0
BIN_1003,2026-07-15T09:30:00Z,66.9,2.4000000000000057,9,2,2010.0,11.5
BIN_1003,2026-07-15T10:00:00Z,68.6,3.3999999999999773,10,2,2040.0,11.0
BIN_1003,2026-07-15T10:30:00Z,69.1,1.0,10,2,2070.0,10.5
BIN_1003,2026-07-15T11:00:00Z,69.6,1.0,11,2,2100.0,10.0
BIN_1003,2026-07-15T11:30:00Z,70.8,2.4000000000000057,11,2,2130.0,9.5
BIN_1003,2026-07-15T12:00:00Z,71.0,0.4000000000000057,12,2,2160.0,9.0
BIN_1003,2026-07-15T12:30:00Z,71.8,1.5999999999999943,12,2,2190.0,8.5
BIN_1003,2026-07-15T13:00:00Z,72.6,1.5999999999999943,13,2,2220.0,8.0
BIN_1003,2026-07-15T13:30:00Z,74.0,2.8000000000000114,13,2,2250.0,7.5
BIN_1003,2026-07-15T14:00:00Z,75.0,2.0,14,2,2280.0,7.0
BIN_1003,2026-07-15T14:30:00Z,75.9,1.8000000000000114,14,2,2310.0,6.5
BIN_1003,2026-07-15T15:00:00Z,75.8,-0.20000000000001705,15,2,2340.0,6.0
BIN_1003,2026-07-15T15:30:00Z,77.2,2.8000000000000114,15,2,2370.0,5.5
BIN_1003,2026-07-15T16:00:00Z,78.9,3.4000000000000057,16,2,2400.0,5.0
BIN_1003,2026-07-15T16:30:00Z,80.0,2.1999999999999886,16,2,2430.0,4.5
BIN_1003,2026-07-15T17:00:00Z,82.1,4.199999999999989,17,2,2460.0,4.0
BIN_1003,2026-07-15T17:30:00Z,83.4,2.6000000000000227,17,2,2490.0,3.5
BIN_1003,2026-07-15T18:00:00Z,84.2,1.5999999999999943,18,2,2520.0,3.0
BIN_1003,2026-07-15T18:30:00Z,85.6,2.799999999999983,18,2,2550.0,2.5
BIN_1003,2026-07-15T19:00:00Z,86.6,2.0,19,2,2580.0,2.0
BIN_1003,2026-07-15T19:30:00Z,86.9,0.6000000000000227,19,2,2610.0,1.5
BIN_1003,2026-07-15T20:00:00Z,87.9,2.0,20,2,2640.0,1.0
BIN_1003,2026-07-15T20:30:00Z,89.6,3.3999999999999773,20,2,2670.0,0.5
BIN_1003,2026-07-15T21:00:00Z,90.8,2.4000000000000057,21,2,2700.0,0.0
BIN_1003,2026-07-15T21:30:00Z,92.1,2.5999999999999943,21,2,2730.0,0.0
BIN_1003,2026-07-15T22:00:00Z,93.7,3.200000000000017,22,2,2760.0,0.0
BIN_1003,2026-07-15T22:30:00Z,95.6,3.799999999999983,22,2,2790.0,0.0
BIN_1003,2026-07-15T23:00:00Z,96.1,1.0,23,2,2820.0,0.0
BIN_1003,2026-07-15T23:30:00Z,97.2,2.200000000000017,23,2,2850.0,0.0
BIN_1003,2026-07-16T00:00:00Z,98.3,2.1999999999999886,0,3,2880.0,0.0
BIN_1003,2026-07-16T00:30:00Z,99.0,1.4000000000000057,0,3,2910.0,0.0
BIN_1003,2026-07-16T01:00:00Z,99.5,1.0,1,3,2940.0,0.0
BIN_1003,2026-07-16T01:30:00Z,99.8,0.5999999999999943,1,3,2970.0,0.0
BIN_1003,2026-07-16T02:00:00Z,100.0,0.4000000000000057,2,3,3000.0,0.0
BIN_1003,2026-07-16T02:30:00Z,100.0,0.0,2,3,3030.0,0.0
BIN_1003,2026-07-16T03:00:00Z,100.0,0.0,3,3,3060.0,0.0
BIN_1003,2026-07-16T03:30:00Z,100.0,0.0,3,3,3090.0,0.0
BIN_1003,2026-07-16T04:00:00Z,100.0,0.0,4,3,3120.0,0.0
BIN_1003,2026-07-16T04:30:00Z,100.0,0.0,4,3,3150.0,0.0
BIN_1003,2026-07-16T05:00:00Z,100.0,0.0,5,3,3180.0,0.0
BIN_1003,2026-07-16T05:30:00Z,100.0,0.0,5,3,3210.0,0.0
BIN_1003,2026-07-16T06:00:00Z,100.0,0.0,6,3,3240.0,0.0
BIN_1003,2026-07-16T06:30:00Z,100.0,0.0,6,3,3270.0,0.0
BIN_1003,2026-07-16T07:00:00Z,100.0,0.0,7,3,3300.0,0.0
BIN_1003,2026-07-16T07:30:00Z,100.0,0.0,7,3,3330.0,0.0
BIN_1003,2026-07-16T08:00:00Z,100.0,0.0,8,3,3360.0,0.0
BIN_1003,2026-07-16T08:30:00Z,100.0,0.0,8,3,3390.0,0.0
BIN_1003,2026-07-16T09:00:00Z,100.0,0.0,9,3,3420.0,0.0
BIN_1003,2026-07-16T09:30:00Z,100.0,0.0,9,3,3450.0,0.0
BIN_1003,2026-07-16T10:00:00Z,100.0,0.0,10,3,3480.0,0.0
BIN_1003,2026-07-16T10:30:00Z,100.0,0.0,10,3,3510.0,0.0
BIN_1003,2026-07-16T11:00:00Z,100.0,0.0,11,3,3540.0,0.0
BIN_1003,2026-07-16T11:30:00Z,100.0,0.0,11,3,3570.0,0.0
BIN_1003,2026-07-16T12:00:00Z,100.0,0.0,12,3,3600.0,0.0
BIN_1003,2026-07-16T12:30:00Z,100.0,0.0,12,3,3630.0,0.0
BIN_1003,2026-07-16T13:00:00Z,100.0,0.0,13,3,3660.0,0.0
BIN_1003,2026-07-16T13:30:00Z,100.0,0.0,13,3,3690.0,0.0
BIN_1003,2026-07-16T14:00:00Z,100.0,0.0,14,3,3720.0,0.0
BIN_1003,2026-07-16T14:30:00Z,100.0,0.0,14,3,3750.0,0.0
BIN_1003,2026-07-16T15:00:00Z,100.0,0.0,15,3,3780.0,0.0
BIN_1003,2026-07-16T15:30:00Z,100.0,0.0,15,3,3810.0,0.0
BIN_1003,2026-07-16T16:00:00Z,99.7,-0.5999999999999943,16,3,3840.0,0.0
BIN_1003,2026-07-16T16:30:00Z,100.0,0.5999999999999943,16,3,3870.0,0.0
BIN_1003,2026-07-16T17:00:00Z,100.0,0.0,17,3,3900.0,0.0
BIN_1003,2026-07-16T17:30:00Z,100.0,0.0,17,3,3930.0,0.0
BIN_1003,2026-07-16T18:00:00Z,100.0,0.0,18,3,3960.0,0.0
BIN_1003,2026-07-16T18:30:00Z,100.0,0.0,18,3,3990.0,0.0
BIN_1003,2026-07-16T19:00:00Z,100.0,0.0,19,3,4020.0,0.0
BIN_1003,2026-07-16T19:30:00Z,100.0,0.0,19,3,4050.0,0.0
BIN_1003,2026-07-16T20:00:00Z,100.0,0.0,20,3,4080.0,0.0
BIN_1003,2026-07-16T20:30:00Z,100.0,0.0,20,3,4110.0,0.0
BIN_1003,2026-07-16T21:00:00Z,100.0,0.0,21,3,4140.0,0.0
BIN_1003,2026-07-16T21:30:00Z,100.0,0.0,21,3,4170.0,0.0
BIN_1003,2026-07-16T22:00:00Z,100.0,0.0,22,3,4200.0,0.0
BIN_1003,2026-07-16T22:30:00Z,100.0,0.0,22,3,4230.0,0.0
BIN_1003,2026-07-16T23:00:00Z,100.0,0.0,23,3,4260.0,0.0
BIN_1003,2026-07-16T23:30:00Z,100.0,0.0,23,3,4290.0,0.0
BIN_1003,2026-07-17T00:00:00Z,100.0,0.0,0,4,4320.0,0.0
BIN_1003,2026-07-17T00:30:00Z,100.0,0.0,0,4,4350.0,0.0
BIN_1003,2026-07-17T01:00:00Z,100.0,0.0,1,4,4380.0,0.0
BIN_1003,2026-07-17T01:30:00Z,100.0,0.0,1,4,4410.0,0.0
BIN_1003,2026-07-17T02:00:00Z,100.0,0.0,2,4,4440.0,0.0
BIN_1003,2026-07-17T02:30:00Z,99.7,-0.5999999999999943,2,4,4470.0,0.0
BIN_1003,2026-07-17T03:00:00Z,99.8,0.19999999999998863,3,4,4500.0,0.0
BIN_1003,2026-07-17T03:30:00Z,100.0,0.4000000000000057,3,4,4530.0,0.0
BIN_1003,2026-07-17T04:00:00Z,100.0,0.0,4,4,4560.0,0.0
BIN_1003,2026-07-17T04:30:00Z,100.0,0.0,4,4,4590.0,0.0
BIN_1003,2026-07-17T05:00:00Z,100.0,0.0,5,4,4620.0,0.0
BIN_1003,2026-07-17T05:30:00Z,100.0,0.0,5,4,4650.0,0.0
BIN_1003,2026-07-17T06:00:00Z,100.0,0.0,6,4,4680.0,0.0
BIN_1003,2026-07-17T06:30:00Z,100.0,0.0,6,4,4710.0,0.0
BIN_1003,2026-07-17T07:00:00Z,100.0,0.0,7,4,4740.0,0.0
BIN_1003,2026-07-17T07:30:00Z,100.0,0.0,7,4,4770.0,0.0
BIN_1003,2026-07-17T08:00:00Z,100.0,0.0,8,4,4800.0,0.0
BIN_1003,2026-07-17T08:30:00Z,100.0,0.0,8,4,4830.0,0.0
BIN_1003,2026-07-17T09:00:00Z,100.0,0.0,9,4,4860.0,0.0
BIN_1003,2026-07-17T09:30:00Z,100.0,0.0,9,4,4890.0,0.0
BIN_1003,2026-07-17T10:00:00Z,100.0,0.0,10,4,4920.0,0.0
BIN_1003,2026-07-17T10:30:00Z,100.0,0.0,10,4,4950.0,0.0
BIN_1003,2026-07-17T11:00:00Z,100.0,0.0,11,4,4980.0,0.0
BIN_1003,2026-07-17T11:30:00Z,100.0,0.0,11,4,5010.0,0.0
BIN_1003,2026-07-17T12:00:00Z,100.0,0.0,12,4,5040.0,0.0
BIN_1003,2026-07-17T12:30:00Z,100.0,0.0,12,4,5070.0,0.0
BIN_1003,2026-07-17T13:00:00Z,100.0,0.0,13,4,5100.0,0.0
BIN_1003,2026-07-17T13:30:00Z,100.0,0.0,13,4,5130.0,0.0
BIN_1003,2026-07-17T14:00:00Z,100.0,0.0,14,4,5160.0,0.0
BIN_1003,2026-07-17T14:30:00Z,100.0,0.0,14,4,5190.0,0.0
BIN_1003,2026-07-17T15:00:00Z,100.0,0.0,15,4,5220.0,0.0
BIN_1003,2026-07-17T15:30:00Z,100.0,0.0,15,4,5250.0,0.0
BIN_1003,2026-07-17T16:00:00Z,100.0,0.0,16,4,5280.0,0.0
BIN_1003,2026-07-17T16:30:00Z,100.0,0.0,16,4,5310.0,0.0
BIN_1003,2026-07-17T17:00:00Z,100.0,0.0,17,4,5340.0,0.0
BIN_1003,2026-07-17T17:30:00Z,100.0,0.0,17,4,5370.0,0.0
BIN_1003,2026-07-17T18:00:00Z,100.0,0.0,18,4,5400.0,0.0
BIN_1003,2026-07-17T18:30:00Z,100.0,0.0,18,4,5430.0,0.0
BIN_1003,2026-07-17T19:00:00Z,100.0,0.0,19,4,5460.0,0.0
BIN_1003,2026-07-17T19:30:00Z,100.0,0.0,19,4,5490.0,0.0
BIN_1003,2026-07-17T20:00:00Z,100.0,0.0,20,4,5520.0,0.0
BIN_1003,2026-07-17T20:30:00Z,100.0,0.0,20,4,5550.0,0.0
BIN_1003,2026-07-17T21:00:00Z,100.0,0.0,21,4,5580.0,0.0
BIN_1003,2026-07-17T21:30:00Z,99.8,-0.4000000000000057,21,4,5610.0,0.0
BIN_1003,2026-07-17T22:00:00Z,100.0,0.4000000000000057,22,4,5640.0,0.0
BIN_1003,2026-07-17T22:30:00Z,100.0,0.0,22,4,5670.0,0.0
BIN_1003,2026-07-17T23:00:00Z,99.9,-0.19999999999998863,23,4,5700.0,0.0
BIN_1003,2026-07-17T23:30:00Z,100.0,0.19999999999998863,23,4,5730.0,0.0
BIN_1003,2026-07-18T00:00:00Z,100.0,0.0,0,5,5760.0,0.0
BIN_1003,2026-07-18T00:30:00Z,100.0,0.0,0,5,5790.0,0.0
BIN_1003,2026-07-18T01:00:00Z,100.0,0.0,1,5,5820.0,0.0
BIN_1003,2026-07-18T01:30:00Z,100.0,0.0,1,5,5850.0,0.0
BIN_1003,2026-07-18T02:00:00Z,100.0,0.0,2,5,5880.0,0.0
BIN_1003,2026-07-18T02:30:00Z,100.0,0.0,2,5,5910.0,0.0
BIN_1003,2026-07-18T03:00:00Z,100.0,0.0,3,5,5940.0,0.0
BIN_1003,2026-07-18T03:30:00Z,100.0,0.0,3,5,5970.0,0.0
BIN_1003,2026-07-18T04:00:00Z,100.0,0.0,4,5,6000.0,0.0
BIN_1003,2026-07-18T04:30:00Z,100.0,0.0,4,5,6030.0,0.0
BIN_1003,2026-07-18T05:00:00Z,100.0,0.0,5,5,6060.0,0.0
BIN_1003,2026-07-18T05:30:00Z,100.0,0.0,5,5,6090.0,0.0
BIN_1003,2026-07-18T06:00:00Z,100.0,0.0,6,5,6120.0,0.0
BIN_1003,2026-07-18T06:30:00Z,100.0,0.0,6,5,6150.0,0.0
BIN_1003,2026-07-18T07:00:00Z,100.0,0.0,7,5,6180.0,0.0
BIN_1003,2026-07-18T07:30:00Z,100.0,0.0,7,5,6210.0,0.0
BIN_1003,2026-07-18T08:00:00Z,100.0,0.0,8,5,6240.0,0.0
BIN_1003,2026-07-18T08:30:00Z,100.0,0.0,8,5,6270.0,0.0
BIN_1003,2026-07-18T09:00:00Z,100.0,0.0,9,5,6300.0,0.0
BIN_1003,2026-07-18T09:30:00Z,100.0,0.0,9,5,6330.0,0.0
BIN_1003,2026-07-18T10:00:00Z,100.0,0.0,10,5,6360.0,0.0
BIN_1003,2026-07-18T10:30:00Z,100.0,0.0,10,5,6390.0,0.0
BIN_1003,2026-07-18T11:00:00Z,100.0,0.0,11,5,6420.0,0.0
BIN_1003,2026-07-18T11:30:00Z,100.0,0.0,11,5,6450.0,0.0
BIN_1003,2026-07-18T12:00:00Z,100.0,0.0,12,5,6480.0,0.0
BIN_1003,2026-07-18T12:30:00Z,100.0,0.0,12,5,6510.0,0.0
BIN_1003,2026-07-18T13:00:00Z,100.0,0.0,13,5,6540.0,0.0
BIN_1003,2026-07-18T13:30:00Z,100.0,0.0,13,5,6570.0,0.0
BIN_1003,2026-07-18T14:00:00Z,100.0,0.0,14,5,6600.0,0.0
BIN_1003,2026-07-18T14:30:00Z,100.0,0.0,14,5,6630.0,0.0
BIN_1003,2026-07-18T15:00:00Z,100.0,0.0,15,5,6660.0,0.0
BIN_1003,2026-07-18T15:30:00Z,100.0,0.0,15,5,6690.0,0.0
BIN_1003,2026-07-18T16:00:00Z,100.0,0.0,16,5,6720.0,0.0
BIN_1003,2026-07-18T16:30:00Z,100.0,0.0,16,5,6750.0,0.0
BIN_1003,2026-07-18T17:00:00Z,100.0,0.0,17,5,6780.0,0.0
BIN_1003,2026-07-18T17:30:00Z,100.0,0.0,17,5,6810.0,0.0
BIN_1003,2026-07-18T18:00:00Z,100.0,0.0,18,5,6840.0,0.0
BIN_1003,2026-07-18T18:30:00Z,100.0,0.0,18,5,6870.0,0.0
BIN_1003,2026-07-18T19:00:00Z,100.0,0.0,19,5,6900.0,0.0
BIN_1003,2026-07-18T19:30:00Z,100.0,0.0,19,5,6930.0,0.0
BIN_1003,2026-07-18T20:00:00Z,100.0,0.0,20,5,6960.0,0.0
BIN_1003,2026-07-18T20:30:00Z,100.0,0.0,20,5,6990.0,0.0
BIN_1004,2026-07-14T00:00:00Z,10.7,0.0,0,1,0.0,63.5
BIN_1004,2026-07-14T00:30:00Z,11.1,0.8000000000000007,0,1,30.0,63.0
BIN_1004,2026-07-14T01:00:00Z,12.8,3.400000000000002,1,1,60.0,62.5
BIN_1004,2026-07-14T01:30:00Z,12.8,0.0,1,1,90.0,62.0
BIN_1004,2026-07-14T02:00:00Z,14.1,2.599999999999998,2,1,120.0,61.5
BIN_1004,2026-07-14T02:30:00Z,14.7,1.1999999999999993,2,1,150.0,61.0
BIN_1004,2026-07-14T03:00:00Z,15.5,1.6000000000000014,3,1,180.0,60.5
BIN_1004,2026-07-14T03:30:00Z,16.8,2.6000000000000014,3,1,210.0,60.0
BIN_1004,2026-07-14T04:00:00Z,18.2,2.799999999999997,4,1,240.0,59.5
BIN_1004,2026-07-14T04:30:00Z,18.9,1.3999999999999986,4,1,270.0,59.0
BIN_1004,2026-07-14T05:00:00Z,19.2,0.6000000000000014,5,1,300.0,58.5
BIN_1004,2026-07-14T05:30:00Z,19.4,0.3999999999999986,5,1,330.0,58.0
BIN_1004,2026-07-14T06:00:00Z,19.8,0.8000000000000043,6,1,360.0,57.5
BIN_1004,2026-07-14T06:30:00Z,19.9,0.19999999999999574,6,1,390.0,57.0
BIN_1004,2026-07-14T07:00:00Z,20.5,1.2000000000000028,7,1,420.0,56.5
BIN_1004,2026-07-14T07:30:00Z,20.5,0.0,7,1,450.0,56.0
BIN_1004,2026-07-14T08:00:00Z,20.8,0.6000000000000014,8,1,480.0,55.5
BIN_1004,2026-07-14T08:30:00Z,21.0,0.3999999999999986,8,1,510.0,55.0
BIN_1004,2026-07-14T09:00:00Z,22.5,3.0,9,1,540.0,54.5
BIN_1004,2026-07-14T09:30:00Z,23.0,1.0,9,1,570.0,54.0
BIN_1004,2026-07-14T10:00:00Z,23.9,1.7999999999999972,10,1,600.0,53.5
BIN_1004,2026-07-14T10:30:00Z,25.4,3.0,10,1,630.0,53.0
BIN_1004,2026-07-14T11:00:00Z,26.9,3.0,11,1,660.0,52.5
BIN_1004,2026-07-14T11:30:00Z,27.0,0.20000000000000284,11,1,690.0,52.0
BIN_1004,2026-07-14T12:00:00Z,27.2,0.3999999999999986,12,1,720.0,51.5
BIN_1004,2026-07-14T12:30:00Z,27.1,-0.19999999999999574,12,1,750.0,51.0
BIN_1004,2026-07-14T13:00:00Z,28.3,2.3999999999999986,13,1,780.0,50.5
BIN_1004,2026-07-14T13:30:00Z,29.4,2.1999999999999957,13,1,810.0,50.0
BIN_1004,2026-07-14T14:00:00Z,30.0,1.2000000000000028,14,1,840.0,49.5
BIN_1004,2026-07-14T14:30:00Z,30.7,1.3999999999999986,14,1,870.0,49.0
BIN_1004,2026-07-14T15:00:00Z,31.2,1.0,15,1,900.0,48.5
BIN_1004,2026-07-14T15:30:00Z,31.7,1.0,15,1,930.0,48.0
BIN_1004,2026-07-14T16:00:00Z,31.9,0.3999999999999986,16,1,960.0,47.5
BIN_1004,2026-07-14T16:30:00Z,32.6,1.4000000000000057,16,1,990.0,47.0
BIN_1004,2026-07-14T17:00:00Z,33.9,2.5999999999999943,17,1,1020.0,46.5
BIN_1004,2026-07-14T17:30:00Z,34.8,1.7999999999999972,17,1,1050.0,46.0
BIN_1004,2026-07-14T18:00:00Z,35.5,1.4000000000000057,18,1,1080.0,45.5
BIN_1004,2026-07-14T18:30:00Z,36.6,2.200000000000003,18,1,1110.0,45.0
BIN_1004,2026-07-14T19:00:00Z,36.7,0.20000000000000284,19,1,1140.0,44.5
BIN_1004,2026-07-14T19:30:00Z,37.4,1.3999999999999915,19,1,1170.0,44.0
BIN_1004,2026-07-14T20:00:00Z,38.5,2.200000000000003,20,1,1200.0,43.5
BIN_1004,2026-07-14T20:30:00Z,39.5,2.0,20,1,1230.0,43.0
BIN_1004,2026-07-14T21:00:00Z,40.5,2.0,21,1,1260.0,42.5
BIN_1004,2026-07-14T21:30:00Z,41.1,1.2000000000000028,21,1,1290.0,42.0
BIN_1004,2026-07-14T22:00:00Z,41.1,0.0,22,1,1320.0,41.5
BIN_1004,2026-07-14T22:30:00Z,42.1,2.0,22,1,1350.0,41.0
BIN_1004,2026-07-14T23:00:00Z,42.3,0.3999999999999915,23,1,1380.0,40.5
BIN_1004,2026-07-14T23:30:00Z,43.4,2.200000000000003,23,1,1410.0,40.0
BIN_1004,2026-07-15T00:00:00Z,44.2,1.6000000000000085,0,2,1440.0,39.5
BIN_1004,2026-07-15T00:30:00Z,44.9,1.3999999999999915,0,2,1470.0,39.0
BIN_1004,2026-07-15T01:00:00Z,45.1,0.4000000000000057,1,2,1500.0,38.5
BIN_1004,2026-07-15T01:30:00Z,46.2,2.200000000000003,1,2,1530.0,38.0
BIN_1004,2026-07-15T02:00:00Z,47.5,2.5999999999999943,2,2,1560.0,37.5
BIN_1004,2026-07-15T02:30:00Z,48.7,2.4000000000000057,2,2,1590.0,37.0
BIN_1004,2026-07-15T03:00:00Z,48.5,-0.4000000000000057,3,2,1620.0,36.5
BIN_1004,2026-07-15T03:30:00Z,48.6,0.20000000000000284,3,2,1650.0,36.0
BIN_1004,2026-07-15T04:00:00Z,49.6,2.0,4,2,1680.0,35.5
BIN_1004,2026-07-15T04:30:00Z,49.9,0.5999999999999943,4,2,1710.0,35.0
BIN_1004,2026-07-15T05:00:00Z,51.0,2.200000000000003,5,2,1740.0,34.5
BIN_1004,2026-07-15T05:30:00Z,51.0,0.0,5,2,1770.0,34.0
BIN_1004,2026-07-15T06:00:00Z,52.7,3.4000000000000057,6,2,1800.0,33.5
BIN_1004,2026-07-15T06:30:00Z,52.8,0.19999999999998863,6,2,1830.0,33.0
BIN_1004,2026-07-15T07:00:00Z,53.2,0.8000000000000114,7,2,1860.0,32.5
BIN_1004,2026-07-15T07:30:00Z,53.8,1.1999999999999886,7,2,1890.0,32.0
BIN_1004,2026-07-15T08:00:00Z,54.2,0.8000000000000114,8,2,1920.0,31.5
BIN_1004,2026-07-15T08:30:00Z,54.3,0.19999999999998863,8,2,1950.0,31.0
BIN_1004,2026-07-15T09:00:00Z,55.1,1.6000000000000085,9,2,1980.0,30.5
BIN_1004,2026-07-15T09:30:00Z,55.3,0.3999999999999915,9,2,2010.0,30.0
BIN_1004,2026-07-15T10:00:00Z,55.5,0.4000000000000057,10,2,2040.0,29.5
BIN_1004,2026-07-15T10:30:00Z,56.6,2.200000000000003,10,2,2070.0,29.0
BIN_1004,2026-07-15T11:00:00Z,57.4,1.5999999999999943,11,2,2100.0,28.5
BIN_1004,2026-07-15T11:30:00Z,58.1,1.4000000000000057,11,2,2130.0,28.0
BIN_1004,2026-07-15T12:00:00Z,57.3,-1.6000000000000085,12,2,2160.0,27.5
BIN_1004,2026-07-15T12:30:00Z,58.7,2.8000000000000114,12,2,2190.0,27.0
BIN_1004,2026-07-15T13:00:00Z,60.3,3.1999999999999886,13,2,2220.0,26.5
BIN_1004,2026-07-15T13:30:00Z,61.2,1.8000000000000114,13,2,2250.0,26.0
BIN_1004,2026-07-15T14:00:00Z,62.9,3.3999999999999915,14,2,2280.0,25.5
BIN_1004,2026-07-15T14:30:00Z,64.2,2.6000000000000085,14,2,2310.0,25.0
BIN_1004,2026-07-15T15:00:00Z,63.9,-0.6000000000000085,15,2,2340.0,24.5
BIN_1004,2026-07-15T15:30:00Z,64.5,1.2000000000000028,15,2,2370.0,24.0
BIN_1004,2026-07-15T16:00:00Z,65.2,1.4000000000000057,16,2,2400.0,23.5
BIN_1004,2026-07-15T16:30:00Z,66.3,2.1999999999999886,16,2,2430.0,23.0
BIN_1004,2026-07-15T17:00:00Z,65.6,-1.4000000000000057,17,2,2460.0,22.5
BIN_1004,2026-07-15T17:30:00Z,64.6,-2.0,17,2,2490.0,22.0
BIN_1004,2026-07-15T18:00:00Z,64.8,0.4000000000000057,18,2,2520.0,21.5
BIN_1004,2026-07-15T18:30:00Z,65.7,1.8000000000000114,18,2,2550.0,21.0
BIN_1004,2026-07-15T19:00:00Z,65.4,-0.5999999999999943,19,2,2580.0,20.5
BIN_1004,2026-07-15T19:30:00Z,66.3,1.799999999999983,19,2,2610.0,20.0
BIN_1004,2026-07-15T20:00:00Z,67.4,2.200000000000017,20,2,2640.0,19.5
BIN_1004,2026-07-15T20:30:00Z,68.1,1.3999999999999773,20,2,2670.0,19.0
BIN_1004,2026-07-15T21:00:00Z,68.1,0.0,21,2,2700.0,18.5
BIN_1004,2026-07-15T21:30:00Z,68.4,0.6000000000000227,21,2,2730.0,18.0
BIN_1004,2026-07-15T22:00:00Z,68.5,0.19999999999998863,22,2,2760.0,17.5
BIN_1004,2026-07-15T22:30:00Z,69.2,1.4000000000000057,22,2,2790.0,17.0
BIN_1004,2026-07-15T23:00:00Z,69.8,1.1999999999999886,23,2,2820.0,16.5
BIN_1004,2026-07-15T23:30:00Z,70.0,0.4000000000000057,23,2,2850.0,16.0
BIN_1004,2026-07-16T00:00:00Z,69.7,-0.5999999999999943,0,3,2880.0,15.5
BIN_1004,2026-07-16T00:30:00Z,70.3,1.1999999999999886,0,3,2910.0,15.0
BIN_1004,2026-07-16T01:00:00Z,71.4,2.200000000000017,1,3,2940.0,14.5
BIN_1004,2026-07-16T01:30:00Z,70.9,-1.0,1,3,2970.0,14.0
BIN_1004,2026-07-16T02:00:00Z,72.1,2.3999999999999773,2,3,3000.0,13.5
BIN_1004,2026-07-16T02:30:00Z,73.0,1.8000000000000114,2,3,3030.0,13.0
BIN_1004,2026-07-16T03:00:00Z,73.3,0.5999999999999943,3,3,3060.0,12.5
BIN_1004,2026-07-16T03:30:00Z,73.7,0.8000000000000114,3,3,3090.0,12.0
BIN_1004,2026-07-16T04:00:00Z,75.1,2.799999999999983,4,3,3120.0,11.5
BIN_1004,2026-07-16T04:30:00Z,75.4,0.6000000000000227,4,3,3150.0,11.0
BIN_1004,2026-07-16T05:00:00Z,75.8,0.799999999999983,5,3,3180.0,10.5
BIN_1004,2026-07-16T05:30:00Z,76.1,0.5999999999999943,5,3,3210.0,10.0
BIN_1004,2026-07-16T06:00:00Z,76.8,1.4000000000000057,6,3,3240.0,9.5
BIN_1004,2026-07-16T06:30:00Z,78.1,2.5999999999999943,6,3,3270.0,9.0
BIN_1004,2026-07-16T07:00:00Z,78.7,1.200000000000017,7,3,3300.0,8.5
BIN_1004,2026-07-16T07:30:00Z,80.0,2.5999999999999943,7,3,3330.0,8.0
BIN_1004,2026-07-16T08:00:00Z,80.3,0.5999999999999943,8,3,3360.0,7.5
BIN_1004,2026-07-16T08:30:00Z,80.0,-0.5999999999999943,8,3,3390.0,7.0
BIN_1004,2026-07-16T09:00:00Z,80.9,1.8000000000000114,9,3,3420.0,6.5
BIN_1004,2026-07-16T09:30:00Z,81.5,1.1999999999999886,9,3,3450.0,6.0
BIN_1004,2026-07-16T10:00:00Z,81.9,0.8000000000000114,10,3,3480.0,5.5
BIN_1004,2026-07-16T10:30:00Z,82.5,1.1999999999999886,10,3,3510.0,5.0
BIN_1004,2026-07-16T11:00:00Z,83.4,1.8000000000000114,11,3,3540.0,4.5
BIN_1004,2026-07-16T11:30:00Z,84.1,1.3999999999999773,11,3,3570.0,4.0
BIN_1004,2026-07-16T12:00:00Z,85.0,1.8000000000000114,12,3,3600.0,3.5
BIN_1004,2026-07-16T12:30:00Z,86.4,2.8000000000000114,12,3,3630.0,3.0
BIN_1004,2026-07-16T13:00:00Z,87.3,1.799999999999983,13,3,3660.0,2.5
BIN_1004,2026-07-16T13:30:00Z,88.0,1.4000000000000057,13,3,3690.0,2.0
BIN_1004,2026-07-16T14:00:00Z,88.9,1.8000000000000114,14,3,3720.0,1.5
BIN_1004,2026-07-16T14:30:00Z,89.0,0.19999999999998863,14,3,3750.0,1.0
BIN_1004,2026-07-16T15:00:00Z,89.0,0.0,15,3,3780.0,0.5
BIN_1004,2026-07-16T15:30:00Z,90.4,2.8000000000000114,15,3,3810.0,0.0
BIN_1004,2026-07-16T16:00:00Z,91.4,2.0,16,3,3840.0,0.0
BIN_1004,2026-07-16T16:30:00Z,92.6,2.3999999999999773,16,3,3870.0,0.0
BIN_1004,2026-07-16T17:00:00Z,92.6,0.0,17,3,3900.0,0.0
BIN_1004,2026-07-16T17:30:00Z,92.7,0.20000000000001705,17,3,3930.0,0.0
BIN_1004,2026-07-16T18:00:00Z,93.0,0.5999999999999943,18,3,3960.0,0.0
BIN_1004,2026-07-16T18:30:00Z,92.7,-0.5999999999999943,18,3,3990.0,0.0
BIN_1004,2026-07-16T19:00:00Z,93.7,2.0,19,3,4020.0,0.0
BIN_1004,2026-07-16T19:30:00Z,94.0,0.5999999999999943,19,3,4050.0,0.0
BIN_1004,2026-07-16T20:00:00Z,94.9,1.8000000000000114,20,3,4080.0,0.0
BIN_1004,2026-07-16T20:30:00Z,95.3,0.799999999999983,20,3,4110.0,0.0
BIN_1004,2026-07-16T21:00:00Z,96.4,2.200000000000017,21,3,4140.0,0.0
BIN_1004,2026-07-16T21:30:00Z,97.5,2.1999999999999886,21,3,4170.0,0.0
BIN_1004,2026-07-16T22:00:00Z,98.2,1.4000000000000057,22,3,4200.0,0.0
BIN_1004,2026-07-16T22:30:00Z,99.5,2.5999999999999943,22,3,4230.0,0.0
BIN_1004,2026-07-16T23:00:00Z,99.7,0.4000000000000057,23,3,4260.0,0.0
BIN_1004,2026-07-16T23:30:00Z,100.0,0.5999999999999943,23,3,4290.0,0.0
BIN_1004,2026-07-17T00:00:00Z,100.0,0.0,0,4,4320.0,0.0
BIN_1004,2026-07-17T00:30:00Z,100.0,0.0,0,4,4350.0,0.0
BIN_1004,2026-07-17T01:00:00Z,100.0,0.0,1,4,4380.0,0.0
BIN_1004,2026-07-17T01:30:00Z,99.7,-0.5999999999999943,1,4,4410.0,0.0
BIN_1004,2026-07-17T02:00:00Z,100.0,0.5999999999999943,2,4,4440.0,0.0
BIN_1004,2026-07-17T02:30:00Z,100.0,0.0,2,4,4470.0,0.0
BIN_1004,2026-07-17T03:00:00Z,100.0,0.0,3,4,4500.0,0.0
BIN_1004,2026-07-17T03:30:00Z,99.8,-0.4000000000000057,3,4,4530.0,0.0
BIN_1004,2026-07-17T04:00:00Z,100.0,0.4000000000000057,4,4,4560.0,0.0
BIN_1004,2026-07-17T04:30:00Z,100.0,0.0,4,4,4590.0,0.0
BIN_1004,2026-07-17T05:00:00Z,100.0,0.0,5,4,4620.0,0.0
BIN_1004,2026-07-17T05:30:00Z,100.0,0.0,5,4,4650.0,0.0
BIN_1004,2026-07-17T06:00:00Z,100.0,0.0,6,4,4680.0,0.0
BIN_1005,2026-07-14T00:00:00Z,5.2,0.0,0,1,0.0,59.5
BIN_1005,2026-07-14T00:30:00Z,6.8,3.1999999999999993,0,1,30.0,59.0
BIN_1005,2026-07-14T01:00:00Z,8.3,3.0000000000000018,1,1,60.0,58.5
BIN_1005,2026-07-14T01:30:00Z,8.8,1.0,1,1,90.0,58.0
BIN_1005,2026-07-14T02:00:00Z,9.8,2.0,2,1,120.0,57.5
BIN_1005,2026-07-14T02:30:00Z,11.4,3.1999999999999993,2,1,150.0,57.0
BIN_1005,2026-07-14T03:00:00Z,13.3,3.8000000000000007,3,1,180.0,56.5
BIN_1005,2026-07-14T03:30:00Z,13.9,1.1999999999999993,3,1,210.0,56.0
BIN_1005,2026-07-14T04:00:00Z,15.0,2.1999999999999993,4,1,240.0,55.5
BIN_1005,2026-07-14T04:30:00Z,17.9,5.799999999999997,4,1,270.0,55.0
BIN_1005,2026-07-14T05:00:00Z,19.1,2.4000000000000057,5,1,300.0,54.5
BIN_1005,2026-07-14T05:30:00Z,20.2,2.1999999999999957,5,1,330.0,54.0
BIN_1005,2026-07-14T06:00:00Z,20.9,1.3999999999999986,6,1,360.0,53.5
BIN_1005,2026-07-14T06:30:00Z,22.4,3.0,6,1,390.0,53.0
BIN_1005,2026-07-14T07:00:00Z,23.2,1.6000000000000014,7,1,420.0,52.5
BIN_1005,2026-07-14T07:30:00Z,23.7,1.0,7,1,450.0,52.0
BIN_1005,2026-07-14T08:00:00Z,25.9,4.399999999999999,8,1,480.0,51.5
BIN_1005,2026-07-14T08:30:00Z,28.0,4.200000000000003,8,1,510.0,51.0
BIN_1005,2026-07-14T09:00:00Z,28.4,0.7999999999999972,9,1,540.0,50.5
BIN_1005,2026-07-14T09:30:00Z,29.8,2.8000000000000043,9,1,570.0,50.0
BIN_1005,2026-07-14T10:00:00Z,30.5,1.3999999999999986,10,1,600.0,49.5
BIN_1005,2026-07-14T10:30:00Z,31.7,2.3999999999999986,10,1,630.0,49.0
BIN_1005,2026-07-14T11:00:00Z,33.3,3.1999999999999957,11,1,660.0,48.5
BIN_1005,2026-07-14T11:30:00Z,35.1,3.6000000000000085,11,1,690.0,48.0
BIN_1005,2026-07-14T12:00:00Z,36.1,2.0,12,1,720.0,47.5
BIN_1005,2026-07-14T12:30:00Z,37.7,3.200000000000003,12,1,750.0,47.0
BIN_1005,2026-07-14T13:00:00Z,38.5,1.5999999999999943,13,1,780.0,46.5
BIN_1005,2026-07-14T13:30:00Z,40.6,4.200000000000003,13,1,810.0,46.0
BIN_1005,2026-07-14T14:00:00Z,41.7,2.200000000000003,14,1,840.0,45.5
BIN_1005,2026-07-14T14:30:00Z,43.6,3.799999999999997,14,1,870.0,45.0
BIN_1005,2026-07-14T15:00:00Z,44.4,1.5999999999999943,15,1,900.0,44.5
BIN_1005,2026-07-14T15:30:00Z,45.3,1.7999999999999972,15,1,930.0,44.0
BIN_1005,2026-07-14T16:00:00Z,48.0,5.400000000000006,16,1,960.0,43.5
BIN_1005,2026-07-14T16:30:00Z,49.9,3.799999999999997,16,1,990.0,43.0
BIN_1005,2026-07-14T17:00:00Z,50.8,1.7999999999999972,17,1,1020.0,42.5
BIN_1005,2026-07-14T17:30:00Z,51.7,1.8000000000000114,17,1,1050.0,42.0
BIN_1005,2026-07-14T18:00:00Z,52.2,1.0,18,1,1080.0,41.5
BIN_1005,2026-07-14T18:30:00Z,53.5,2.5999999999999943,18,1,1110.0,41.0
BIN_1005,2026-07-14T19:00:00Z,54.5,2.0,19,1,1140.0,40.5
BIN_1005,2026-07-14T19:30:00Z,57.6,6.200000000000003,19,1,1170.0,40.0
BIN_1005,2026-07-14T20:00:00Z,58.5,1.7999999999999972,20,1,1200.0,39.5
BIN_1005,2026-07-14T20:30:00Z,59.0,1.0,20,1,1230.0,39.0
BIN_1005,2026-07-14T21:00:00Z,60.6,3.200000000000003,21,1,1260.0,38.5
BIN_1005,2026-07-14T21:30:00Z,62.4,3.5999999999999943,21,1,1290.0,38.0
BIN_1005,2026-07-14T22:00:00Z,63.8,2.799999999999997,22,1,1320.0,37.5
BIN_1005,2026-07-14T22:30:00Z,65.4,3.200000000000017,22,1,1350.0,37.0
BIN_1005,2026-07-14T23:00:00Z,66.8,2.799999999999983,23,1,1380.0,36.5
BIN_1005,2026-07-14T23:30:00Z,68.2,2.8000000000000114,23,1,1410.0,36.0
BIN_1005,2026-07-15T00:00:00Z,68.8,1.1999999999999886,0,2,1440.0,35.5
BIN_1005,2026-07-15T00:30:00Z,69.4,1.200000000000017,0,2,1470.0,35.0
BIN_1005,2026-07-15T01:00:00Z,71.4,4.0,1,2,1500.0,34.5
BIN_1005,2026-07-15T01:30:00Z,72.4,2.0,1,2,1530.0,34.0
BIN_1005,2026-07-15T02:00:00Z,73.9,3.0,2,2,1560.0,33.5
BIN_1005,2026-07-15T02:30:00Z,74.8,1.799999999999983,2,2,1590.0,33.0
BIN_1005,2026-07-15T03:00:00Z,75.6,1.5999999999999943,3,2,1620.0,32.5
BIN_1005,2026-07-15T03:30:00Z,76.5,1.8000000000000114,3,2,1650.0,32.0
BIN_1005,2026-07-15T04:00:00Z,77.8,2.5999999999999943,4,2,1680.0,31.5
BIN_1005,2026-07-15T04:30:00Z,79.7,3.8000000000000114,4,2,1710.0,31.0
BIN_1005,2026-07-15T05:00:00Z,7.2,-145.0,5,2,0.0,30.5
BIN_1005,2026-07-15T05:30:00Z,8.5,2.5999999999999996,5,2,30.0,30.0
BIN_1005,2026-07-15T06:00:00Z,10.1,3.1999999999999993,6,2,60.0,29.5
BIN_1005,2026-07-15T06:30:00Z,11.7,3.1999999999999993,6,2,90.0,29.0
BIN_1005,2026-07-15T07:00:00Z,12.2,1.0,7,2,120.0,28.5
BIN_1005,2026-07-15T07:30:00Z,13.4,2.400000000000002,7,2,150.0,28.0
BIN_1005,2026-07-15T08:00:00Z,15.6,4.399999999999999,8,2,180.0,27.5
BIN_1005,2026-07-15T08:30:00Z,16.6,2.0000000000000036,8,2,210.0,27.0
BIN_1005,2026-07-15T09:00:00Z,17.9,2.5999999999999943,9,2,240.0,26.5
BIN_1005,2026-07-15T09:30:00Z,18.9,2.0,9,2,270.0,26.0
BIN_1005,2026-07-15T10:00:00Z,20.5,3.200000000000003,10,2,300.0,25.5
BIN_1005,2026-07-15T10:30:00Z,23.1,5.200000000000003,10,2,330.0,25.0
BIN_1005,2026-07-15T11:00:00Z,23.9,1.5999999999999943,11,2,360.0,24.5
BIN_1005,2026-07-15T11:30:00Z,25.5,3.200000000000003,11,2,390.0,24.0
BIN_1005,2026-07-15T12:00:00Z,27.2,3.3999999999999986,12,2,420.0,23.5
BIN_1005,2026-07-15T12:30:00Z,29.1,3.8000000000000043,12,2,450.0,23.0
BIN_1005,2026-07-15T13:00:00Z,30.3,2.3999999999999986,13,2,480.0,22.5
BIN_1005,2026-07-15T13:30:00Z,31.8,3.0,13,2,510.0,22.0
BIN_1005,2026-07-15T14:00:00Z,32.7,1.8000000000000043,14,2,540.0,21.5
BIN_1005,2026-07-15T14:30:00Z,34.6,3.799999999999997,14,2,570.0,21.0
BIN_1005,2026-07-15T15:00:00Z,36.7,4.200000000000003,15,2,600.0,20.5
BIN_1005,2026-07-15T15:30:00Z,36.7,0.0,15,2,630.0,20.0
BIN_1005,2026-07-15T16:00:00Z,38.8,4.199999999999989,16,2,660.0,19.5
BIN_1005,2026-07-15T16:30:00Z,41.3,5.0,16,2,690.0,19.0
BIN_1005,2026-07-15T17:00:00Z,42.7,2.8000000000000114,17,2,720.0,18.5
BIN_1005,2026-07-15T17:30:00Z,45.1,4.799999999999997,17,2,750.0,18.0
BIN_1005,2026-07-15T18:00:00Z,46.5,2.799999999999997,18,2,780.0,17.5
BIN_1005,2026-07-15T18:30:00Z,47.3,1.5999999999999943,18,2,810.0,17.0
BIN_1005,2026-07-15T19:00:00Z,48.5,2.4000000000000057,19,2,840.0,16.5
BIN_1005,2026-07-15T19:30:00Z,49.9,2.799999999999997,19,2,870.0,16.0
BIN_1005,2026-07-15T20:00:00Z,51.7,3.6000000000000085,20,2,900.0,15.5
BIN_1005,2026-07-15T20:30:00Z,52.8,2.1999999999999886,20,2,930.0,15.0
BIN_1005,2026-07-15T21:00:00Z,54.5,3.4000000000000057,21,2,960.0,14.5
BIN_1005,2026-07-15T21:30:00Z,55.6,2.200000000000003,21,2,990.0,14.0
BIN_1005,2026-07-15T22:00:00Z,57.8,4.3999999999999915,22,2,1020.0,13.5
BIN_1005,2026-07-15T22:30:00Z,58.7,1.8000000000000114,22,2,1050.0,13.0
BIN_1005,2026-07-15T23:00:00Z,58.7,0.0,23,2,1080.0,12.5
BIN_1005,2026-07-15T23:30:00Z,59.6,1.7999999999999972,23,2,1110.0,12.0
BIN_1005,2026-07-16T00:00:00Z,60.8,2.3999999999999915,0,3,1140.0,11.5
BIN_1005,2026-07-16T00:30:00Z,60.9,0.20000000000000284,0,3,1170.0,11.0
BIN_1005,2026-07-16T01:00:00Z,62.9,4.0,1,3,1200.0,10.5
BIN_1005,2026-07-16T01:30:00Z,64.5,3.200000000000003,1,3,1230.0,10.0
BIN_1005,2026-07-16T02:00:00Z,66.2,3.4000000000000057,2,3,1260.0,9.5
BIN_1005,2026-07-16T02:30:00Z,67.6,2.799999999999983,2,3,1290.0,9.0
BIN_1005,2026-07-16T03:00:00Z,70.1,5.0,3,3,1320.0,8.5
BIN_1005,2026-07-16T03:30:00Z,70.9,1.6000000000000227,3,3,1350.0,8.0
BIN_1005,2026-07-16T04:00:00Z,72.0,2.1999999999999886,4,3,1380.0,7.5
BIN_1005,2026-07-16T04:30:00Z,73.3,2.5999999999999943,4,3,1410.0,7.0
BIN_1005,2026-07-16T05:00:00Z,75.2,3.8000000000000114,5,3,1440.0,6.5
BIN_1005,2026-07-16T05:30:00Z,76.3,2.1999999999999886,5,3,1470.0,6.0
BIN_1005,2026-07-16T06:00:00Z,76.8,1.0,6,3,1500.0,5.5
BIN_1005,2026-07-16T06:30:00Z,78.6,3.5999999999999943,6,3,1530.0,5.0
BIN_1005,2026-07-16T07:00:00Z,79.7,2.200000000000017,7,3,1560.0,4.5
BIN_1005,2026-07-16T07:30:00Z,81.0,2.5999999999999943,7,3,1590.0,4.0
BIN_1005,2026-07-16T08:00:00Z,82.3,2.5999999999999943,8,3,1620.0,3.5
BIN_1005,2026-07-16T08:30:00Z,83.2,1.8000000000000114,8,3,1650.0,3.0
BIN_1005,2026-07-16T09:00:00Z,84.9,3.4000000000000057,9,3,1680.0,2.5
BIN_1005,2026-07-16T09:30:00Z,87.0,4.199999999999989,9,3,1710.0,2.0
BIN_1005,2026-07-16T10:00:00Z,87.7,1.4000000000000057,10,3,1740.0,1.5
BIN_1005,2026-07-16T10:30:00Z,87.9,0.4000000000000057,10,3,1770.0,1.0
BIN_1005,2026-07-16T11:00:00Z,89.7,3.5999999999999943,11,3,1800.0,0.5
BIN_1005,2026-07-16T11:30:00Z,90.5,1.5999999999999943,11,3,1830.0,0.0
BIN_1005,2026-07-16T12:00:00Z,90.7,0.4000000000000057,12,3,1860.0,0.0
BIN_1005,2026-07-16T12:30:00Z,92.2,3.0,12,3,1890.0,0.0
BIN_1005,2026-07-16T13:00:00Z,93.4,2.4000000000000057,13,3,1920.0,0.0
BIN_1005,2026-07-16T13:30:00Z,94.8,2.799999999999983,13,3,1950.0,0.0
BIN_1005,2026-07-16T14:00:00Z,95.6,1.5999999999999943,14,3,1980.0,0.0
BIN_1005,2026-07-16T14:30:00Z,97.3,3.4000000000000057,14,3,2010.0,0.0
BIN_1005,2026-07-16T15:00:00Z,98.7,2.8000000000000114,15,3,2040.0,0.0
BIN_1005,2026-07-16T15:30:00Z,100.0,2.5999999999999943,15,3,2070.0,0.0
BIN_1005,2026-07-16T16:00:00Z,100.0,0.0,16,3,2100.0,0.0
BIN_1005,2026-07-16T16:30:00Z,100.0,0.0,16,3,2130.0,0.0
BIN_1005,2026-07-16T17:00:00Z,100.0,0.0,17,3,2160.0,0.0
BIN_1005,2026-07-16T17:30:00Z,100.0,0.0,17,3,2190.0,0.0
BIN_1005,2026-07-16T18:00:00Z,100.0,0.0,18,3,2220.0,0.0
BIN_1005,2026-07-16T18:30:00Z,100.0,0.0,18,3,2250.0,0.0
BIN_1005,2026-07-16T19:00:00Z,100.0,0.0,19,3,2280.0,0.0
BIN_1005,2026-07-16T19:30:00Z,100.0,0.0,19,3,2310.0,0.0
BIN_1005,2026-07-16T20:00:00Z,6.8,-186.4,20,3,0.0,40.5
BIN_1005,2026-07-16T20:30:00Z,8.3,3.0000000000000018,20,3,30.0,40.0
BIN_1005,2026-07-16T21:00:00Z,9.9,3.1999999999999993,21,3,60.0,39.5
BIN_1005,2026-07-16T21:30:00Z,10.8,1.8000000000000007,21,3,90.0,39.0
BIN_1005,2026-07-16T22:00:00Z,11.8,2.0,22,3,120.0,38.5
BIN_1005,2026-07-16T22:30:00Z,13.5,3.3999999999999986,22,3,150.0,38.0
BIN_1005,2026-07-16T23:00:00Z,15.3,3.6000000000000014,23,3,180.0,37.5
BIN_1005,2026-07-16T23:30:00Z,17.9,5.199999999999996,23,3,210.0,37.0
BIN_1005,2026-07-17T00:00:00Z,19.1,2.4000000000000057,0,4,240.0,36.5
BIN_1005,2026-07-17T00:30:00Z,20.4,2.5999999999999943,0,4,270.0,36.0
BIN_1005,2026-07-17T01:00:00Z,20.5,0.20000000000000284,1,4,300.0,35.5
BIN_1005,2026-07-17T01:30:00Z,6.1,-28.8,1,4,0.0,35.0
BIN_1005,2026-07-17T02:00:00Z,7.0,1.8000000000000007,2,4,30.0,34.5
BIN_1005,2026-07-17T02:30:00Z,7.7,1.4000000000000004,2,4,60.0,34.0
BIN_1005,2026-07-17T03:00:00Z,8.7,1.9999999999999982,3,4,90.0,33.5
BIN_1005,2026-07-17T03:30:00Z,8.7,0.0,3,4,120.0,33.0
BIN_1005,2026-07-17T04:00:00Z,9.9,2.400000000000002,4,4,150.0,32.5
BIN_1005,2026-07-17T04:30:00Z,11.4,3.0,4,4,180.0,32.0
BIN_1005,2026-07-17T05:00:00Z,13.3,3.8000000000000007,5,4,210.0,31.5
BIN_1005,2026-07-17T05:30:00Z,14.7,2.799999999999997,5,4,240.0,31.0
BIN_1005,2026-07-17T06:00:00Z,15.6,1.8000000000000007,6,4,270.0,30.5
BIN_1005,2026-07-17T06:30:00Z,16.7,2.1999999999999993,6,4,300.0,30.0
BIN_1005,2026-07-17T07:00:00Z,18.5,3.6000000000000014,7,4,330.0,29.5
BIN_1005,2026-07-17T07:30:00Z,19.4,1.7999999999999972,7,4,360.0,29.0
BIN_1005,2026-07-17T08:00:00Z,20.8,2.8000000000000043,8,4,390.0,28.5
BIN_1005,2026-07-17T08:30:00Z,21.0,0.3999999999999986,8,4,420.0,28.0
BIN_1005,2026-07-17T09:00:00Z,21.6,1.2000000000000028,9,4,450.0,27.5
BIN_1005,2026-07-17T09:30:00Z,23.3,3.3999999999999986,9,4,480.0,27.0
BIN_1005,2026-07-17T10:00:00Z,24.8,3.0,10,4,510.0,26.5
BIN_1005,2026-07-17T10:30:00Z,25.5,1.3999999999999986,10,4,540.0,26.0
BIN_1005,2026-07-17T11:00:00Z,27.8,4.600000000000001,11,4,570.0,25.5
BIN_1005,2026-07-17T11:30:00Z,28.9,2.1999999999999957,11,4,600.0,25.0
BIN_1005,2026-07-17T12:00:00Z,29.8,1.8000000000000043,12,4,630.0,24.5
BIN_1005,2026-07-17T12:30:00Z,31.4,3.1999999999999957,12,4,660.0,24.0
BIN_1005,2026-07-17T13:00:00Z,32.0,1.2000000000000028,13,4,690.0,23.5
BIN_1005,2026-07-17T13:30:00Z,34.6,5.200000000000003,13,4,720.0,23.0
BIN_1005,2026-07-17T14:00:00Z,36.0,2.799999999999997,14,4,750.0,22.5
BIN_1005,2026-07-17T14:30:00Z,38.2,4.400000000000006,14,4,780.0,22.0
BIN_1005,2026-07-17T15:00:00Z,40.0,3.5999999999999943,15,4,810.0,21.5
BIN_1005,2026-07-17T15:30:00Z,41.8,3.5999999999999943,15,4,840.0,21.0
BIN_1005,2026-07-17T16:00:00Z,43.5,3.4000000000000057,16,4,870.0,20.5
BIN_1005,2026-07-17T16:30:00Z,44.5,2.0,16,4,900.0,20.0
BIN_1005,2026-07-17T17:00:00Z,45.5,2.0,17,4,930.0,19.5
BIN_1005,2026-07-17T17:30:00Z,46.3,1.5999999999999943,17,4,960.0,19.0
BIN_1005,2026-07-17T18:00:00Z,46.5,0.4000000000000057,18,4,990.0,18.5
BIN_1005,2026-07-17T18:30:00Z,48.1,3.200000000000003,18,4,1020.0,18.0
BIN_1005,2026-07-17T19:00:00Z,50.0,3.799999999999997,19,4,1050.0,17.5
BIN_1005,2026-07-17T19:30:00Z,51.1,2.200000000000003,19,4,1080.0,17.0
BIN_1005,2026-07-17T20:00:00Z,51.5,0.7999999999999972,20,4,1110.0,16.5
BIN_1005,2026-07-17T20:30:00Z,54.0,5.0,20,4,1140.0,16.0
BIN_1005,2026-07-17T21:00:00Z,55.0,2.0,21,4,1170.0,15.5
BIN_1005,2026-07-17T21:30:00Z,56.6,3.200000000000003,21,4,1200.0,15.0
BIN_1005,2026-07-17T22:00:00Z,57.5,1.7999999999999972,22,4,1230.0,14.5
BIN_1005,2026-07-17T22:30:00Z,58.9,2.799999999999997,22,4,1260.0,14.0
BIN_1005,2026-07-17T23:00:00Z,59.4,1.0,23,4,1290.0,13.5
BIN_1005,2026-07-17T23:30:00Z,61.1,3.4000000000000057,23,4,1320.0,13.0
BIN_1005,2026-07-18T00:00:00Z,61.4,0.5999999999999943,0,5,1350.0,12.5
BIN_1005,2026-07-18T00:30:00Z,63.9,5.0,0,5,1380.0,12.0
BIN_1005,2026-07-18T01:00:00Z,65.0,2.200000000000003,1,5,1410.0,11.5
BIN_1005,2026-07-18T01:30:00Z,66.4,2.8000000000000114,1,5,1440.0,11.0
BIN_1005,2026-07-18T02:00:00Z,67.6,2.3999999999999773,2,5,1470.0,10.5
BIN_1005,2026-07-18T02:30:00Z,69.4,3.6000000000000227,2,5,1500.0,10.0
BIN_1005,2026-07-18T03:00:00Z,70.5,2.1999999999999886,3,5,1530.0,9.5
BIN_1005,2026-07-18T03:30:00Z,71.6,2.1999999999999886,3,5,1560.0,9.0
BIN_1005,2026-07-18T04:00:00Z,71.9,0.6000000000000227,4,5,1590.0,8.5
BIN_1005,2026-07-18T04:30:00Z,72.6,1.3999999999999773,4,5,1620.0,8.0
BIN_1005,2026-07-18T05:00:00Z,74.5,3.8000000000000114,5,5,1650.0,7.5
BIN_1005,2026-07-18T05:30:00Z,74.8,0.5999999999999943,5,5,1680.0,7.0
BIN_1005,2026-07-18T06:00:00Z,75.7,1.8000000000000114,6,5,1710.0,6.5
BIN_1005,2026-07-18T06:30:00Z,77.7,4.0,6,5,1740.0,6.0
BIN_1005,2026-07-18T07:00:00Z,78.5,1.5999999999999943,7,5,1770.0,5.5
BIN_1005,2026-07-18T07:30:00Z,80.3,3.5999999999999943,7,5,1800.0,5.0
BIN_1005,2026-07-18T08:00:00Z,81.3,2.0,8,5,1830.0,4.5
BIN_1005,2026-07-18T08:30:00Z,82.8,3.0,8,5,1860.0,4.0
BIN_1005,2026-07-18T09:00:00Z,83.0,0.4000000000000057,9,5,1890.0,3.5
BIN_1005,2026-07-18T09:30:00Z,84.4,2.8000000000000114,9,5,1920.0,3.0
BIN_1005,2026-07-18T10:00:00Z,85.5,2.1999999999999886,10,5,1950.0,2.5
BIN_1005,2026-07-18T10:30:00Z,87.4,3.8000000000000114,10,5,1980.0,2.0
BIN_1005,2026-07-18T11:00:00Z,88.8,2.799999999999983,11,5,2010.0,1.5
BIN_1005,2026-07-18T11:30:00Z,89.5,1.4000000000000057,11,5,2040.0,1.0
BIN_1005,2026-07-18T12:00:00Z,89.7,0.4000000000000057,12,5,2070.0,0.5
BIN_1005,2026-07-18T12:30:00Z,90.6,1.799999999999983,12,5,2100.0,0.0
BIN_1005,2026-07-18T13:00:00Z,91.7,2.200000000000017,13,5,2130.0,0.0
BIN_1005,2026-07-18T13:30:00Z,93.3,3.1999999999999886,13,5,2160.0,0.0
BIN_1005,2026-07-18T14:00:00Z,93.8,1.0,14,5,2190.0,0.0
BIN_1005,2026-07-18T14:30:00Z,95.0,2.4000000000000057,14,5,2220.0,0.0
BIN_1005,2026-07-18T15:00:00Z,96.5,3.0,15,5,2250.0,0.0
BIN_1005,2026-07-18T15:30:00Z,98.1,3.1999999999999886,15,5,2280.0,0.0
BIN_1005,2026-07-18T16:00:00Z,99.7,3.200000000000017,16,5,2310.0,0.0
BIN_1005,2026-07-18T16:30:00Z,100.0,0.5999999999999943,16,5,2340.0,0.0
BIN_1005,2026-07-18T17:00:00Z,100.0,0.0,17,5,2370.0,0.0
BIN_1005,2026-07-18T17:30:00Z,100.0,0.0,17,5,2400.0,0.0
BIN_1005,2026-07-18T18:00:00Z,100.0,0.0,18,5,2430.0,0.0
BIN_1005,2026-07-18T18:30:00Z,100.0,0.0,18,5,2460.0,0.0
BIN_1005,2026-07-18T19:00:00Z,100.0,0.0,19,5,2490.0,0.0
BIN_1005,2026-07-18T19:30:00Z,100.0,0.0,19,5,2520.0,0.0
BIN_1005,2026-07-18T20:00:00Z,100.0,0.0,20,5,2550.0,0.0
BIN_1005,2026-07-18T20:30:00Z,100.0,0.0,20,5,2580.0,0.0
BIN_1005,2026-07-18T21:00:00Z,100.0,0.0,21,5,2610.0,0.0
BIN_1005,2026-07-18T21:30:00Z,100.0,0.0,21,5,2640.0,0.0
BIN_1005,2026-07-18T22:00:00Z,100.0,0.0,22,5,2670.0,0.0
BIN_1005,2026-07-18T22:30:00Z,100.0,0.0,22,5,2700.0,0.0
BIN_1005,2026-07-18T23:00:00Z,100.0,0.0,23,5,2730.0,0.0
BIN_1005,2026-07-18T23:30:00Z,99.4,-1.1999999999999886,23,5,2760.0,0.0
BIN_1005,2026-07-19T00:00:00Z,100.0,1.1999999999999886,0,6,2790.0,0.0
BIN_1005,2026-07-19T00:30:00Z,100.0,0.0,0,6,2820.0,0.0
BIN_1005,2026-07-19T01:00:00Z,100.0,0.0,1,6,2850.0,0.0
BIN_1005,2026-07-19T01:30:00Z,100.0,0.0,1,6,2880.0,0.0
BIN_1005,2026-07-19T02:00:00Z,100.0,0.0,2,6,2910.0,0.0
BIN_1005,2026-07-19T02:30:00Z,100.0,0.0,2,6,2940.0,0.0
BIN_1005,2026-07-19T03:00:00Z,100.0,0.0,3,6,2970.0,0.0
BIN_1005,2026-07-19T03:30:00Z,100.0,0.0,3,6,3000.0,0.0
BIN_1005,2026-07-19T04:00:00Z,100.0,0.0,4,6,3030.0,0.0
BIN_1005,2026-07-19T04:30:00Z,100.0,0.0,4,6,3060.0,0.0
BIN_1005,2026-07-19T05:00:00Z,100.0,0.0,5,6,3090.0,0.0
BIN_1005,2026-07-19T05:30:00Z,100.0,0.0,5,6,3120.0,0.0
BIN_1005,2026-07-19T06:00:00Z,100.0,0.0,6,6,3150.0,0.0
BIN_1005,2026-07-19T06:30:00Z,100.0,0.0,6,6,3180.0,0.0
BIN_1005,2026-07-19T07:00:00Z,100.0,0.0,7,6,3210.0,0.0
BIN_1005,2026-07-19T07:30:00Z,100.0,0.0,7,6,3240.0,0.0
BIN_1005,2026-07-19T08:00:00Z,100.0,0.0,8,6,3270.0,0.0
BIN_1005,2026-07-19T08:30:00Z,99.7,-0.5999999999999943,8,6,3300.0,0.0
BIN_1005,2026-07-19T09:00:00Z,100.0,0.5999999999999943,9,6,3330.0,0.0
BIN_1005,2026-07-19T09:30:00Z,100.0,0.0,9,6,3360.0,0.0
BIN_1005,2026-07-19T10:00:00Z,99.8,-0.4000000000000057,10,6,3390.0,0.0
BIN_1005,2026-07-19T10:30:00Z,1.0,-197.6,10,6,0.0,31.5
BIN_1005,2026-07-19T11:00:00Z,3.1,4.2,11,6,30.0,31.0
BIN_1005,2026-07-19T11:30:00Z,4.6,2.999999999999999,11,6,60.0,30.5
BIN_1005,2026-07-19T12:00:00Z,6.6,4.0,12,6,90.0,30.0
BIN_1005,2026-07-19T12:30:00Z,8.3,3.400000000000002,12,6,120.0,29.5
BIN_1005,2026-07-19T13:00:00Z,10.0,3.3999999999999986,13,6,150.0,29.0
BIN_1005,2026-07-19T13:30:00Z,10.9,1.8000000000000007,13,6,180.0,28.5
BIN_1005,2026-07-19T14:00:00Z,11.4,1.0,14,6,210.0,28.0
BIN_1005,2026-07-19T14:30:00Z,12.5,2.1999999999999993,14,6,240.0,27.5
BIN_1005,2026-07-19T15:00:00Z,14.9,4.800000000000001,15,6,270.0,27.0
BIN_1005,2026-07-19T15:30:00Z,16.8,3.8000000000000007,15,6,300.0,26.5
BIN_1005,2026-07-19T16:00:00Z,18.4,3.1999999999999957,16,6,330.0,26.0
BIN_1005,2026-07-19T16:30:00Z,18.9,1.0,16,6,360.0,25.5
BIN_1005,2026-07-19T17:00:00Z,19.7,1.6000000000000014,17,6,390.0,25.0
BIN_1005,2026-07-19T17:30:00Z,20.4,1.3999999999999986,17,6,420.0,24.5
BIN_1005,2026-07-19T18:00:00Z,21.5,2.200000000000003,18,6,450.0,24.0
BIN_1005,2026-07-19T18:30:00Z,23.5,4.0,18,6,480.0,23.5
BIN_1005,2026-07-19T19:00:00Z,25.0,3.0,19,6,510.0,23.0
BIN_1005,2026-07-19T19:30:00Z,25.6,1.2000000000000028,19,6,540.0,22.5
BIN_1005,2026-07-19T20:00:00Z,27.3,3.3999999999999986,20,6,570.0,22.0
BIN_1005,2026-07-19T20:30:00Z,29.3,4.0,20,6,600.0,21.5
BIN_1005,2026-07-19T21:00:00Z,31.5,4.399999999999999,21,6,630.0,21.0
BIN_1005,2026-07-19T21:30:00Z,32.5,2.0,21,6,660.0,20.5
BIN_1005,2026-07-19T22:00:00Z,34.6,4.200000000000003,22,6,690.0,20.0
BIN_1005,2026-07-19T22:30:00Z,35.8,2.3999999999999915,22,6,720.0,19.5
BIN_1005,2026-07-19T23:00:00Z,37.5,3.4000000000000057,23,6,750.0,19.0
BIN_1005,2026-07-19T23:30:00Z,38.2,1.4000000000000057,23,6,780.0,18.5
BIN_1005,2026-07-20T00:00:00Z,39.6,2.799999999999997,0,0,810.0,18.0
BIN_1005,2026-07-20T00:30:00Z,40.9,2.5999999999999943,0,0,840.0,17.5
BIN_1005,2026-07-20T01:00:00Z,41.9,2.0,1,0,870.0,17.0
BIN_1005,2026-07-20T01:30:00Z,43.1,2.4000000000000057,1,0,900.0,16.5
BIN_1005,2026-07-20T02:00:00Z,44.1,2.0,2,0,930.0,16.0
BIN_1005,2026-07-20T02:30:00Z,45.0,1.7999999999999972,2,0,960.0,15.5
BIN_1005,2026-07-20T03:00:00Z,46.4,2.799999999999997,3,0,990.0,15.0
BIN_1005,2026-07-20T03:30:00Z,48.6,4.400000000000006,3,0,1020.0,14.5
BIN_1005,2026-07-20T04:00:00Z,49.6,2.0,4,0,1050.0,14.0
BIN_1005,2026-07-20T04:30:00Z,51.6,4.0,4,0,1080.0,13.5
BIN_1005,2026-07-20T05:00:00Z,53.0,2.799999999999997,5,0,1110.0,13.0
BIN_1005,2026-07-20T05:30:00Z,54.9,3.799999999999997,5,0,1140.0,12.5
BIN_1005,2026-07-20T06:00:00Z,55.3,0.7999999999999972,6,0,1170.0,12.0
BIN_1005,2026-07-20T06:30:00Z,56.4,2.200000000000003,6,0,1200.0,11.5
BIN_1005,2026-07-20T07:00:00Z,57.6,2.4000000000000057,7,0,1230.0,11.0
BIN_1005,2026-07-20T07:30:00Z,59.4,3.5999999999999943,7,0,1260.0,10.5
BIN_1005,2026-07-20T08:00:00Z,60.7,2.6000000000000085,8,0,1290.0,10.0
BIN_1005,2026-07-20T08:30:00Z,62.6,3.799999999999997,8,0,1320.0,9.5
BIN_1005,2026-07-20T09:00:00Z,63.4,1.5999999999999943,9,0,1350.0,9.0
BIN_1005,2026-07-20T09:30:00Z,64.9,3.000000000000014,9,0,1380.0,8.5
BIN_1005,2026-07-20T10:00:00Z,67.3,4.799999999999983,10,0,1410.0,8.0
BIN_1005,2026-07-20T10:30:00Z,69.6,4.599999999999994,10,0,1440.0,7.5
BIN_1005,2026-07-20T11:00:00Z,71.7,4.200000000000017,11,0,1470.0,7.0
BIN_1005,2026-07-20T11:30:00Z,72.5,1.5999999999999943,11,0,1500.0,6.5
BIN_1005,2026-07-20T12:00:00Z,74.3,3.5999999999999943,12,0,1530.0,6.0
BIN_1005,2026-07-20T12:30:00Z,76.9,5.200000000000017,12,0,1560.0,5.5
BIN_1005,2026-07-20T13:00:00Z,77.9,2.0,13,0,1590.0,5.0
BIN_1005,2026-07-20T13:30:00Z,77.5,-0.8000000000000114,13,0,1620.0,4.5
BIN_1005,2026-07-20T14:00:00Z,79.7,4.400000000000006,14,0,1650.0,4.0
BIN_1005,2026-07-20T14:30:00Z,81.8,4.199999999999989,14,0,1680.0,3.5
BIN_1005,2026-07-20T15:00:00Z,82.0,0.4000000000000057,15,0,1710.0,3.0
BIN_1005,2026-07-20T15:30:00Z,83.9,3.8000000000000114,15,0,1740.0,2.5
BIN_1005,2026-07-20T16:00:00Z,84.9,2.0,16,0,1770.0,2.0
BIN_1005,2026-07-20T16:30:00Z,86.2,2.5999999999999943,16,0,1800.0,1.5
BIN_1005,2026-07-20T17:00:00Z,88.2,4.0,17,0,1830.0,1.0
BIN_1005,2026-07-20T17:30:00Z,88.4,0.4000000000000057,17,0,1860.0,0.5
BIN_1005,2026-07-20T18:00:00Z,90.4,4.0,18,0,1890.0,0.0
BIN_1005,2026-07-20T18:30:00Z,90.9,1.0,18,0,1920.0,0.0
BIN_1005,2026-07-20T19:00:00Z,91.5,1.1999999999999886,19,0,1950.0,0.0
BIN_1005,2026-07-20T19:30:00Z,92.1,1.1999999999999886,19,0,1980.0,0.0
BIN_1005,2026-07-20T20:00:00Z,93.0,1.8000000000000114,20,0,2010.0,0.0
BIN_1005,2026-07-20T20:30:00Z,95.0,4.0,20,0,2040.0,0.0
BIN_1005,2026-07-20T21:00:00Z,96.0,2.0,21,0,2070.0,0.0
BIN_1005,2026-07-20T21:30:00Z,97.4,2.8000000000000114,21,0,2100.0,0.0
BIN_1005,2026-07-20T22:00:00Z,98.8,2.799999999999983,22,0,2130.0,0.0
BIN_1005,2026-07-20T22:30:00Z,99.9,2.200000000000017,22,0,2160.0,0.0
BIN_1005,2026-07-20T23:00:00Z,100.0,0.19999999999998863,23,0,2190.0,0.0
BIN_1005,2026-07-20T23:30:00Z,100.0,0.0,23,0,2220.0,0.0
BIN_1006,2026-07-14T00:00:00Z,18.3,0.0,0,1,0.0,70.5
BIN_1006,2026-07-14T00:30:00Z,20.5,4.399999999999999,0,1,30.0,70.0
BIN_1006,2026-07-14T01:00:00Z,21.3,1.6000000000000014,1,1,60.0,69.5
BIN_1006,2026-07-14T01:30:00Z,22.1,1.6000000000000014,1,1,90.0,69.0
BIN_1006,2026-07-14T02:00:00Z,24.0,3.799999999999997,2,1,120.0,68.5
BIN_1006,2026-07-14T02:30:00Z,24.9,1.7999999999999972,2,1,150.0,68.0
BIN_1006,2026-07-14T03:00:00Z,25.7,1.6000000000000014,3,1,180.0,67.5
BIN_1006,2026-07-14T03:30:00Z,27.2,3.0,3,1,210.0,67.0
BIN_1006,2026-07-14T04:00:00Z,28.5,2.6000000000000014,4,1,240.0,66.5
BIN_1006,2026-07-14T04:30:00Z,7.6,-41.8,4,1,0.0,66.0
BIN_1006,2026-07-14T05:00:00Z,9.1,3.0,5,1,30.0,65.5
BIN_1006,2026-07-14T05:30:00Z,10.7,3.1999999999999993,5,1,60.0,65.0
BIN_1006,2026-07-14T06:00:00Z,0.5,-20.4,6,1,0.0,64.5
BIN_1006,2026-07-14T06:30:00Z,5.8,10.6,6,1,0.0,64.0
BIN_1006,2026-07-14T07:00:00Z,7.5,3.4000000000000004,7,1,30.0,63.5
BIN_1006,2026-07-14T07:30:00Z,7.7,0.40000000000000036,7,1,60.0,63.0
BIN_1006,2026-07-14T08:00:00Z,8.4,1.4000000000000004,8,1,90.0,62.5
BIN_1006,2026-07-14T08:30:00Z,9.6,2.3999999999999986,8,1,120.0,62.0
BIN_1006,2026-07-14T09:00:00Z,9.8,0.40000000000000213,9,1,150.0,61.5
BIN_1006,2026-07-14T09:30:00Z,10.8,2.0,9,1,180.0,61.0
BIN_1006,2026-07-14T10:00:00Z,12.1,2.599999999999998,10,1,210.0,60.5
BIN_1006,2026-07-14T10:30:00Z,12.9,1.6000000000000014,10,1,240.0,60.0
BIN_1006,2026-07-14T11:00:00Z,15.2,4.599999999999998,11,1,270.0,59.5
BIN_1006,2026-07-14T11:30:00Z,16.1,1.8000000000000043,11,1,300.0,59.0
BIN_1006,2026-07-14T12:00:00Z,17.3,2.3999999999999986,12,1,330.0,58.5
BIN_1006,2026-07-14T12:30:00Z,18.5,2.3999999999999986,12,1,360.0,58.0
BIN_1006,2026-07-14T13:00:00Z,19.3,1.6000000000000014,13,1,390.0,57.5
BIN_1006,2026-07-14T13:30:00Z,20.5,2.3999999999999986,13,1,420.0,57.0
BIN_1006,2026-07-14T14:00:00Z,21.5,2.0,14,1,450.0,56.5
BIN_1006,2026-07-14T14:30:00Z,22.6,2.200000000000003,14,1,480.0,56.0
BIN_1006,2026-07-14T15:00:00Z,23.5,1.7999999999999972,15,1,510.0,55.5
BIN_1006,2026-07-14T15:30:00Z,25.4,3.799999999999997,15,1,540.0,55.0
BIN_1006,2026-07-14T16:00:00Z,26.6,2.4000000000000057,16,1,570.0,54.5
BIN_1006,2026-07-14T16:30:00Z,26.9,0.5999999999999943,16,1,600.0,54.0
BIN_1006,2026-07-14T17:00:00Z,27.6,1.4000000000000057,17,1,630.0,53.5
BIN_1006,2026-07-14T17:30:00Z,28.8,2.3999999999999986,17,1,660.0,53.0
BIN_1006,2026-07-14T18:00:00Z,29.3,1.0,18,1,690.0,52.5
BIN_1006,2026-07-14T18:30:00Z,30.1,1.6000000000000014,18,1,720.0,52.0
BIN_1006,2026-07-14T19:00:00Z,29.8,-0.6000000000000014,19,1,750.0,51.5
BIN_1006,2026-07-14T19:30:00Z,30.7,1.7999999999999972,19,1,780.0,51.0
BIN_1006,2026-07-14T20:00:00Z,30.9,0.3999999999999986,20,1,810.0,50.5
BIN_1006,2026-07-14T20:30:00Z,33.1,4.400000000000006,20,1,840.0,50.0
BIN_1006,2026-07-14T21:00:00Z,34.5,2.799999999999997,21,1,870.0,49.5
BIN_1006,2026-07-14T21:30:00Z,36.9,4.799999999999997,21,1,900.0,49.0
BIN_1006,2026-07-14T22:00:00Z,37.8,1.7999999999999972,22,1,930.0,48.5
BIN_1006,2026-07-14T22:30:00Z,37.5,-0.5999999999999943,22,1,960.0,48.0
BIN_1006,2026-07-14T23:00:00Z,5.5,-64.0,23,1,0.0,47.5
BIN_1006,2026-07-14T23:30:00Z,6.0,1.0,23,1,30.0,47.0
BIN_1006,2026-07-15T00:00:00Z,7.4,2.8000000000000007,0,2,60.0,46.5
BIN_1006,2026-07-15T00:30:00Z,8.2,1.5999999999999979,0,2,90.0,46.0
BIN_1006,2026-07-15T01:00:00Z,9.1,1.8000000000000007,1,2,120.0,45.5
BIN_1006,2026-07-15T01:30:00Z,8.7,-0.8000000000000007,1,2,150.0,45.0
BIN_1006,2026-07-15T02:00:00Z,10.4,3.400000000000002,2,2,180.0,44.5
BIN_1006,2026-07-15T02:30:00Z,12.0,3.1999999999999993,2,2,210.0,44.0
BIN_1006,2026-07-15T03:00:00Z,13.0,2.0,3,2,240.0,43.5
BIN_1006,2026-07-15T03:30:00Z,14.8,3.6000000000000014,3,2,270.0,43.0
BIN_1006,2026-07-15T04:00:00Z,15.7,1.7999999999999972,4,2,300.0,42.5
BIN_1006,2026-07-15T04:30:00Z,16.1,0.8000000000000043,4,2,330.0,42.0
BIN_1006,2026-07-15T05:00:00Z,16.5,0.7999999999999972,5,2,360.0,41.5
BIN_1006,2026-07-15T05:30:00Z,17.2,1.3999999999999986,5,2,390.0,41.0
BIN_1006,2026-07-15T06:00:00Z,18.2,2.0,6,2,420.0,40.5
BIN_1006,2026-07-15T06:30:00Z,18.4,0.3999999999999986,6,2,450.0,40.0
BIN_1006,2026-07-15T07:00:00Z,18.5,0.20000000000000284,7,2,480.0,39.5
BIN_1006,2026-07-15T07:30:00Z,19.5,2.0,7,2,510.0,39.0
BIN_1006,2026-07-15T08:00:00Z,21.1,3.200000000000003,8,2,540.0,38.5
BIN_1006,2026-07-15T08:30:00Z,21.2,0.19999999999999574,8,2,570.0,38.0
BIN_1006,2026-07-15T09:00:00Z,22.3,2.200000000000003,9,2,600.0,37.5
BIN_1006,2026-07-15T09:30:00Z,23.4,2.1999999999999957,9,2,630.0,37.0
BIN_1006,2026-07-15T10:00:00Z,24.2,1.6000000000000014,10,2,660.0,36.5
BIN_1006,2026-07-15T10:30:00Z,26.1,3.8000000000000043,10,2,690.0,36.0
BIN_1006,2026-07-15T11:00:00Z,27.2,2.1999999999999957,11,2,720.0,35.5
BIN_1006,2026-07-15T11:30:00Z,28.4,2.3999999999999986,11,2,750.0,35.0
BIN_1006,2026-07-15T12:00:00Z,28.6,0.4000000000000057,12,2,780.0,34.5
BIN_1006,2026-07-15T12:30:00Z,29.3,1.3999999999999986,12,2,810.0,34.0
BIN_1006,2026-07-15T13:00:00Z,30.6,2.6000000000000014,13,2,840.0,33.5
BIN_1006,2026-07-15T13:30:00Z,30.9,0.5999999999999943,13,2,870.0,33.0
BIN_1006,2026-07-15T14:00:00Z,31.7,1.6000000000000014,14,2,900.0,32.5
BIN_1006,2026-07-15T14:30:00Z,32.1,0.8000000000000043,14,2,930.0,32.0
BIN_1006,2026-07-15T15:00:00Z,32.9,1.5999999999999943,15,2,960.0,31.5
BIN_1006,2026-07-15T15:30:00Z,33.7,1.6000000000000085,15,2,990.0,31.0
BIN_1006,2026-07-15T16:00:00Z,35.3,3.1999999999999886,16,2,1020.0,30.5
BIN_1006,2026-07-15T16:30:00Z,35.7,0.8000000000000114,16,2,1050.0,30.0
BIN_1006,2026-07-15T17:00:00Z,37.7,4.0,17,2,1080.0,29.5
BIN_1006,2026-07-15T17:30:00Z,37.9,0.3999999999999915,17,2,1110.0,29.0
BIN_1006,2026-07-15T18:00:00Z,39.4,3.0,18,2,1140.0,28.5
BIN_1006,2026-07-15T18:30:00Z,38.6,-1.5999999999999943,18,2,1170.0,28.0
BIN_1006,2026-07-15T19:00:00Z,39.5,1.7999999999999972,19,2,1200.0,27.5
BIN_1006,2026-07-15T19:30:00Z,41.2,3.4000000000000057,19,2,1230.0,27.0
BIN_1006,2026-07-15T20:00:00Z,43.3,4.199999999999989,20,2,1260.0,26.5
BIN_1006,2026-07-15T20:30:00Z,43.9,1.2000000000000028,20,2,1290.0,26.0
BIN_1006,2026-07-15T21:00:00Z,45.2,2.6000000000000085,21,2,1320.0,25.5
BIN_1006,2026-07-15T21:30:00Z,45.2,0.0,21,2,1350.0,25.0
BIN_1006,2026-07-15T22:00:00Z,46.2,2.0,22,2,1380.0,24.5
BIN_1006,2026-07-15T22:30:00Z,46.3,0.19999999999998863,22,2,1410.0,24.0
BIN_1006,2026-07-15T23:00:00Z,47.9,3.200000000000003,23,2,1440.0,23.5
BIN_1006,2026-07-15T23:30:00Z,49.2,2.6000000000000085,23,2,1470.0,23.0
BIN_1006,2026-07-16T00:00:00Z,49.9,1.3999999999999915,0,3,1500.0,22.5
BIN_1006,2026-07-16T00:30:00Z,52.1,4.400000000000006,0,3,1530.0,22.0
BIN_1006,2026-07-16T01:00:00Z,53.6,3.0,1,3,1560.0,21.5
BIN_1006,2026-07-16T01:30:00Z,54.1,1.0,1,3,1590.0,21.0
BIN_1006,2026-07-16T02:00:00Z,55.2,2.200000000000003,2,3,1620.0,20.5
BIN_1006,2026-07-16T02:30:00Z,55.5,0.5999999999999943,2,3,1650.0,20.0
BIN_1006,2026-07-16T03:00:00Z,57.1,3.200000000000003,3,3,1680.0,19.5
BIN_1006,2026-07-16T03:30:00Z,57.9,1.5999999999999943,3,3,1710.0,19.0
BIN_1006,2026-07-16T04:00:00Z,58.0,0.20000000000000284,4,3,1740.0,18.5
BIN_1006,2026-07-16T04:30:00Z,58.0,0.0,4,3,1770.0,18.0
BIN_1006,2026-07-16T05:00:00Z,58.6,1.2000000000000028,5,3,1800.0,17.5
BIN_1006,2026-07-16T05:30:00Z,59.5,1.7999999999999972,5,3,1830.0,17.0
BIN_1006,2026-07-16T06:00:00Z,59.7,0.4000000000000057,6,3,1860.0,16.5
BIN_1006,2026-07-16T06:30:00Z,61.9,4.3999999999999915,6,3,1890.0,16.0
BIN_1006,2026-07-16T07:00:00Z,62.5,1.2000000000000028,7,3,1920.0,15.5
BIN_1006,2026-07-16T07:30:00Z,62.8,0.5999999999999943,7,3,1950.0,15.0
BIN_1006,2026-07-16T08:00:00Z,63.5,1.4000000000000057,8,3,1980.0,14.5
BIN_1006,2026-07-16T08:30:00Z,64.7,2.4000000000000057,8,3,2010.0,14.0
BIN_1006,2026-07-16T09:00:00Z,65.9,2.4000000000000057,9,3,2040.0,13.5
BIN_1006,2026-07-16T09:30:00Z,66.4,1.0,9,3,2070.0,13.0
BIN_1006,2026-07-16T10:00:00Z,67.4,2.0,10,3,2100.0,12.5
BIN_1006,2026-07-16T10:30:00Z,69.0,3.1999999999999886,10,3,2130.0,12.0
BIN_1006,2026-07-16T11:00:00Z,69.5,1.0,11,3,2160.0,11.5
BIN_1006,2026-07-16T11:30:00Z,70.9,2.8000000000000114,11,3,2190.0,11.0
BIN_1006,2026-07-16T12:00:00Z,71.6,1.3999999999999773,12,3,2220.0,10.5
BIN_1006,2026-07-16T12:30:00Z,72.0,0.8000000000000114,12,3,2250.0,10.0
BIN_1006,2026-07-16T13:00:00Z,72.6,1.1999999999999886,13,3,2280.0,9.5
BIN_1006,2026-07-16T13:30:00Z,73.8,2.4000000000000057,13,3,2310.0,9.0
BIN_1006,2026-07-16T14:00:00Z,74.3,1.0,14,3,2340.0,8.5
BIN_1006,2026-07-16T14:30:00Z,74.1,-0.4000000000000057,14,3,2370.0,8.0
BIN_1006,2026-07-16T15:00:00Z,75.9,3.6000000000000227,15,3,2400.0,7.5
BIN_1006,2026-07-16T15:30:00Z,76.5,1.1999999999999886,15,3,2430.0,7.0
BIN_1006,2026-07-16T16:00:00Z,78.3,3.5999999999999943,16,3,2460.0,6.5
BIN_1006,2026-07-16T16:30:00Z,79.3,2.0,16,3,2490.0,6.0
BIN_1006,2026-07-16T17:00:00Z,80.2,1.8000000000000114,17,3,2520.0,5.5
BIN_1006,2026-07-16T17:30:00Z,81.0,1.5999999999999943,17,3,2550.0,5.0
BIN_1006,2026-07-16T18:00:00Z,81.6,1.1999999999999886,18,3,2580.0,4.5
BIN_1006,2026-07-16T18:30:00Z,84.0,4.800000000000011,18,3,2610.0,4.0
BIN_1006,2026-07-16T19:00:00Z,85.4,2.8000000000000114,19,3,2640.0,3.5
BIN_1006,2026-07-16T19:30:00Z,85.7,0.5999999999999943,19,3,2670.0,3.0
BIN_1006,2026-07-16T20:00:00Z,85.9,0.4000000000000057,20,3,2700.0,2.5
BIN_1006,2026-07-16T20:30:00Z,87.3,2.799999999999983,20,3,2730.0,2.0
BIN_1006,2026-07-16T21:00:00Z,87.8,1.0,21,3,2760.0,1.5
BIN_1006,2026-07-16T21:30:00Z,88.5,1.4000000000000057,21,3,2790.0,1.0
BIN_1006,2026-07-16T22:00:00Z,89.3,1.5999999999999943,22,3,2820.0,0.5
BIN_1006,2026-07-16T22:30:00Z,90.4,2.200000000000017,22,3,2850.0,0.0
BIN_1006,2026-07-16T23:00:00Z,90.8,0.799999999999983,23,3,2880.0,0.0
BIN_1006,2026-07-16T23:30:00Z,91.2,0.8000000000000114,23,3,2910.0,0.0
BIN_1006,2026-07-17T00:00:00Z,92.6,2.799999999999983,0,4,2940.0,0.0
BIN_1006,2026-07-17T00:30:00Z,93.6,2.0,0,4,2970.0,0.0
BIN_1006,2026-07-17T01:00:00Z,5.5,-176.2,1,4,0.0,63.5
BIN_1006,2026-07-17T01:30:00Z,6.3,1.5999999999999996,1,4,30.0,63.0
BIN_1006,2026-07-17T02:00:00Z,7.7,2.8000000000000007,2,4,60.0,62.5
BIN_1006,2026-07-17T02:30:00Z,9.9,4.4,2,4,90.0,62.0
BIN_1006,2026-07-17T03:00:00Z,10.8,1.8000000000000007,3,4,120.0,61.5
BIN_1006,2026-07-17T03:30:00Z,11.5,1.3999999999999986,3,4,150.0,61.0
BIN_1006,2026-07-17T04:00:00Z,13.1,3.1999999999999993,4,4,180.0,60.5
BIN_1006,2026-07-17T04:30:00Z,14.9,3.6000000000000014,4,4,210.0,60.0
BIN_1006,2026-07-17T05:00:00Z,15.0,0.1999999999999993,5,4,240.0,59.5
BIN_1006,2026-07-17T05:30:00Z,2.2,-25.6,5,4,0.0,59.0
BIN_1006,2026-07-17T06:00:00Z,3.2,2.0,6,4,30.0,58.5
BIN_1006,2026-07-17T06:30:00Z,3.8,1.1999999999999993,6,4,60.0,58.0
BIN_1006,2026-07-17T07:00:00Z,4.6,1.5999999999999996,7,4,90.0,57.5
BIN_1006,2026-07-17T07:30:00Z,6.1,3.0,7,4,120.0,57.0
BIN_1006,2026-07-17T08:00:00Z,6.3,0.40000000000000036,8,4,150.0,56.5
BIN_1006,2026-07-17T08:30:00Z,8.4,4.200000000000001,8,4,180.0,56.0
BIN_1006,2026-07-17T09:00:00Z,8.1,-0.6000000000000014,9,4,210.0,55.5
BIN_1006,2026-07-17T09:30:00Z,8.0,-0.1999999999999993,9,4,240.0,55.0
BIN_1006,2026-07-17T10:00:00Z,9.4,2.8000000000000007,10,4,270.0,54.5
BIN_1006,2026-07-17T10:30:00Z,10.7,2.599999999999998,10,4,300.0,54.0
BIN_1006,2026-07-17T11:00:00Z,11.4,1.4000000000000021,11,4,330.0,53.5
BIN_1006,2026-07-17T11:30:00Z,12.1,1.3999999999999986,11,4,360.0,53.0
BIN_1006,2026-07-17T12:00:00Z,13.7,3.1999999999999993,12,4,390.0,52.5
BIN_1006,2026-07-17T12:30:00Z,15.8,4.200000000000003,12,4,420.0,52.0
BIN_1006,2026-07-17T13:00:00Z,17.3,3.0,13,4,450.0,51.5
BIN_1006,2026-07-17T13:30:00Z,18.0,1.3999999999999986,13,4,480.0,51.0
BIN_1006,2026-07-17T14:00:00Z,18.6,1.2000000000000028,14,4,510.0,50.5
BIN_1006,2026-07-17T14:30:00Z,18.8,0.3999999999999986,14,4,540.0,50.0
BIN_1006,2026-07-17T15:00:00Z,20.2,2.799999999999997,15,4,570.0,49.5
BIN_1006,2026-07-17T15:30:00Z,20.5,0.6000000000000014,15,4,600.0,49.0
BIN_1006,2026-07-17T16:00:00Z,20.8,0.6000000000000014,16,4,630.0,48.5
BIN_1006,2026-07-17T16:30:00Z,20.6,-0.3999999999999986,16,4,660.0,48.0
BIN_1006,2026-07-17T17:00:00Z,21.7,2.1999999999999957,17,4,690.0,47.5
BIN_1006,2026-07-17T17:30:00Z,23.1,2.8000000000000043,17,4,720.0,47.0
BIN_1006,2026-07-17T18:00:00Z,23.9,1.5999999999999943,18,4,750.0,46.5
BIN_1006,2026-07-17T18:30:00Z,24.7,1.6000000000000014,18,4,780.0,46.0
BIN_1006,2026-07-17T19:00:00Z,24.6,-0.19999999999999574,19,4,810.0,45.5
BIN_1006,2026-07-17T19:30:00Z,26.0,2.799999999999997,19,4,840.0,45.0
BIN_1006,2026-07-17T20:00:00Z,27.2,2.3999999999999986,20,4,870.0,44.5
BIN_1006,2026-07-17T20:30:00Z,28.3,2.200000000000003,20,4,900.0,44.0
BIN_1006,2026-07-17T21:00:00Z,28.8,1.0,21,4,930.0,43.5
BIN_1006,2026-07-17T21:30:00Z,28.9,0.19999999999999574,21,4,960.0,43.0
BIN_1006,2026-07-17T22:00:00Z,29.4,1.0,22,4,990.0,42.5
BIN_1006,2026-07-17T22:30:00Z,30.0,1.2000000000000028,22,4,1020.0,42.0
BIN_1006,2026-07-17T23:00:00Z,30.1,0.20000000000000284,23,4,1050.0,41.5
BIN_1006,2026-07-17T23:30:00Z,31.0,1.7999999999999972,23,4,1080.0,41.0
BIN_1006,2026-07-18T00:00:00Z,31.0,0.0,0,5,1110.0,40.5
BIN_1006,2026-07-18T00:30:00Z,31.7,1.3999999999999986,0,5,1140.0,40.0
BIN_1006,2026-07-18T01:00:00Z,31.2,-1.0,1,5,1170.0,39.5
BIN_1006,2026-07-18T01:30:00Z,31.1,-0.19999999999999574,1,5,1200.0,39.0
BIN_1006,2026-07-18T02:00:00Z,31.1,0.0,2,5,1230.0,38.5
BIN_1006,2026-07-18T02:30:00Z,32.4,2.5999999999999943,2,5,1260.0,38.0
BIN_1006,2026-07-18T03:00:00Z,33.1,1.4000000000000057,3,5,1290.0,37.5
BIN_1006,2026-07-18T03:30:00Z,34.9,3.5999999999999943,3,5,1320.0,37.0
BIN_1006,2026-07-18T04:00:00Z,35.3,0.7999999999999972,4,5,1350.0,36.5
BIN_1006,2026-07-18T04:30:00Z,34.9,-0.7999999999999972,4,5,1380.0,36.0
BIN_1006,2026-07-18T05:00:00Z,34.7,-0.3999999999999915,5,5,1410.0,35.5
BIN_1006,2026-07-18T05:30:00Z,36.0,2.5999999999999943,5,5,1440.0,35.0
BIN_1006,2026-07-18T06:00:00Z,37.3,2.5999999999999943,6,5,1470.0,34.5
BIN_1006,2026-07-18T06:30:00Z,38.4,2.200000000000003,6,5,1500.0,34.0
BIN_1006,2026-07-18T07:00:00Z,39.1,1.4000000000000057,7,5,1530.0,33.5
BIN_1006,2026-07-18T07:30:00Z,39.5,0.7999999999999972,7,5,1560.0,33.0
BIN_1006,2026-07-18T08:00:00Z,41.0,3.0,8,5,1590.0,32.5
BIN_1006,2026-07-18T08:30:00Z,42.2,2.4000000000000057,8,5,1620.0,32.0
BIN_1006,2026-07-18T09:00:00Z,43.0,1.5999999999999943,9,5,1650.0,31.5
BIN_1006,2026-07-18T09:30:00Z,43.3,0.5999999999999943,9,5,1680.0,31.0
BIN_1006,2026-07-18T10:00:00Z,44.8,3.0,10,5,1710.0,30.5
BIN_1006,2026-07-18T10:30:00Z,45.7,1.8000000000000114,10,5,1740.0,30.0
BIN_1006,2026-07-18T11:00:00Z,45.9,0.3999999999999915,11,5,1770.0,29.5
BIN_1006,2026-07-18T11:30:00Z,46.2,0.6000000000000085,11,5,1800.0,29.0
BIN_1006,2026-07-18T12:00:00Z,47.2,2.0,12,5,1830.0,28.5
BIN_1006,2026-07-18T12:30:00Z,48.1,1.7999999999999972,12,5,1860.0,28.0
BIN_1006,2026-07-18T13:00:00Z,48.8,1.3999999999999915,13,5,1890.0,27.5
BIN_1006,2026-07-18T13:30:00Z,50.2,2.8000000000000114,13,5,1920.0,27.0
BIN_1006,2026-07-18T14:00:00Z,50.9,1.3999999999999915,14,5,1950.0,26.5
BIN_1006,2026-07-18T14:30:00Z,52.1,2.4000000000000057,14,5,1980.0,26.0
BIN_1006,2026-07-18T15:00:00Z,53.4,2.5999999999999943,15,5,2010.0,25.5
BIN_1006,2026-07-18T15:30:00Z,54.2,1.6000000000000085,15,5,2040.0,25.0
BIN_1006,2026-07-18T16:00:00Z,54.6,0.7999999999999972,16,5,2070.0,24.5
BIN_1006,2026-07-18T16:30:00Z,55.2,1.2000000000000028,16,5,2100.0,24.0
BIN_1006,2026-07-18T17:00:00Z,56.3,2.1999999999999886,17,5,2130.0,23.5
BIN_1006,2026-07-18T17:30:00Z,56.3,0.0,17,5,2160.0,23.0
BIN_1006,2026-07-18T18:00:00Z,57.4,2.200000000000003,18,5,2190.0,22.5
BIN_1006,2026-07-18T18:30:00Z,57.6,0.4000000000000057,18,5,2220.0,22.0
BIN_1006,2026-07-18T19:00:00Z,58.4,1.5999999999999943,19,5,2250.0,21.5
BIN_1006,2026-07-18T19:30:00Z,59.2,1.6000000000000085,19,5,2280.0,21.0
BIN_1006,2026-07-18T20:00:00Z,60.0,1.5999999999999943,20,5,2310.0,20.5
BIN_1006,2026-07-18T20:30:00Z,61.6,3.200000000000003,20,5,2340.0,20.0
BIN_1006,2026-07-18T21:00:00Z,62.4,1.5999999999999943,21,5,2370.0,19.5
BIN_1006,2026-07-18T21:30:00Z,61.5,-1.7999999999999972,21,5,2400.0,19.0
BIN_1006,2026-07-18T22:00:00Z,62.6,2.200000000000003,22,5,2430.0,18.5
BIN_1006,2026-07-18T22:30:00Z,63.8,2.3999999999999915,22,5,2460.0,18.0
BIN_1006,2026-07-18T23:00:00Z,66.0,4.400000000000006,23,5,2490.0,17.5
BIN_1006,2026-07-18T23:30:00Z,66.0,0.0,23,5,2520.0,17.0
BIN_1006,2026-07-19T00:00:00Z,67.1,2.1999999999999886,0,6,2550.0,16.5
BIN_1006,2026-07-19T00:30:00Z,68.2,2.200000000000017,0,6,2580.0,16.0
BIN_1006,2026-07-19T01:00:00Z,68.9,1.4000000000000057,1,6,2610.0,15.5
BIN_1006,2026-07-19T01:30:00Z,69.7,1.5999999999999943,1,6,2640.0,15.0
BIN_1006,2026-07-19T02:00:00Z,70.0,0.5999999999999943,2,6,2670.0,14.5
BIN_1006,2026-07-19T02:30:00Z,69.7,-0.5999999999999943,2,6,2700.0,14.0
BIN_1006,2026-07-19T03:00:00Z,69.5,-0.4000000000000057,3,6,2730.0,13.5
BIN_1006,2026-07-19T03:30:00Z,70.6,2.1999999999999886,3,6,2760.0,13.0
BIN_1006,2026-07-19T04:00:00Z,70.8,0.4000000000000057,4,6,2790.0,12.5
BIN_1006,2026-07-19T04:30:00Z,71.4,1.200000000000017,4,6,2820.0,12.0
BIN_1006,2026-07-19T05:00:00Z,71.8,0.799999999999983,5,6,2850.0,11.5
BIN_1006,2026-07-19T05:30:00Z,73.3,3.0,5,6,2880.0,11.0
BIN_1006,2026-07-19T06:00:00Z,73.4,0.20000000000001705,6,6,2910.0,10.5
BIN_1006,2026-07-19T06:30:00Z,74.3,1.799999999999983,6,6,2940.0,10.0
BIN_1006,2026-07-19T07:00:00Z,75.9,3.200000000000017,7,6,2970.0,9.5
BIN_1006,2026-07-19T07:30:00Z,76.8,1.799999999999983,7,6,3000.0,9.0
BIN_1006,2026-07-19T08:00:00Z,77.9,2.200000000000017,8,6,3030.0,8.5
BIN_1006,2026-07-19T08:30:00Z,78.2,0.5999999999999943,8,6,3060.0,8.0
BIN_1006,2026-07-19T09:00:00Z,79.3,2.1999999999999886,9,6,3090.0,7.5
BIN_1006,2026-07-19T09:30:00Z,80.3,2.0,9,6,3120.0,7.0
BIN_1006,2026-07-19T10:00:00Z,81.0,1.4000000000000057,10,6,3150.0,6.5
BIN_1006,2026-07-19T10:30:00Z,81.7,1.4000000000000057,10,6,3180.0,6.0
BIN_1006,2026-07-19T11:00:00Z,82.4,1.4000000000000057,11,6,3210.0,5.5
BIN_1006,2026-07-19T11:30:00Z,82.4,0.0,11,6,3240.0,5.0
BIN_1006,2026-07-19T12:00:00Z,82.7,0.5999999999999943,12,6,3270.0,4.5
BIN_1006,2026-07-19T12:30:00Z,83.9,2.4000000000000057,12,6,3300.0,4.0
BIN_1006,2026-07-19T13:00:00Z,85.0,2.1999999999999886,13,6,3330.0,3.5
BIN_1006,2026-07-19T13:30:00Z,86.1,2.1999999999999886,13,6,3360.0,3.0
BIN_1006,2026-07-19T14:00:00Z,86.2,0.20000000000001705,14,6,3390.0,2.5
BIN_1006,2026-07-19T14:30:00Z,87.3,2.1999999999999886,14,6,3420.0,2.0
BIN_1006,2026-07-19T15:00:00Z,88.7,2.8000000000000114,15,6,3450.0,1.5
BIN_1006,2026-07-19T15:30:00Z,89.3,1.1999999999999886,15,6,3480.0,1.0
BIN_1006,2026-07-19T16:00:00Z,89.8,1.0,16,6,3510.0,0.5
BIN_1006,2026-07-19T16:30:00Z,90.8,2.0,16,6,3540.0,0.0
BIN_1006,2026-07-19T17:00:00Z,91.8,2.0,17,6,3570.0,0.0
BIN_1006,2026-07-19T17:30:00Z,92.8,2.0,17,6,3600.0,0.0
BIN_1006,2026-07-19T18:00:00Z,94.3,3.0,18,6,3630.0,0.0
BIN_1006,2026-07-19T18:30:00Z,94.2,-0.19999999999998863,18,6,3660.0,0.0
BIN_1006,2026-07-19T19:00:00Z,94.9,1.4000000000000057,19,6,3690.0,0.0
BIN_1006,2026-07-19T19:30:00Z,95.1,0.39999999999997726,19,6,3720.0,0.0
BIN_1006,2026-07-19T20:00:00Z,94.9,-0.39999999999997726,20,6,3750.0,0.0
BIN_1006,2026-07-19T20:30:00Z,96.3,2.799999999999983,20,6,3780.0,0.0
BIN_1006,2026-07-19T21:00:00Z,97.5,2.4000000000000057,21,6,3810.0,0.0
BIN_1006,2026-07-19T21:30:00Z,97.7,0.4000000000000057,21,6,3840.0,0.0
BIN_1006,2026-07-19T22:00:00Z,99.4,3.4000000000000057,22,6,3870.0,0.0
BIN_1006,2026-07-19T22:30:00Z,99.6,0.39999999999997726,22,6,3900.0,0.0
BIN_1006,2026-07-19T23:00:00Z,100.0,0.8000000000000114,23,6,3930.0,0.0
BIN_1006,2026-07-19T23:30:00Z,100.0,0.0,23,6,3960.0,0.0
BIN_1006,2026-07-20T00:00:00Z,100.0,0.0,0,0,3990.0,0.0
BIN_1006,2026-07-20T00:30:00Z,100.0,0.0,0,0,4020.0,0.0
BIN_1006,2026-07-20T01:00:00Z,100.0,0.0,1,0,4050.0,0.0
BIN_1006,2026-07-20T01:30:00Z,100.0,0.0,1,0,4080.0,0.0
BIN_1006,2026-07-20T02:00:00Z,100.0,0.0,2,0,4110.0,0.0
BIN_1006,2026-07-20T02:30:00Z,100.0,0.0,2,0,4140.0,0.0
BIN_1006,2026-07-20T03:00:00Z,100.0,0.0,3,0,4170.0,0.0
BIN_1006,2026-07-20T03:30:00Z,100.0,0.0,3,0,4200.0,0.0
BIN_1006,2026-07-20T04:00:00Z,100.0,0.0,4,0,4230.0,0.0
BIN_1006,2026-07-20T04:30:00Z,100.0,0.0,4,0,4260.0,0.0
BIN_1006,2026-07-20T05:00:00Z,100.0,0.0,5,0,4290.0,0.0
BIN_1006,2026-07-20T05:30:00Z,100.0,0.0,5,0,4320.0,0.0
BIN_1006,2026-07-20T06:00:00Z,100.0,0.0,6,0,4350.0,0.0
BIN_1006,2026-07-20T06:30:00Z,100.0,0.0,6,0,4380.0,0.0
BIN_1006,2026-07-20T07:00:00Z,100.0,0.0,7,0,4410.0,0.0
BIN_1006,2026-07-20T07:30:00Z,100.0,0.0,7,0,4440.0,0.0
BIN_1006,2026-07-20T08:00:00Z,100.0,0.0,8,0,4470.0,0.0
BIN_1006,2026-07-20T08:30:00Z,100.0,0.0,8,0,4500.0,0.0
BIN_1006,2026-07-20T09:00:00Z,100.0,0.0,9,0,4530.0,0.0
BIN_1006,2026-07-20T09:30:00Z,100.0,0.0,9,0,4560.0,0.0
BIN_1006,2026-07-20T10:00:00Z,100.0,0.0,10,0,4590.0,0.0
BIN_1006,2026-07-20T10:30:00Z,100.0,0.0,10,0,4620.0,0.0
BIN_1006,2026-07-20T11:00:00Z,100.0,0.0,11,0,4650.0,0.0
BIN_1006,2026-07-20T11:30:00Z,100.0,0.0,11,0,4680.0,0.0
BIN_1006,2026-07-20T12:00:00Z,100.0,0.0,12,0,4710.0,0.0
BIN_1006,2026-07-20T12:30:00Z,100.0,0.0,12,0,4740.0,0.0
BIN_1006,2026-07-20T13:00:00Z,100.0,0.0,13,0,4770.0,0.0
BIN_1006,2026-07-20T13:30:00Z,100.0,0.0,13,0,4800.0,0.0
BIN_1006,2026-07-20T14:00:00Z,100.0,0.0,14,0,4830.0,0.0
BIN_1006,2026-07-20T14:30:00Z,99.9,-0.19999999999998863,14,0,4860.0,0.0
BIN_1006,2026-07-20T15:00:00Z,100.0,0.19999999999998863,15,0,4890.0,0.0
BIN_1006,2026-07-20T15:30:00Z,100.0,0.0,15,0,4920.0,0.0
BIN_1006,2026-07-20T16:00:00Z,100.0,0.0,16,0,4950.0,0.0
BIN_1006,2026-07-20T16:30:00Z,99.7,-0.5999999999999943,16,0,4980.0,0.0
BIN_1006,2026-07-20T17:00:00Z,100.0,0.5999999999999943,17,0,5010.0,0.0
BIN_1006,2026-07-20T17:30:00Z,100.0,0.0,17,0,5040.0,0.0
BIN_1006,2026-07-20T18:00:00Z,100.0,0.0,18,0,5070.0,0.0
BIN_1006,2026-07-20T18:30:00Z,100.0,0.0,18,0,5100.0,0.0
BIN_1006,2026-07-20T19:00:00Z,99.7,-0.5999999999999943,19,0,5130.0,0.0
BIN_1006,2026-07-20T19:30:00Z,100.0,0.5999999999999943,19,0,5160.0,0.0
BIN_1006,2026-07-20T20:00:00Z,100.0,0.0,20,0,5190.0,0.0
BIN_1006,2026-07-20T20:30:00Z,100.0,0.0,20,0,5220.0,0.0
BIN_1006,2026-07-20T21:00:00Z,100.0,0.0,21,0,5250.0,0.0
BIN_1006,2026-07-20T21:30:00Z,100.0,0.0,21,0,5280.0,0.0
BIN_1006,2026-07-20T22:00:00Z,100.0,0.0,22,0,5310.0,0.0
BIN_1006,2026-07-20T22:30:00Z,99.9,-0.19999999999998863,22,0,5340.0,0.0
BIN_1006,2026-07-20T23:00:00Z,100.0,0.19999999999998863,23,0,5370.0,0.0
BIN_1006,2026-07-20T23:30:00Z,100.0,0.0,23,0,5400.0,0.0
BIN_1007,2026-07-14T00:00:00Z,20.3,0.0,0,1,0.0,34.0
BIN_1007,2026-07-14T00:30:00Z,20.6,0.6000000000000014,0,1,30.0,33.5
BIN_1007,2026-07-14T01:00:00Z,21.8,2.3999999999999986,1,1,60.0,33.0
BIN_1007,2026-07-14T01:30:00Z,22.0,0.3999999999999986,1,1,90.0,32.5
BIN_1007,2026-07-14T02:00:00Z,22.6,1.2000000000000028,2,1,120.0,32.0
BIN_1007,2026-07-14T02:30:00Z,23.8,2.3999999999999986,2,1,150.0,31.5
BIN_1007,2026-07-14T03:00:00Z,24.9,2.1999999999999957,3,1,180.0,31.0
BIN_1007,2026-07-14T03:30:00Z,26.8,3.8000000000000043,3,1,210.0,30.5
BIN_1007,2026-07-14T04:00:00Z,26.9,0.19999999999999574,4,1,240.0,30.0
BIN_1007,2026-07-14T04:30:00Z,28.2,2.6000000000000014,4,1,270.0,29.5
BIN_1007,2026-07-14T05:00:00Z,28.6,0.8000000000000043,5,1,300.0,29.0
BIN_1007,2026-07-14T05:30:00Z,30.1,3.0,5,1,330.0,28.5
BIN_1007,2026-07-14T06:00:00Z,30.1,0.0,6,1,360.0,28.0
BIN_1007,2026-07-14T06:30:00Z,31.4,2.5999999999999943,6,1,390.0,27.5
BIN_1007,2026-07-14T07:00:00Z,33.7,4.6000000000000085,7,1,420.0,27.0
BIN_1007,2026-07-14T07:30:00Z,35.9,4.3999999999999915,7,1,450.0,26.5
BIN_1007,2026-07-14T08:00:00Z,37.5,3.200000000000003,8,1,480.0,26.0
BIN_1007,2026-07-14T08:30:00Z,39.0,3.0,8,1,510.0,25.5
BIN_1007,2026-07-14T09:00:00Z,38.6,-0.7999999999999972,9,1,540.0,25.0
BIN_1007,2026-07-14T09:30:00Z,39.8,2.3999999999999915,9,1,570.0,24.5
BIN_1007,2026-07-14T10:00:00Z,42.0,4.400000000000006,10,1,600.0,24.0
BIN_1007,2026-07-14T10:30:00Z,43.1,2.200000000000003,10,1,630.0,23.5
BIN_1007,2026-07-14T11:00:00Z,43.1,0.0,11,1,660.0,23.0
BIN_1007,2026-07-14T11:30:00Z,44.0,1.7999999999999972,11,1,690.0,22.5
BIN_1007,2026-07-14T12:00:00Z,45.8,3.5999999999999943,12,1,720.0,22.0
BIN_1007,2026-07-14T12:30:00Z,46.2,0.8000000000000114,12,1,750.0,21.5
BIN_1007,2026-07-14T13:00:00Z,47.3,2.1999999999999886,13,1,780.0,21.0
BIN_1007,2026-07-14T13:30:00Z,49.3,4.0,13,1,810.0,20.5
BIN_1007,2026-07-14T14:00:00Z,49.2,-0.19999999999998863,14,1,840.0,20.0
BIN_1007,2026-07-14T14:30:00Z,50.1,1.7999999999999972,14,1,870.0,19.5
BIN_1007,2026-07-14T15:00:00Z,51.2,2.200000000000003,15,1,900.0,19.0
BIN_1007,2026-07-14T15:30:00Z,51.8,1.1999999999999886,15,1,930.0,18.5
BIN_1007,2026-07-14T16:00:00Z,53.1,2.6000000000000085,16,1,960.0,18.0
BIN_1007,2026-07-14T16:30:00Z,54.5,2.799999999999997,16,1,990.0,17.5
BIN_1007,2026-07-14T17:00:00Z,55.9,2.799999999999997,17,1,1020.0,17.0
BIN_1007,2026-07-14T17:30:00Z,57.1,2.4000000000000057,17,1,1050.0,16.5
BIN_1007,2026-07-14T18:00:00Z,58.0,1.7999999999999972,18,1,1080.0,16.0
BIN_1007,2026-07-14T18:30:00Z,59.1,2.200000000000003,18,1,1110.0,15.5
BIN_1007,2026-07-14T19:00:00Z,60.7,3.200000000000003,19,1,1140.0,15.0
BIN_1007,2026-07-14T19:30:00Z,61.3,1.1999999999999886,19,1,1170.0,14.5
BIN_1007,2026-07-14T20:00:00Z,62.9,3.200000000000003,20,1,1200.0,14.0
BIN_1007,2026-07-14T20:30:00Z,63.7,1.6000000000000085,20,1,1230.0,13.5
BIN_1007,2026-07-14T21:00:00Z,65.3,3.1999999999999886,21,1,1260.0,13.0
BIN_1007,2026-07-14T21:30:00Z,66.2,1.8000000000000114,21,1,1290.0,12.5
BIN_1007,2026-07-14T22:00:00Z,67.3,2.1999999999999886,22,1,1320.0,12.0
BIN_1007,2026-07-14T22:30:00Z,68.3,2.0,22,1,1350.0,11.5
BIN_1007,2026-07-14T23:00:00Z,69.3,2.0,23,1,1380.0,11.0
BIN_1007,2026-07-14T23:30:00Z,69.6,0.5999999999999943,23,1,1410.0,10.5
BIN_1007,2026-07-15T00:00:00Z,70.3,1.4000000000000057,0,2,1440.0,10.0
BIN_1007,2026-07-15T00:30:00Z,71.1,1.5999999999999943,0,2,1470.0,9.5
BIN_1007,2026-07-15T01:00:00Z,72.6,3.0,1,2,1500.0,9.0
BIN_1007,2026-07-15T01:30:00Z,74.2,3.200000000000017,1,2,1530.0,8.5
BIN_1007,2026-07-15T02:00:00Z,75.7,3.0,2,2,1560.0,8.0
BIN_1007,2026-07-15T02:30:00Z,75.9,0.4000000000000057,2,2,1590.0,7.5
BIN_1007,2026-07-15T03:00:00Z,77.2,2.5999999999999943,3,2,1620.0,7.0
BIN_1007,2026-07-15T03:30:00Z,79.4,4.400000000000006,3,2,1650.0,6.5
BIN_1007,2026-07-15T04:00:00Z,80.7,2.5999999999999943,4,2,1680.0,6.0
BIN_1007,2026-07-15T04:30:00Z,82.6,3.799999999999983,4,2,1710.0,5.5
BIN_1007,2026-07-15T05:00:00Z,83.6,2.0,5,2,1740.0,5.0
BIN_1007,2026-07-15T05:30:00Z,83.9,0.6000000000000227,5,2,1770.0,4.5
BIN_1007,2026-07-15T06:00:00Z,84.6,1.3999999999999773,6,2,1800.0,4.0
BIN_1007,2026-07-15T06:30:00Z,85.9,2.6000000000000227,6,2,1830.0,3.5
BIN_1007,2026-07-15T07:00:00Z,86.2,0.5999999999999943,7,2,1860.0,3.0
BIN_1007,2026-07-15T07:30:00Z,87.4,2.4000000000000057,7,2,1890.0,2.5
BIN_1007,2026-07-15T08:00:00Z,88.3,1.799999999999983,8,2,1920.0,2.0
BIN_1007,2026-07-15T08:30:00Z,88.2,-0.19999999999998863,8,2,1950.0,1.5
BIN_1007,2026-07-15T09:00:00Z,88.7,1.0,9,2,1980.0,1.0
BIN_1007,2026-07-15T09:30:00Z,89.4,1.4000000000000057,9,2,2010.0,0.5
BIN_1007,2026-07-15T10:00:00Z,91.2,3.5999999999999943,10,2,2040.0,0.0
BIN_1007,2026-07-15T10:30:00Z,92.6,2.799999999999983,10,2,2070.0,0.0
BIN_1007,2026-07-15T11:00:00Z,93.4,1.6000000000000227,11,2,2100.0,0.0
BIN_1007,2026-07-15T11:30:00Z,94.5,2.1999999999999886,11,2,2130.0,0.0
BIN_1007,2026-07-15T12:00:00Z,95.4,1.8000000000000114,12,2,2160.0,0.0
BIN_1007,2026-07-15T12:30:00Z,96.4,2.0,12,2,2190.0,0.0
BIN_1007,2026-07-15T13:00:00Z,97.5,2.1999999999999886,13,2,2220.0,0.0
BIN_1007,2026-07-15T13:30:00Z,96.9,-1.1999999999999886,13,2,2250.0,0.0
BIN_1007,2026-07-15T14:00:00Z,96.4,-1.0,14,2,2280.0,0.0
BIN_1007,2026-07-15T14:30:00Z,97.6,2.3999999999999773,14,2,2310.0,0.0
BIN_1007,2026-07-15T15:00:00Z,98.8,2.4000000000000057,15,2,2340.0,0.0
BIN_1007,2026-07-15T15:30:00Z,98.8,0.0,15,2,2370.0,0.0
BIN_1007,2026-07-15T16:00:00Z,100.0,2.4000000000000057,16,2,2400.0,0.0
BIN_1007,2026-07-15T16:30:00Z,99.6,-0.8000000000000114,16,2,2430.0,0.0
BIN_1007,2026-07-15T17:00:00Z,100.0,0.8000000000000114,17,2,2460.0,0.0
BIN_1007,2026-07-15T17:30:00Z,99.4,-1.1999999999999886,17,2,2490.0,0.0
BIN_1007,2026-07-15T18:00:00Z,99.9,1.0,18,2,2520.0,0.0
BIN_1007,2026-07-15T18:30:00Z,100.0,0.19999999999998863,18,2,2550.0,0.0
BIN_1007,2026-07-15T19:00:00Z,100.0,0.0,19,2,2580.0,0.0
BIN_1007,2026-07-15T19:30:00Z,100.0,0.0,19,2,2610.0,0.0
BIN_1007,2026-07-15T20:00:00Z,100.0,0.0,20,2,2640.0,0.0
BIN_1007,2026-07-15T20:30:00Z,100.0,0.0,20,2,2670.0,0.0
BIN_1007,2026-07-15T21:00:00Z,100.0,0.0,21,2,2700.0,0.0
BIN_1007,2026-07-15T21:30:00Z,100.0,0.0,21,2,2730.0,0.0
BIN_1007,2026-07-15T22:00:00Z,100.0,0.0,22,2,2760.0,0.0
BIN_1007,2026-07-15T22:30:00Z,100.0,0.0,22,2,2790.0,0.0
BIN_1007,2026-07-15T23:00:00Z,100.0,0.0,23,2,2820.0,0.0
BIN_1007,2026-07-15T23:30:00Z,100.0,0.0,23,2,2850.0,0.0
BIN_1007,2026-07-16T00:00:00Z,100.0,0.0,0,3,2880.0,0.0
BIN_1007,2026-07-16T00:30:00Z,100.0,0.0,0,3,2910.0,0.0
BIN_1007,2026-07-16T01:00:00Z,100.0,0.0,1,3,2940.0,0.0
BIN_1007,2026-07-16T01:30:00Z,100.0,0.0,1,3,2970.0,0.0
BIN_1007,2026-07-16T02:00:00Z,100.0,0.0,2,3,3000.0,0.0
BIN_1007,2026-07-16T02:30:00Z,100.0,0.0,2,3,3030.0,0.0
BIN_1008,2026-07-14T00:00:00Z,17.2,0.0,0,1,0.0,64.0
BIN_1008,2026-07-14T00:30:00Z,18.2,2.0,0,1,30.0,63.5
BIN_1008,2026-07-14T01:00:00Z,19.2,2.0,1,1,60.0,63.0
BIN_1008,2026-07-14T01:30:00Z,19.6,0.8000000000000043,1,1,90.0,62.5
BIN_1008,2026-07-14T02:00:00Z,20.2,1.1999999999999957,2,1,120.0,62.0
BIN_1008,2026-07-14T02:30:00Z,20.4,0.3999999999999986,2,1,150.0,61.5
BIN_1008,2026-07-14T03:00:00Z,22.4,4.0,3,1,180.0,61.0
BIN_1008,2026-07-14T03:30:00Z,22.2,-0.3999999999999986,3,1,210.0,60.5
BIN_1008,2026-07-14T04:00:00Z,22.6,0.8000000000000043,4,1,240.0,60.0
BIN_1008,2026-07-14T04:30:00Z,22.9,0.5999999999999943,4,1,270.0,59.5
BIN_1008,2026-07-14T05:00:00Z,22.8,-0.19999999999999574,5,1,300.0,59.0
BIN_1008,2026-07-14T05:30:00Z,23.0,0.3999999999999986,5,1,330.0,58.5
BIN_1008,2026-07-14T06:00:00Z,23.3,0.6000000000000014,6,1,360.0,58.0
BIN_1008,2026-07-14T06:30:00Z,23.1,-0.3999999999999986,6,1,390.0,57.5
BIN_1008,2026-07-14T07:00:00Z,22.7,-0.8000000000000043,7,1,420.0,57.0
BIN_1008,2026-07-14T07:30:00Z,23.0,0.6000000000000014,7,1,450.0,56.5
BIN_1008,2026-07-14T08:00:00Z,23.4,0.7999999999999972,8,1,480.0,56.0
BIN_1008,2026-07-14T08:30:00Z,23.1,-0.5999999999999943,8,1,510.0,55.5
BIN_1008,2026-07-14T09:00:00Z,22.5,-1.2000000000000028,9,1,540.0,55.0
BIN_1008,2026-07-14T09:30:00Z,23.5,2.0,9,1,570.0,54.5
BIN_1008,2026-07-14T10:00:00Z,24.6,2.200000000000003,10,1,600.0,54.0
BIN_1008,2026-07-14T10:30:00Z,25.1,1.0,10,1,630.0,53.5
BIN_1008,2026-07-14T11:00:00Z,25.6,1.0,11,1,660.0,53.0
BIN_1008,2026-07-14T11:30:00Z,26.1,1.0,11,1,690.0,52.5
BIN_1008,2026-07-14T12:00:00Z,28.7,5.199999999999996,12,1,720.0,52.0
BIN_1008,2026-07-14T12:30:00Z,28.6,-0.19999999999999574,12,1,750.0,51.5
BIN_1008,2026-07-14T13:00:00Z,29.3,1.3999999999999986,13,1,780.0,51.0
BIN_1008,2026-07-14T13:30:00Z,30.1,1.6000000000000014,13,1,810.0,50.5
BIN_1008,2026-07-14T14:00:00Z,30.4,0.5999999999999943,14,1,840.0,50.0
BIN_1008,2026-07-14T14:30:00Z,31.0,1.2000000000000028,14,1,870.0,49.5
BIN_1008,2026-07-14T15:00:00Z,32.1,2.200000000000003,15,1,900.0,49.0
BIN_1008,2026-07-14T15:30:00Z,32.8,1.3999999999999915,15,1,930.0,48.5
BIN_1008,2026-07-14T16:00:00Z,33.1,0.6000000000000085,16,1,960.0,48.0
BIN_1008,2026-07-14T16:30:00Z,33.7,1.2000000000000028,16,1,990.0,47.5
BIN_1008,2026-07-14T17:00:00Z,33.8,0.19999999999998863,17,1,1020.0,47.0
BIN_1008,2026-07-14T17:30:00Z,33.5,-0.5999999999999943,17,1,1050.0,46.5
BIN_1008,2026-07-14T18:00:00Z,33.5,0.0,18,1,1080.0,46.0
BIN_1008,2026-07-14T18:30:00Z,33.0,-1.0,18,1,1110.0,45.5
BIN_1008,2026-07-14T19:00:00Z,33.5,1.0,19,1,1140.0,45.0
BIN_1008,2026-07-14T19:30:00Z,35.1,3.200000000000003,19,1,1170.0,44.5
BIN_1008,2026-07-14T20:00:00Z,36.9,3.5999999999999943,20,1,1200.0,44.0
BIN_1008,2026-07-14T20:30:00Z,36.3,-1.2000000000000028,20,1,1230.0,43.5
BIN_1008,2026-07-14T21:00:00Z,36.5,0.4000000000000057,21,1,1260.0,43.0
BIN_1008,2026-07-14T21:30:00Z,37.2,1.4000000000000057,21,1,1290.0,42.5
BIN_1008,2026-07-14T22:00:00Z,37.4,0.3999999999999915,22,1,1320.0,42.0
BIN_1008,2026-07-14T22:30:00Z,37.4,0.0,22,1,1350.0,41.5
BIN_1008,2026-07-14T23:00:00Z,38.5,2.200000000000003,23,1,1380.0,41.0
BIN_1008,2026-07-14T23:30:00Z,39.4,1.7999999999999972,23,1,1410.0,40.5
BIN_1008,2026-07-15T00:00:00Z,39.6,0.4000000000000057,0,2,1440.0,40.0
BIN_1008,2026-07-15T00:30:00Z,41.0,2.799999999999997,0,2,1470.0,39.5
BIN_1008,2026-07-15T01:00:00Z,41.7,1.4000000000000057,1,2,1500.0,39.0
BIN_1008,2026-07-15T01:30:00Z,42.0,0.5999999999999943,1,2,1530.0,38.5
BIN_1008,2026-07-15T02:00:00Z,42.5,1.0,2,2,1560.0,38.0
BIN_1008,2026-07-15T02:30:00Z,43.6,2.200000000000003,2,2,1590.0,37.5
BIN_1008,2026-07-15T03:00:00Z,44.3,1.3999999999999915,3,2,1620.0,37.0
BIN_1008,2026-07-15T03:30:00Z,44.6,0.6000000000000085,3,2,1650.0,36.5
BIN_1008,2026-07-15T04:00:00Z,45.3,1.3999999999999915,4,2,1680.0,36.0
BIN_1008,2026-07-15T04:30:00Z,45.9,1.2000000000000028,4,2,1710.0,35.5
BIN_1008,2026-07-15T05:00:00Z,45.3,-1.2000000000000028,5,2,1740.0,35.0
BIN_1008,2026-07-15T05:30:00Z,45.9,1.2000000000000028,5,2,1770.0,34.5
BIN_1008,2026-07-15T06:00:00Z,46.9,2.0,6,2,1800.0,34.0
BIN_1008,2026-07-15T06:30:00Z,47.8,1.7999999999999972,6,2,1830.0,33.5
BIN_1008,2026-07-15T07:00:00Z,49.7,3.8000000000000114,7,2,1860.0,33.0
BIN_1008,2026-07-15T07:30:00Z,49.5,-0.4000000000000057,7,2,1890.0,32.5
BIN_1008,2026-07-15T08:00:00Z,50.5,2.0,8,2,1920.0,32.0
BIN_1008,2026-07-15T08:30:00Z,51.5,2.0,8,2,1950.0,31.5
BIN_1008,2026-07-15T09:00:00Z,52.4,1.7999999999999972,9,2,1980.0,31.0
BIN_1008,2026-07-15T09:30:00Z,52.6,0.4000000000000057,9,2,2010.0,30.5
BIN_1008,2026-07-15T10:00:00Z,53.4,1.5999999999999943,10,2,2040.0,30.0
BIN_1008,2026-07-15T10:30:00Z,53.7,0.6000000000000085,10,2,2070.0,29.5
BIN_1008,2026-07-15T11:00:00Z,54.8,2.1999999999999886,11,2,2100.0,29.0
BIN_1008,2026-07-15T11:30:00Z,56.0,2.4000000000000057,11,2,2130.0,28.5
BIN_1008,2026-07-15T12:00:00Z,56.7,1.4000000000000057,12,2,2160.0,28.0
BIN_1008,2026-07-15T12:30:00Z,56.8,0.19999999999998863,12,2,2190.0,27.5
BIN_1008,2026-07-15T13:00:00Z,57.6,1.6000000000000085,13,2,2220.0,27.0
BIN_1008,2026-07-15T13:30:00Z,58.7,2.200000000000003,13,2,2250.0,26.5
BIN_1008,2026-07-15T14:00:00Z,59.9,2.3999999999999915,14,2,2280.0,26.0
BIN_1008,2026-07-15T14:30:00Z,60.7,1.6000000000000085,14,2,2310.0,25.5
BIN_1008,2026-07-15T15:00:00Z,61.5,1.5999999999999943,15,2,2340.0,25.0
BIN_1008,2026-07-15T15:30:00Z,62.0,1.0,15,2,2370.0,24.5
BIN_1008,2026-07-15T16:00:00Z,63.8,3.5999999999999943,16,2,2400.0,24.0
BIN_1008,2026-07-15T16:30:00Z,65.7,3.8000000000000114,16,2,2430.0,23.5
BIN_1008,2026-07-15T17:00:00Z,66.0,0.5999999999999943,17,2,2460.0,23.0
BIN_1008,2026-07-15T17:30:00Z,66.2,0.4000000000000057,17,2,2490.0,22.5
BIN_1008,2026-07-15T18:00:00Z,66.9,1.4000000000000057,18,2,2520.0,22.0
BIN_1008,2026-07-15T18:30:00Z,67.4,1.0,18,2,2550.0,21.5
BIN_1008,2026-07-15T19:00:00Z,68.5,2.1999999999999886,19,2,2580.0,21.0
BIN_1008,2026-07-15T19:30:00Z,68.9,0.8000000000000114,19,2,2610.0,20.5
BIN_1008,2026-07-15T20:00:00Z,69.1,0.39999999999997726,20,2,2640.0,20.0
BIN_1008,2026-07-15T20:30:00Z,69.8,1.4000000000000057,20,2,2670.0,19.5
BIN_1008,2026-07-15T21:00:00Z,70.4,1.200000000000017,21,2,2700.0,19.0
BIN_1008,2026-07-15T21:30:00Z,70.3,-0.20000000000001705,21,2,2730.0,18.5
BIN_1008,2026-07-15T22:00:00Z,71.0,1.4000000000000057,22,2,2760.0,18.0
BIN_1008,2026-07-15T22:30:00Z,72.9,3.8000000000000114,22,2,2790.0,17.5
BIN_1008,2026-07-15T23:00:00Z,72.4,-1.0,23,2,2820.0,17.0
BIN_1008,2026-07-15T23:30:00Z,73.5,2.1999999999999886,23,2,2850.0,16.5
BIN_1008,2026-07-16T00:00:00Z,74.7,2.4000000000000057,0,3,2880.0,16.0
BIN_1008,2026-07-16T00:30:00Z,74.3,-0.8000000000000114,0,3,2910.0,15.5
BIN_1008,2026-07-16T01:00:00Z,75.2,1.8000000000000114,1,3,2940.0,15.0
BIN_1008,2026-07-16T01:30:00Z,76.0,1.5999999999999943,1,3,2970.0,14.5
BIN_1008,2026-07-16T02:00:00Z,75.9,-0.19999999999998863,2,3,3000.0,14.0
BIN_1008,2026-07-16T02:30:00Z,75.6,-0.6000000000000227,2,3,3030.0,13.5
BIN_1008,2026-07-16T03:00:00Z,76.5,1.8000000000000114,3,3,3060.0,13.0
BIN_1008,2026-07-16T03:30:00Z,75.5,-2.0,3,3,3090.0,12.5
BIN_1008,2026-07-16T04:00:00Z,75.9,0.8000000000000114,4,3,3120.0,12.0
BIN_1008,2026-07-16T04:30:00Z,77.2,2.5999999999999943,4,3,3150.0,11.5
BIN_1008,2026-07-16T05:00:00Z,78.1,1.799999999999983,5,3,3180.0,11.0
BIN_1008,2026-07-16T05:30:00Z,78.2,0.20000000000001705,5,3,3210.0,10.5
BIN_1008,2026-07-16T06:00:00Z,78.7,1.0,6,3,3240.0,10.0
BIN_1008,2026-07-16T06:30:00Z,79.7,2.0,6,3,3270.0,9.5
BIN_1008,2026-07-16T07:00:00Z,79.3,-0.8000000000000114,7,3,3300.0,9.0
BIN_1008,2026-07-16T07:30:00Z,79.5,0.4000000000000057,7,3,3330.0,8.5
BIN_1008,2026-07-16T08:00:00Z,79.2,-0.5999999999999943,8,3,3360.0,8.0
BIN_1008,2026-07-16T08:30:00Z,80.3,2.1999999999999886,8,3,3390.0,7.5
BIN_1008,2026-07-16T09:00:00Z,80.9,1.200000000000017,9,3,3420.0,7.0
BIN_1008,2026-07-16T09:30:00Z,82.1,2.3999999999999773,9,3,3450.0,6.5
BIN_1008,2026-07-16T10:00:00Z,82.2,0.20000000000001705,10,3,3480.0,6.0
BIN_1008,2026-07-16T10:30:00Z,83.4,2.4000000000000057,10,3,3510.0,5.5
BIN_1008,2026-07-16T11:00:00Z,83.7,0.5999999999999943,11,3,3540.0,5.0
BIN_1008,2026-07-16T11:30:00Z,85.0,2.5999999999999943,11,3,3570.0,4.5
BIN_1008,2026-07-16T12:00:00Z,86.2,2.4000000000000057,12,3,3600.0,4.0
BIN_1008,2026-07-16T12:30:00Z,86.7,1.0,12,3,3630.0,3.5
BIN_1008,2026-07-16T13:00:00Z,87.6,1.799999999999983,13,3,3660.0,3.0
BIN_1008,2026-07-16T13:30:00Z,87.9,0.6000000000000227,13,3,3690.0,2.5
BIN_1008,2026-07-16T14:00:00Z,88.9,2.0,14,3,3720.0,2.0
BIN_1008,2026-07-16T14:30:00Z,88.9,0.0,14,3,3750.0,1.5
BIN_1008,2026-07-16T15:00:00Z,89.1,0.39999999999997726,15,3,3780.0,1.0
BIN_1008,2026-07-16T15:30:00Z,89.9,1.6000000000000227,15,3,3810.0,0.5
BIN_1008,2026-07-16T16:00:00Z,90.6,1.3999999999999773,16,3,3840.0,0.0
BIN_1008,2026-07-16T16:30:00Z,91.0,0.8000000000000114,16,3,3870.0,0.0
BIN_1008,2026-07-16T17:00:00Z,91.9,1.8000000000000114,17,3,3900.0,0.0
BIN_1008,2026-07-16T17:30:00Z,92.7,1.5999999999999943,17,3,3930.0,0.0
BIN_1008,2026-07-16T18:00:00Z,93.2,1.0,18,3,3960.0,0.0
BIN_1008,2026-07-16T18:30:00Z,93.4,0.4000000000000057,18,3,3990.0,0.0
BIN_1008,2026-07-16T19:00:00Z,94.5,2.1999999999999886,19,3,4020.0,0.0
BIN_1008,2026-07-16T19:30:00Z,95.1,1.1999999999999886,19,3,4050.0,0.0
BIN_1009,2026-07-14T00:00:00Z,16.4,0.0,0,1,0.0,26.0
BIN_1009,2026-07-14T00:30:00Z,18.1,3.4000000000000057,0,1,30.0,25.5
BIN_1009,2026-07-14T01:00:00Z,19.2,2.1999999999999957,1,1,60.0,25.0
BIN_1009,2026-07-14T01:30:00Z,20.7,3.0,1,1,90.0,24.5
BIN_1009,2026-07-14T02:00:00Z,21.9,2.3999999999999986,2,1,120.0,24.0
BIN_1009,2026-07-14T02:30:00Z,23.4,3.0,2,1,150.0,23.5
BIN_1009,2026-07-14T03:00:00Z,25.3,3.8000000000000043,3,1,180.0,23.0
BIN_1009,2026-07-14T03:30:00Z,26.7,2.799999999999997,3,1,210.0,22.5
BIN_1009,2026-07-14T04:00:00Z,28.5,3.6000000000000014,4,1,240.0,22.0
BIN_1009,2026-07-14T04:30:00Z,29.5,2.0,4,1,270.0,21.5
BIN_1009,2026-07-14T05:00:00Z,31.1,3.200000000000003,5,1,300.0,21.0
BIN_1009,2026-07-14T05:30:00Z,32.4,2.5999999999999943,5,1,330.0,20.5
BIN_1009,2026-07-14T06:00:00Z,34.5,4.200000000000003,6,1,360.0,20.0
BIN_1009,2026-07-14T06:30:00Z,36.4,3.799999999999997,6,1,390.0,19.5
BIN_1009,2026-07-14T07:00:00Z,39.2,5.6000000000000085,7,1,420.0,19.0
BIN_1009,2026-07-14T07:30:00Z,41.2,4.0,7,1,450.0,18.5
BIN_1009,2026-07-14T08:00:00Z,43.1,3.799999999999997,8,1,480.0,18.0
BIN_1009,2026-07-14T08:30:00Z,42.9,-0.4000000000000057,8,1,510.0,17.5
BIN_1009,2026-07-14T09:00:00Z,43.8,1.7999999999999972,9,1,540.0,17.0
BIN_1009,2026-07-14T09:30:00Z,44.6,1.6000000000000085,9,1,570.0,16.5
BIN_1009,2026-07-14T10:00:00Z,45.3,1.3999999999999915,10,1,600.0,16.0
BIN_1009,2026-07-14T10:30:00Z,47.7,4.800000000000011,10,1,630.0,15.5
BIN_1009,2026-07-14T11:00:00Z,48.5,1.5999999999999943,11,1,660.0,15.0
BIN_1009,2026-07-14T11:30:00Z,49.4,1.7999999999999972,11,1,690.0,14.5
BIN_1009,2026-07-14T12:00:00Z,52.3,5.799999999999997,12,1,720.0,14.0
BIN_1009,2026-07-14T12:30:00Z,54.2,3.8000000000000114,12,1,750.0,13.5
BIN_1009,2026-07-14T13:00:00Z,55.3,2.1999999999999886,13,1,780.0,13.0
BIN_1009,2026-07-14T13:30:00Z,56.3,2.0,13,1,810.0,12.5
BIN_1009,2026-07-14T14:00:00Z,57.9,3.200000000000003,14,1,840.0,12.0
BIN_1009,2026-07-14T14:30:00Z,58.5,1.2000000000000028,14,1,870.0,11.5
BIN_1009,2026-07-14T15:00:00Z,59.8,2.5999999999999943,15,1,900.0,11.0
BIN_1009,2026-07-14T15:30:00Z,61.6,3.6000000000000085,15,1,930.0,10.5
BIN_1009,2026-07-14T16:00:00Z,62.7,2.200000000000003,16,1,960.0,10.0
BIN_1009,2026-07-14T16:30:00Z,64.1,2.799999999999983,16,1,990.0,9.5
BIN_1009,2026-07-14T17:00:00Z,65.8,3.4000000000000057,17,1,1020.0,9.0
BIN_1009,2026-07-14T17:30:00Z,65.8,0.0,17,1,1050.0,8.5
BIN_1009,2026-07-14T18:00:00Z,68.2,4.800000000000011,18,1,1080.0,8.0
BIN_1009,2026-07-14T18:30:00Z,69.3,2.1999999999999886,18,1,1110.0,7.5
BIN_1009,2026-07-14T19:00:00Z,71.1,3.5999999999999943,19,1,1140.0,7.0
BIN_1009,2026-07-14T19:30:00Z,71.8,1.4000000000000057,19,1,1170.0,6.5
BIN_1009,2026-07-14T20:00:00Z,72.8,2.0,20,1,1200.0,6.0
BIN_1009,2026-07-14T20:30:00Z,73.5,1.4000000000000057,20,1,1230.0,5.5
BIN_1009,2026-07-14T21:00:00Z,74.7,2.4000000000000057,21,1,1260.0,5.0
BIN_1009,2026-07-14T21:30:00Z,76.0,2.5999999999999943,21,1,1290.0,4.5
BIN_1009,2026-07-14T22:00:00Z,78.4,4.800000000000011,22,1,1320.0,4.0
BIN_1009,2026-07-14T22:30:00Z,80.1,3.3999999999999773,22,1,1350.0,3.5
BIN_1009,2026-07-14T23:00:00Z,82.0,3.8000000000000114,23,1,1380.0,3.0
BIN_1009,2026-07-14T23:30:00Z,83.0,2.0,23,1,1410.0,2.5
BIN_1009,2026-07-15T00:00:00Z,84.6,3.1999999999999886,0,2,1440.0,2.0
BIN_1009,2026-07-15T00:30:00Z,86.0,2.8000000000000114,0,2,1470.0,1.5
BIN_1009,2026-07-15T01:00:00Z,87.5,3.0,1,2,1500.0,1.0
BIN_1009,2026-07-15T01:30:00Z,88.6,2.1999999999999886,1,2,1530.0,0.5
BIN_1009,2026-07-15T02:00:00Z,90.3,3.4000000000000057,2,2,1560.0,0.0
BIN_1009,2026-07-15T02:30:00Z,91.3,2.0,2,2,1590.0,0.0
BIN_1009,2026-07-15T03:00:00Z,92.6,2.5999999999999943,3,2,1620.0,0.0
BIN_1009,2026-07-15T03:30:00Z,94.4,3.6000000000000227,3,2,1650.0,0.0
BIN_1009,2026-07-15T04:00:00Z,95.4,2.0,4,2,1680.0,0.0
BIN_1009,2026-07-15T04:30:00Z,97.6,4.399999999999977,4,2,1710.0,0.0
BIN_1009,2026-07-15T05:00:00Z,99.1,3.0,5,2,1740.0,0.0
BIN_1009,2026-07-15T05:30:00Z,99.9,1.6000000000000227,5,2,1770.0,0.0
BIN_1009,2026-07-15T06:00:00Z,100.0,0.19999999999998863,6,2,1800.0,0.0
BIN_1009,2026-07-15T06:30:00Z,100.0,0.0,6,2,1830.0,0.0
BIN_1009,2026-07-15T07:00:00Z,100.0,0.0,7,2,1860.0,0.0
BIN_1009,2026-07-15T07:30:00Z,100.0,0.0,7,2,1890.0,0.0
BIN_1009,2026-07-15T08:00:00Z,100.0,0.0,8,2,1920.0,0.0
BIN_1009,2026-07-15T08:30:00Z,100.0,0.0,8,2,1950.0,0.0
BIN_1009,2026-07-15T09:00:00Z,100.0,0.0,9,2,1980.0,0.0
BIN_1009,2026-07-15T09:30:00Z,100.0,0.0,9,2,2010.0,0.0
BIN_1009,2026-07-15T10:00:00Z,100.0,0.0,10,2,2040.0,0.0
BIN_1009,2026-07-15T10:30:00Z,100.0,0.0,10,2,2070.0,0.0
BIN_1009,2026-07-15T11:00:00Z,99.7,-0.5999999999999943,11,2,2100.0,0.0
BIN_1009,2026-07-15T11:30:00Z,100.0,0.5999999999999943,11,2,2130.0,0.0
BIN_1009,2026-07-15T12:00:00Z,100.0,0.0,12,2,2160.0,0.0
BIN_1009,2026-07-15T12:30:00Z,100.0,0.0,12,2,2190.0,0.0
BIN_1009,2026-07-15T13:00:00Z,100.0,0.0,13,2,2220.0,0.0
BIN_1009,2026-07-15T13:30:00Z,100.0,0.0,13,2,2250.0,0.0
BIN_1009,2026-07-15T14:00:00Z,100.0,0.0,14,2,2280.0,0.0
BIN_1009,2026-07-15T14:30:00Z,100.0,0.0,14,2,2310.0,0.0
BIN_1009,2026-07-15T15:00:00Z,100.0,0.0,15,2,2340.0,0.0
BIN_1009,2026-07-15T15:30:00Z,100.0,0.0,15,2,2370.0,0.0
BIN_1009,2026-07-15T16:00:00Z,100.0,0.0,16,2,2400.0,0.0
BIN_1009,2026-07-15T16:30:00Z,100.0,0.0,16,2,2430.0,0.0
BIN_1009,2026-07-15T17:00:00Z,100.0,0.0,17,2,2460.0,0.0
BIN_1009,2026-07-15T17:30:00Z,100.0,0.0,17,2,2490.0,0.0
BIN_1009,2026-07-15T18:00:00Z,100.0,0.0,18,2,2520.0,0.0
BIN_1009,2026-07-15T18:30:00Z,100.0,0.0,18,2,2550.0,0.0
BIN_1009,2026-07-15T19:00:00Z,100.0,0.0,19,2,2580.0,0.0
BIN_1009,2026-07-15T19:30:00Z,100.0,0.0,19,2,2610.0,0.0
BIN_1009,2026-07-15T20:00:00Z,100.0,0.0,20,2,2640.0,0.0
BIN_1009,2026-07-15T20:30:00Z,100.0,0.0,20,2,2670.0,0.0
BIN_1009,2026-07-15T21:00:00Z,100.0,0.0,21,2,2700.0,0.0
BIN_1009,2026-07-15T21:30:00Z,100.0,0.0,21,2,2730.0,0.0
BIN_1009,2026-07-15T22:00:00Z,100.0,0.0,22,2,2760.0,0.0
BIN_1009,2026-07-15T22:30:00Z,100.0,0.0,22,2,2790.0,0.0
BIN_1009,2026-07-15T23:00:00Z,100.0,0.0,23,2,2820.0,0.0
BIN_1009,2026-07-15T23:30:00Z,100.0,0.0,23,2,2850.0,0.0
BIN_1009,2026-07-16T00:00:00Z,100.0,0.0,0,3,2880.0,0.0
BIN_1009,2026-07-16T00:30:00Z,100.0,0.0,0,3,2910.0,0.0
BIN_1009,2026-07-16T01:00:00Z,100.0,0.0,1,3,2940.0,0.0
BIN_1009,2026-07-16T01:30:00Z,100.0,0.0,1,3,2970.0,0.0
BIN_1009,2026-07-16T02:00:00Z,100.0,0.0,2,3,3000.0,0.0
BIN_1009,2026-07-16T02:30:00Z,100.0,0.0,2,3,3030.0,0.0
BIN_1009,2026-07-16T03:00:00Z,100.0,0.0,3,3,3060.0,0.0
BIN_1009,2026-07-16T03:30:00Z,100.0,0.0,3,3,3090.0,0.0
BIN_1009,2026-07-16T04:00:00Z,100.0,0.0,4,3,3120.0,0.0
BIN_1009,2026-07-16T04:30:00Z,100.0,0.0,4,3,3150.0,0.0
BIN_1009,2026-07-16T05:00:00Z,100.0,0.0,5,3,3180.0,0.0
BIN_1009,2026-07-16T05:30:00Z,100.0,0.0,5,3,3210.0,0.0
BIN_1009,2026-07-16T06:00:00Z,6.6,-186.8,6,3,0.0,99.5
BIN_1009,2026-07-16T06:30:00Z,8.5,3.8000000000000007,6,3,30.0,99.0
BIN_1009,2026-07-16T07:00:00Z,10.2,3.3999999999999986,7,3,60.0,98.5
BIN_1009,2026-07-16T07:30:00Z,10.7,1.0,7,3,90.0,98.0
BIN_1009,2026-07-16T08:00:00Z,12.1,2.8000000000000007,8,3,120.0,97.5
BIN_1009,2026-07-16T08:30:00Z,13.8,3.400000000000002,8,3,150.0,97.0
BIN_1009,2026-07-16T09:00:00Z,15.0,2.3999999999999986,9,3,180.0,96.5
BIN_1009,2026-07-16T09:30:00Z,15.1,0.1999999999999993,9,3,210.0,96.0
BIN_1009,2026-07-16T10:00:00Z,15.8,1.4000000000000021,10,3,240.0,95.5
BIN_1009,2026-07-16T10:30:00Z,16.6,1.6000000000000014,10,3,270.0,95.0
BIN_1009,2026-07-16T11:00:00Z,18.3,3.3999999999999986,11,3,300.0,94.5
BIN_1009,2026-07-16T11:30:00Z,19.1,1.6000000000000014,11,3,330.0,94.0
BIN_1009,2026-07-16T12:00:00Z,21.4,4.599999999999994,12,3,360.0,93.5
BIN_1009,2026-07-16T12:30:00Z,22.1,1.4000000000000057,12,3,390.0,93.0
BIN_1009,2026-07-16T13:00:00Z,22.8,1.3999999999999986,13,3,420.0,92.5
BIN_1009,2026-07-16T13:30:00Z,23.4,1.1999999999999957,13,3,450.0,92.0
BIN_1009,2026-07-16T14:00:00Z,25.1,3.4000000000000057,14,3,480.0,91.5
BIN_1009,2026-07-16T14:30:00Z,25.6,1.0,14,3,510.0,91.0
BIN_1009,2026-07-16T15:00:00Z,26.6,2.0,15,3,540.0,90.5
BIN_1009,2026-07-16T15:30:00Z,28.1,3.0,15,3,570.0,90.0
BIN_1009,2026-07-16T16:00:00Z,28.6,1.0,16,3,600.0,89.5
BIN_1009,2026-07-16T16:30:00Z,30.1,3.0,16,3,630.0,89.0
BIN_1009,2026-07-16T17:00:00Z,30.7,1.1999999999999957,17,3,660.0,88.5
BIN_1009,2026-07-16T17:30:00Z,32.2,3.000000000000007,17,3,690.0,88.0
BIN_1009,2026-07-16T18:00:00Z,32.8,1.1999999999999886,18,3,720.0,87.5
BIN_1009,2026-07-16T18:30:00Z,35.0,4.400000000000006,18,3,750.0,87.0
BIN_1009,2026-07-16T19:00:00Z,36.3,2.5999999999999943,19,3,780.0,86.5
BIN_1009,2026-07-16T19:30:00Z,36.8,1.0,19,3,810.0,86.0
BIN_1009,2026-07-16T20:00:00Z,38.3,3.0,20,3,840.0,85.5
BIN_1009,2026-07-16T20:30:00Z,39.0,1.4000000000000057,20,3,870.0,85.0
BIN_1009,2026-07-16T21:00:00Z,39.9,1.7999999999999972,21,3,900.0,84.5
BIN_1009,2026-07-16T21:30:00Z,40.6,1.4000000000000057,21,3,930.0,84.0
BIN_1009,2026-07-16T22:00:00Z,41.5,1.7999999999999972,22,3,960.0,83.5
BIN_1009,2026-07-16T22:30:00Z,43.8,4.599999999999994,22,3,990.0,83.0
BIN_1009,2026-07-16T23:00:00Z,45.3,3.0,23,3,1020.0,82.5
BIN_1009,2026-07-16T23:30:00Z,47.6,4.6000000000000085,23,3,1050.0,82.0
BIN_1009,2026-07-17T00:00:00Z,48.8,2.3999999999999915,0,4,1080.0,81.5
BIN_1009,2026-07-17T00:30:00Z,50.2,2.8000000000000114,0,4,1110.0,81.0
BIN_1009,2026-07-17T01:00:00Z,51.6,2.799999999999997,1,4,1140.0,80.5
BIN_1009,2026-07-17T01:30:00Z,51.3,-0.6000000000000085,1,4,1170.0,80.0
BIN_1009,2026-07-17T02:00:00Z,52.5,2.4000000000000057,2,4,1200.0,79.5
BIN_1009,2026-07-17T02:30:00Z,52.8,0.5999999999999943,2,4,1230.0,79.0
BIN_1009,2026-07-17T03:00:00Z,54.1,2.6000000000000085,3,4,1260.0,78.5
BIN_1009,2026-07-17T03:30:00Z,55.1,2.0,3,4,1290.0,78.0
BIN_1009,2026-07-17T04:00:00Z,56.4,2.5999999999999943,4,4,1320.0,77.5
BIN_1009,2026-07-17T04:30:00Z,57.9,3.0,4,4,1350.0,77.0
BIN_1009,2026-07-17T05:00:00Z,59.0,2.200000000000003,5,4,1380.0,76.5
BIN_1009,2026-07-17T05:30:00Z,60.1,2.200000000000003,5,4,1410.0,76.0
BIN_1009,2026-07-17T06:00:00Z,61.6,3.0,6,4,1440.0,75.5
BIN_1009,2026-07-17T06:30:00Z,62.4,1.5999999999999943,6,4,1470.0,75.0
BIN_1009,2026-07-17T07:00:00Z,64.6,4.3999999999999915,7,4,1500.0,74.5
BIN_1009,2026-07-17T07:30:00Z,66.0,2.8000000000000114,7,4,1530.0,74.0
BIN_1009,2026-07-17T08:00:00Z,66.5,1.0,8,4,1560.0,73.5
BIN_1009,2026-07-17T08:30:00Z,67.4,1.8000000000000114,8,4,1590.0,73.0
BIN_1009,2026-07-17T09:00:00Z,68.2,1.5999999999999943,9,4,1620.0,72.5
BIN_1009,2026-07-17T09:30:00Z,68.5,0.5999999999999943,9,4,1650.0,72.0
BIN_1009,2026-07-17T10:00:00Z,69.0,1.0,10,4,1680.0,71.5
BIN_1009,2026-07-17T10:30:00Z,70.5,3.0,10,4,1710.0,71.0
BIN_1009,2026-07-17T11:00:00Z,72.9,4.800000000000011,11,4,1740.0,70.5
BIN_1009,2026-07-17T11:30:00Z,73.4,1.0,11,4,1770.0,70.0
BIN_1009,2026-07-17T12:00:00Z,75.8,4.799999999999983,12,4,1800.0,69.5
BIN_1009,2026-07-17T12:30:00Z,77.3,3.0,12,4,1830.0,69.0
BIN_1009,2026-07-17T13:00:00Z,78.4,2.200000000000017,13,4,1860.0,68.5
BIN_1009,2026-07-17T13:30:00Z,79.0,1.1999999999999886,13,4,1890.0,68.0
BIN_1009,2026-07-17T14:00:00Z,4.1,-149.8,14,4,0.0,67.5
BIN_1009,2026-07-17T14:30:00Z,4.7,1.200000000000001,14,4,30.0,67.0
BIN_1009,2026-07-17T15:00:00Z,5.3,1.1999999999999993,15,4,60.0,66.5
BIN_1009,2026-07-17T15:30:00Z,8.0,5.4,15,4,90.0,66.0
BIN_1009,2026-07-17T16:00:00Z,8.1,0.1999999999999993,16,4,120.0,65.5
BIN_1009,2026-07-17T16:30:00Z,9.7,3.1999999999999993,16,4,150.0,65.0
BIN_1009,2026-07-17T17:00:00Z,11.7,4.0,17,4,180.0,64.5
BIN_1009,2026-07-17T17:30:00Z,11.9,0.40000000000000213,17,4,210.0,64.0
BIN_1009,2026-07-17T18:00:00Z,12.9,2.0,18,4,240.0,63.5
BIN_1009,2026-07-17T18:30:00Z,14.4,3.0,18,4,270.0,63.0
BIN_1009,2026-07-17T19:00:00Z,14.4,0.0,19,4,300.0,62.5
BIN_1009,2026-07-17T19:30:00Z,6.4,-16.0,19,4,0.0,62.0
BIN_1009,2026-07-17T20:00:00Z,7.5,2.1999999999999993,20,4,30.0,61.5
BIN_1009,2026-07-17T20:30:00Z,8.8,2.6000000000000014,20,4,60.0,61.0
BIN_1009,2026-07-17T21:00:00Z,10.2,2.799999999999997,21,4,90.0,60.5
BIN_1009,2026-07-17T21:30:00Z,12.6,4.800000000000001,21,4,120.0,60.0
BIN_1009,2026-07-17T22:00:00Z,14.3,3.400000000000002,22,4,150.0,59.5
BIN_1009,2026-07-17T22:30:00Z,16.3,4.0,22,4,180.0,59.0
BIN_1009,2026-07-17T23:00:00Z,16.9,1.1999999999999957,23,4,210.0,58.5
BIN_1009,2026-07-17T23:30:00Z,18.9,4.0,23,4,240.0,58.0
BIN_1009,2026-07-18T00:00:00Z,20.1,2.4000000000000057,0,5,270.0,57.5
BIN_1009,2026-07-18T00:30:00Z,21.2,2.1999999999999957,0,5,300.0,57.0
BIN_1009,2026-07-18T01:00:00Z,21.9,1.3999999999999986,1,5,330.0,56.5
BIN_1009,2026-07-18T01:30:00Z,23.6,3.4000000000000057,1,5,360.0,56.0
BIN_1009,2026-07-18T02:00:00Z,25.5,3.799999999999997,2,5,390.0,55.5
BIN_1009,2026-07-18T02:30:00Z,26.3,1.6000000000000014,2,5,420.0,55.0
BIN_1009,2026-07-18T03:00:00Z,28.0,3.3999999999999986,3,5,450.0,54.5
BIN_1009,2026-07-18T03:30:00Z,28.5,1.0,3,5,480.0,54.0
BIN_1009,2026-07-18T04:00:00Z,29.9,2.799999999999997,4,5,510.0,53.5
BIN_1009,2026-07-18T04:30:00Z,30.3,0.8000000000000043,4,5,540.0,53.0
BIN_1009,2026-07-18T05:00:00Z,31.2,1.7999999999999972,5,5,570.0,52.5
BIN_1009,2026-07-18T05:30:00Z,32.9,3.3999999999999986,5,5,600.0,52.0
BIN_1009,2026-07-18T06:00:00Z,34.8,3.799999999999997,6,5,630.0,51.5
BIN_1009,2026-07-18T06:30:00Z,36.6,3.6000000000000085,6,5,660.0,51.0
BIN_1009,2026-07-18T07:00:00Z,38.9,4.599999999999994,7,5,690.0,50.5
BIN_1009,2026-07-18T07:30:00Z,40.6,3.4000000000000057,7,5,720.0,50.0
BIN_1009,2026-07-18T08:00:00Z,42.2,3.200000000000003,8,5,750.0,49.5
BIN_1009,2026-07-18T08:30:00Z,43.5,2.5999999999999943,8,5,780.0,49.0
BIN_1009,2026-07-18T09:00:00Z,44.3,1.5999999999999943,9,5,810.0,48.5
BIN_1009,2026-07-18T09:30:00Z,45.4,2.200000000000003,9,5,840.0,48.0
BIN_1009,2026-07-18T10:00:00Z,47.5,4.200000000000003,10,5,870.0,47.5
BIN_1009,2026-07-18T10:30:00Z,48.0,1.0,10,5,900.0,47.0
BIN_1009,2026-07-18T11:00:00Z,48.8,1.5999999999999943,11,5,930.0,46.5
BIN_1009,2026-07-18T11:30:00Z,49.0,0.4000000000000057,11,5,960.0,46.0
BIN_1009,2026-07-18T12:00:00Z,50.7,3.4000000000000057,12,5,990.0,45.5
BIN_1009,2026-07-18T12:30:00Z,53.4,5.3999999999999915,12,5,1020.0,45.0
BIN_1009,2026-07-18T13:00:00Z,54.5,2.200000000000003,13,5,1050.0,44.5
BIN_1009,2026-07-18T13:30:00Z,56.1,3.200000000000003,13,5,1080.0,44.0
BIN_1009,2026-07-18T14:00:00Z,57.2,2.200000000000003,14,5,1110.0,43.5
BIN_1009,2026-07-18T14:30:00Z,59.0,3.5999999999999943,14,5,1140.0,43.0
BIN_1009,2026-07-18T15:00:00Z,61.0,4.0,15,5,1170.0,42.5
BIN_1009,2026-07-18T15:30:00Z,62.5,3.0,15,5,1200.0,42.0
BIN_1009,2026-07-18T16:00:00Z,64.7,4.400000000000006,16,5,1230.0,41.5
BIN_1009,2026-07-18T16:30:00Z,67.5,5.599999999999994,16,5,1260.0,41.0
BIN_1009,2026-07-18T17:00:00Z,68.1,1.1999999999999886,17,5,1290.0,40.5
BIN_1009,2026-07-18T17:30:00Z,69.1,2.0,17,5,1320.0,40.0
BIN_1009,2026-07-18T18:00:00Z,70.5,2.8000000000000114,18,5,1350.0,39.5
BIN_1009,2026-07-18T18:30:00Z,72.1,3.1999999999999886,18,5,1380.0,39.0
BIN_1009,2026-07-18T19:00:00Z,72.9,1.6000000000000227,19,5,1410.0,38.5
BIN_1009,2026-07-18T19:30:00Z,74.6,3.3999999999999773,19,5,1440.0,38.0
BIN_1009,2026-07-18T20:00:00Z,76.2,3.200000000000017,20,5,1470.0,37.5
BIN_1009,2026-07-18T20:30:00Z,77.6,2.799999999999983,20,5,1500.0,37.0
BIN_1009,2026-07-18T21:00:00Z,77.8,0.4000000000000057,21,5,1530.0,36.5
BIN_1009,2026-07-18T21:30:00Z,3.5,-148.6,21,5,0.0,36.0
BIN_1009,2026-07-18T22:00:00Z,4.7,2.4000000000000004,22,5,30.0,35.5
BIN_1009,2026-07-18T22:30:00Z,6.2,3.0,22,5,60.0,35.0
BIN_1009,2026-07-18T23:00:00Z,8.1,3.799999999999999,23,5,90.0,34.5
BIN_1009,2026-07-18T23:30:00Z,8.9,1.6000000000000014,23,5,120.0,34.0
BIN_1009,2026-07-19T00:00:00Z,9.8,1.8000000000000007,0,6,150.0,33.5
BIN_1009,2026-07-19T00:30:00Z,11.7,3.799999999999997,0,6,180.0,33.0
BIN_1009,2026-07-19T01:00:00Z,13.5,3.6000000000000014,1,6,210.0,32.5
BIN_1009,2026-07-19T01:30:00Z,14.3,1.6000000000000014,1,6,240.0,32.0
BIN_1009,2026-07-19T02:00:00Z,16.6,4.600000000000001,2,6,270.0,31.5
BIN_1009,2026-07-19T02:30:00Z,17.5,1.7999999999999972,2,6,300.0,31.0
BIN_1009,2026-07-19T03:00:00Z,19.4,3.799999999999997,3,6,330.0,30.5
BIN_1009,2026-07-19T03:30:00Z,21.0,3.200000000000003,3,6,360.0,30.0
BIN_1009,2026-07-19T04:00:00Z,21.8,1.6000000000000014,4,6,390.0,29.5
BIN_1009,2026-07-19T04:30:00Z,22.1,0.6000000000000014,4,6,420.0,29.0
BIN_1009,2026-07-19T05:00:00Z,22.8,1.3999999999999986,5,6,450.0,28.5
BIN_1009,2026-07-19T05:30:00Z,23.6,1.6000000000000014,5,6,480.0,28.0
BIN_1009,2026-07-19T06:00:00Z,24.1,1.0,6,6,510.0,27.5
BIN_1009,2026-07-19T06:30:00Z,25.4,2.5999999999999943,6,6,540.0,27.0
BIN_1009,2026-07-19T07:00:00Z,26.5,2.200000000000003,7,6,570.0,26.5
BIN_1009,2026-07-19T07:30:00Z,27.4,1.7999999999999972,7,6,600.0,26.0
BIN_1009,2026-07-19T08:00:00Z,28.7,2.6000000000000014,8,6,630.0,25.5
BIN_1009,2026-07-19T08:30:00Z,30.9,4.399999999999999,8,6,660.0,25.0
BIN_1009,2026-07-19T09:00:00Z,32.2,2.6000000000000085,9,6,690.0,24.5
BIN_1009,2026-07-19T09:30:00Z,33.9,3.3999999999999915,9,6,720.0,24.0
BIN_1009,2026-07-19T10:00:00Z,35.0,2.200000000000003,10,6,750.0,23.5
BIN_1009,2026-07-19T10:30:00Z,36.3,2.5999999999999943,10,6,780.0,23.0
BIN_1009,2026-07-19T11:00:00Z,37.9,3.200000000000003,11,6,810.0,22.5
BIN_1009,2026-07-19T11:30:00Z,39.9,4.0,11,6,840.0,22.0
BIN_1009,2026-07-19T12:00:00Z,39.8,-0.20000000000000284,12,6,870.0,21.5
BIN_1009,2026-07-19T12:30:00Z,41.2,2.8000000000000114,12,6,900.0,21.0
BIN_1009,2026-07-19T13:00:00Z,42.0,1.5999999999999943,13,6,930.0,20.5
BIN_1009,2026-07-19T13:30:00Z,43.4,2.799999999999997,13,6,960.0,20.0
BIN_1009,2026-07-19T14:00:00Z,44.4,2.0,14,6,990.0,19.5
BIN_1009,2026-07-19T14:30:00Z,46.0,3.200000000000003,14,6,1020.0,19.0
BIN_1009,2026-07-19T15:00:00Z,47.0,2.0,15,6,1050.0,18.5
BIN_1009,2026-07-19T15:30:00Z,48.2,2.4000000000000057,15,6,1080.0,18.0
BIN_1009,2026-07-19T16:00:00Z,49.1,1.7999999999999972,16,6,1110.0,17.5
BIN_1009,2026-07-19T16:30:00Z,50.6,3.0,16,6,1140.0,17.0
BIN_1009,2026-07-19T17:00:00Z,51.7,2.200000000000003,17,6,1170.0,16.5
BIN_1009,2026-07-19T17:30:00Z,52.4,1.3999999999999915,17,6,1200.0,16.0
BIN_1009,2026-07-19T18:00:00Z,52.9,1.0,18,6,1230.0,15.5
BIN_1009,2026-07-19T18:30:00Z,55.1,4.400000000000006,18,6,1260.0,15.0
BIN_1009,2026-07-19T19:00:00Z,56.6,3.0,19,6,1290.0,14.5
BIN_1009,2026-07-19T19:30:00Z,57.8,2.3999999999999915,19,6,1320.0,14.0
BIN_1009,2026-07-19T20:00:00Z,58.5,1.4000000000000057,20,6,1350.0,13.5
BIN_1009,2026-07-19T20:30:00Z,59.9,2.799999999999997,20,6,1380.0,13.0
BIN_1009,2026-07-19T21:00:00Z,61.1,2.4000000000000057,21,6,1410.0,12.5
BIN_1009,2026-07-19T21:30:00Z,63.4,4.599999999999994,21,6,1440.0,12.0
BIN_1009,2026-07-19T22:00:00Z,65.2,3.6000000000000085,22,6,1470.0,11.5
BIN_1009,2026-07-19T22:30:00Z,65.9,1.4000000000000057,22,6,1500.0,11.0
BIN_1009,2026-07-19T23:00:00Z,66.6,1.3999999999999773,23,6,1530.0,10.5
BIN_1009,2026-07-19T23:30:00Z,68.0,2.8000000000000114,23,6,1560.0,10.0
BIN_1009,2026-07-20T00:00:00Z,68.4,0.8000000000000114,0,0,1590.0,9.5
BIN_1009,2026-07-20T00:30:00Z,69.6,2.3999999999999773,0,0,1620.0,9.0
BIN_1009,2026-07-20T01:00:00Z,71.1,3.0,1,0,1650.0,8.5
BIN_1009,2026-07-20T01:30:00Z,72.5,2.8000000000000114,1,0,1680.0,8.0
BIN_1009,2026-07-20T02:00:00Z,73.7,2.4000000000000057,2,0,1710.0,7.5
BIN_1009,2026-07-20T02:30:00Z,75.8,4.199999999999989,2,0,1740.0,7.0
BIN_1009,2026-07-20T03:00:00Z,76.8,2.0,3,0,1770.0,6.5
BIN_1009,2026-07-20T03:30:00Z,77.0,0.4000000000000057,3,0,1800.0,6.0
BIN_1009,2026-07-20T04:00:00Z,78.8,3.5999999999999943,4,0,1830.0,5.5
BIN_1009,2026-07-20T04:30:00Z,81.0,4.400000000000006,4,0,1860.0,5.0
BIN_1009,2026-07-20T05:00:00Z,82.1,2.1999999999999886,5,0,1890.0,4.5
BIN_1009,2026-07-20T05:30:00Z,82.6,1.0,5,0,1920.0,4.0
BIN_1009,2026-07-20T06:00:00Z,85.4,5.600000000000023,6,0,1950.0,3.5
BIN_1009,2026-07-20T06:30:00Z,85.8,0.799999999999983,6,0,1980.0,3.0
BIN_1009,2026-07-20T07:00:00Z,87.7,3.8000000000000114,7,0,2010.0,2.5
BIN_1009,2026-07-20T07:30:00Z,88.7,2.0,7,0,2040.0,2.0
BIN_1009,2026-07-20T08:00:00Z,88.8,0.19999999999998863,8,0,2070.0,1.5
BIN_1009,2026-07-20T08:30:00Z,88.4,-0.799999999999983,8,0,2100.0,1.0
BIN_1009,2026-07-20T09:00:00Z,89.5,2.1999999999999886,9,0,2130.0,0.5
BIN_1009,2026-07-20T09:30:00Z,90.1,1.1999999999999886,9,0,2160.0,0.0
BIN_1009,2026-07-20T10:00:00Z,91.6,3.0,10,0,2190.0,0.0
BIN_1009,2026-07-20T10:30:00Z,94.0,4.800000000000011,10,0,2220.0,0.0
BIN_1009,2026-07-20T11:00:00Z,94.2,0.4000000000000057,11,0,2250.0,0.0
BIN_1009,2026-07-20T11:30:00Z,95.0,1.5999999999999943,11,0,2280.0,0.0
BIN_1009,2026-07-20T12:00:00Z,96.6,3.1999999999999886,12,0,2310.0,0.0
BIN_1009,2026-07-20T12:30:00Z,98.5,3.8000000000000114,12,0,2340.0,0.0
BIN_1009,2026-07-20T13:00:00Z,99.6,2.1999999999999886,13,0,2370.0,0.0
BIN_1009,2026-07-20T13:30:00Z,100.0,0.8000000000000114,13,0,2400.0,0.0
BIN_1009,2026-07-20T14:00:00Z,100.0,0.0,14,0,2430.0,0.0
BIN_1009,2026-07-20T14:30:00Z,100.0,0.0,14,0,2460.0,0.0
BIN_1009,2026-07-20T15:00:00Z,100.0,0.0,15,0,2490.0,0.0
BIN_1009,2026-07-20T15:30:00Z,100.0,0.0,15,0,2520.0,0.0
BIN_1009,2026-07-20T16:00:00Z,100.0,0.0,16,0,2550.0,0.0
BIN_1009,2026-07-20T16:30:00Z,100.0,0.0,16,0,2580.0,0.0
BIN_1009,2026-07-20T17:00:00Z,100.0,0.0,17,0,2610.0,0.0
BIN_1009,2026-07-20T17:30:00Z,100.0,0.0,17,0,2640.0,0.0
BIN_1009,2026-07-20T18:00:00Z,100.0,0.0,18,0,2670.0,0.0
BIN_1009,2026-07-20T18:30:00Z,100.0,0.0,18,0,2700.0,0.0
BIN_1009,2026-07-20T19:00:00Z,99.8,-0.4000000000000057,19,0,2730.0,0.0
BIN_1009,2026-07-20T19:30:00Z,100.0,0.4000000000000057,19,0,2760.0,0.0
BIN_1009,2026-07-20T20:00:00Z,100.0,0.0,20,0,2790.0,0.0
BIN_1009,2026-07-20T20:30:00Z,100.0,0.0,20,0,2820.0,0.0
BIN_1009,2026-07-20T21:00:00Z,100.0,0.0,21,0,2850.0,0.0
BIN_1009,2026-07-20T21:30:00Z,100.0,0.0,21,0,2880.0,0.0
BIN_1009,2026-07-20T22:00:00Z,100.0,0.0,22,0,2910.0,0.0
BIN_1009,2026-07-20T22:30:00Z,100.0,0.0,22,0,2940.0,0.0
BIN_1009,2026-07-20T23:00:00Z,100.0,0.0,23,0,2970.0,0.0
BIN_1009,2026-07-20T23:30:00Z,100.0,0.0,23,0,3000.0,0.0
BIN_1011,2026-07-14T00:00:00Z,1.4,0.0,0,1,0.0,96.5
BIN_1011,2026-07-14T00:30:00Z,2.6,2.4000000000000004,0,1,30.0,96.0
BIN_1011,2026-07-14T01:00:00Z,3.3,1.3999999999999995,1,1,60.0,95.5
BIN_1011,2026-07-14T01:30:00Z,4.2,1.8000000000000007,1,1,90.0,95.0
BIN_1011,2026-07-14T02:00:00Z,5.6,2.799999999999999,2,1,120.0,94.5
BIN_1011,2026-07-14T02:30:00Z,6.8,2.4000000000000004,2,1,150.0,94.0
BIN_1011,2026-07-14T03:00:00Z,7.6,1.5999999999999996,3,1,180.0,93.5
BIN_1011,2026-07-14T03:30:00Z,9.4,3.6000000000000014,3,1,210.0,93.0
BIN_1011,2026-07-14T04:00:00Z,10.3,1.8000000000000007,4,1,240.0,92.5
BIN_1011,2026-07-14T04:30:00Z,10.7,0.7999999999999972,4,1,270.0,92.0
BIN_1011,2026-07-14T05:00:00Z,11.3,1.2000000000000028,5,1,300.0,91.5
BIN_1011,2026-07-14T05:30:00Z,10.9,-0.8000000000000007,5,1,330.0,91.0
BIN_1011,2026-07-14T06:00:00Z,13.3,4.800000000000001,6,1,360.0,90.5
BIN_1011,2026-07-14T06:30:00Z,14.3,2.0,6,1,390.0,90.0
BIN_1011,2026-07-14T07:00:00Z,15.3,2.0,7,1,420.0,89.5
BIN_1011,2026-07-14T07:30:00Z,16.0,1.3999999999999986,7,1,450.0,89.0
BIN_1011,2026-07-14T08:00:00Z,17.9,3.799999999999997,8,1,480.0,88.5
BIN_1011,2026-07-14T08:30:00Z,18.3,0.8000000000000043,8,1,510.0,88.0
BIN_1011,2026-07-14T09:00:00Z,20.0,3.3999999999999986,9,1,540.0,87.5
BIN_1011,2026-07-14T09:30:00Z,20.1,0.20000000000000284,9,1,570.0,87.0
BIN_1011,2026-07-14T10:00:00Z,21.3,2.3999999999999986,10,1,600.0,86.5
BIN_1011,2026-07-14T10:30:00Z,22.3,2.0,10,1,630.0,86.0
BIN_1011,2026-07-14T11:00:00Z,24.1,3.6000000000000014,11,1,660.0,85.5
BIN_1011,2026-07-14T11:30:00Z,24.8,1.3999999999999986,11,1,690.0,85.0
BIN_1011,2026-07-14T12:00:00Z,26.8,4.0,12,1,720.0,84.5
BIN_1011,2026-07-14T12:30:00Z,26.7,-0.20000000000000284,12,1,750.0,84.0
BIN_1011,2026-07-14T13:00:00Z,27.6,1.8000000000000043,13,1,780.0,83.5
BIN_1011,2026-07-14T13:30:00Z,29.0,2.799999999999997,13,1,810.0,83.0
BIN_1011,2026-07-14T14:00:00Z,28.7,-0.6000000000000014,14,1,840.0,82.5
BIN_1011,2026-07-14T14:30:00Z,28.5,-0.3999999999999986,14,1,870.0,82.0
BIN_1011,2026-07-14T15:00:00Z,28.8,0.6000000000000014,15,1,900.0,81.5
BIN_1011,2026-07-14T15:30:00Z,29.8,2.0,15,1,930.0,81.0
BIN_1011,2026-07-14T16:00:00Z,31.5,3.3999999999999986,16,1,960.0,80.5
BIN_1011,2026-07-14T16:30:00Z,33.4,3.799999999999997,16,1,990.0,80.0
BIN_1011,2026-07-14T17:00:00Z,34.0,1.2000000000000028,17,1,1020.0,79.5
BIN_1011,2026-07-14T17:30:00Z,34.6,1.2000000000000028,17,1,1050.0,79.0
BIN_1011,2026-07-14T18:00:00Z,35.2,1.2000000000000028,18,1,1080.0,78.5
BIN_1011,2026-07-14T18:30:00Z,37.0,3.5999999999999943,18,1,1110.0,78.0
BIN_1011,2026-07-14T19:00:00Z,37.0,0.0,19,1,1140.0,77.5
BIN_1011,2026-07-14T19:30:00Z,38.6,3.200000000000003,19,1,1170.0,77.0
BIN_1011,2026-07-14T20:00:00Z,40.3,3.3999999999999915,20,1,1200.0,76.5
BIN_1011,2026-07-14T20:30:00Z,41.8,3.0,20,1,1230.0,76.0
BIN_1011,2026-07-14T21:00:00Z,43.1,2.6000000000000085,21,1,1260.0,75.5
BIN_1011,2026-07-14T21:30:00Z,44.8,3.3999999999999915,21,1,1290.0,75.0
BIN_1011,2026-07-14T22:00:00Z,45.3,1.0,22,1,1320.0,74.5
BIN_1011,2026-07-14T22:30:00Z,45.5,0.4000000000000057,22,1,1350.0,74.0
BIN_1011,2026-07-14T23:00:00Z,47.3,3.5999999999999943,23,1,1380.0,73.5
BIN_1011,2026-07-14T23:30:00Z,48.2,1.8000000000000114,23,1,1410.0,73.0
BIN_1011,2026-07-15T00:00:00Z,48.9,1.3999999999999915,0,2,1440.0,72.5
BIN_1011,2026-07-15T00:30:00Z,48.4,-1.0,0,2,1470.0,72.0
BIN_1011,2026-07-15T01:00:00Z,48.9,1.0,1,2,1500.0,71.5
BIN_1011,2026-07-15T01:30:00Z,50.1,2.4000000000000057,1,2,1530.0,71.0
BIN_1011,2026-07-15T02:00:00Z,50.3,0.3999999999999915,2,2,1560.0,70.5
BIN_1011,2026-07-15T02:30:00Z,50.7,0.8000000000000114,2,2,1590.0,70.0
BIN_1011,2026-07-15T03:00:00Z,52.2,3.0,3,2,1620.0,69.5
BIN_1011,2026-07-15T03:30:00Z,52.9,1.3999999999999915,3,2,1650.0,69.0
BIN_1011,2026-07-15T04:00:00Z,54.1,2.4000000000000057,4,2,1680.0,68.5
BIN_1011,2026-07-15T04:30:00Z,54.1,0.0,4,2,1710.0,68.0
BIN_1011,2026-07-15T05:00:00Z,54.8,1.3999999999999915,5,2,1740.0,67.5
BIN_1011,2026-07-15T05:30:00Z,56.8,4.0,5,2,1770.0,67.0
BIN_1011,2026-07-15T06:00:00Z,57.9,2.200000000000003,6,2,1800.0,66.5
BIN_1011,2026-07-15T06:30:00Z,59.0,2.200000000000003,6,2,1830.0,66.0
BIN_1011,2026-07-15T07:00:00Z,59.9,1.7999999999999972,7,2,1860.0,65.5
BIN_1011,2026-07-15T07:30:00Z,62.6,5.400000000000006,7,2,1890.0,65.0
BIN_1011,2026-07-15T08:00:00Z,63.9,2.5999999999999943,8,2,1920.0,64.5
BIN_1011,2026-07-15T08:30:00Z,64.9,2.000000000000014,8,2,1950.0,64.0
BIN_1011,2026-07-15T09:00:00Z,65.7,1.5999999999999943,9,2,1980.0,63.5
BIN_1011,2026-07-15T09:30:00Z,65.6,-0.20000000000001705,9,2,2010.0,63.0
BIN_1011,2026-07-15T10:00:00Z,66.0,0.8000000000000114,10,2,2040.0,62.5
BIN_1011,2026-07-15T10:30:00Z,67.5,3.0,10,2,2070.0,62.0
BIN_1011,2026-07-15T11:00:00Z,67.6,0.19999999999998863,11,2,2100.0,61.5
BIN_1011,2026-07-15T11:30:00Z,68.9,2.6000000000000227,11,2,2130.0,61.0
BIN_1011,2026-07-15T12:00:00Z,70.7,3.5999999999999943,12,2,2160.0,60.5
BIN_1011,2026-07-15T12:30:00Z,4.8,-131.8,12,2,0.0,60.0
BIN_1011,2026-07-15T13:00:00Z,4.9,0.20000000000000107,13,2,30.0,59.5
BIN_1011,2026-07-15T13:30:00Z,6.0,2.1999999999999993,13,2,60.0,59.0
BIN_1011,2026-07-15T14:00:00Z,7.4,2.8000000000000007,14,2,90.0,58.5
BIN_1011,2026-07-15T14:30:00Z,7.9,1.0,14,2,120.0,58.0
BIN_1011,2026-07-15T15:00:00Z,9.7,3.599999999999998,15,2,150.0,57.5
BIN_1011,2026-07-15T15:30:00Z,11.1,2.8000000000000007,15,2,180.0,57.0
BIN_1011,2026-07-15T16:00:00Z,11.2,0.1999999999999993,16,2,210.0,56.5
BIN_1011,2026-07-15T16:30:00Z,12.6,2.8000000000000007,16,2,240.0,56.0
BIN_1011,2026-07-15T17:00:00Z,13.7,2.1999999999999993,17,2,270.0,55.5
BIN_1011,2026-07-15T17:30:00Z,15.7,4.0,17,2,300.0,55.0
BIN_1011,2026-07-15T18:00:00Z,16.3,1.2000000000000028,18,2,330.0,54.5
BIN_1011,2026-07-15T18:30:00Z,16.4,0.19999999999999574,18,2,360.0,54.0
BIN_1011,2026-07-15T19:00:00Z,18.1,3.4000000000000057,19,2,390.0,53.5
BIN_1011,2026-07-15T19:30:00Z,20.2,4.199999999999996,19,2,420.0,53.0
BIN_1011,2026-07-15T20:00:00Z,20.5,0.6000000000000014,20,2,450.0,52.5
BIN_1011,2026-07-15T20:30:00Z,21.6,2.200000000000003,20,2,480.0,52.0
BIN_1011,2026-07-15T21:00:00Z,22.4,1.5999999999999943,21,2,510.0,51.5
BIN_1011,2026-07-15T21:30:00Z,22.0,-0.7999999999999972,21,2,540.0,51.0
BIN_1011,2026-07-15T22:00:00Z,23.1,2.200000000000003,22,2,570.0,50.5
BIN_1011,2026-07-15T22:30:00Z,23.8,1.3999999999999986,22,2,600.0,50.0
BIN_1011,2026-07-15T23:00:00Z,25.4,3.1999999999999957,23,2,630.0,49.5
BIN_1011,2026-07-15T23:30:00Z,26.6,2.4000000000000057,23,2,660.0,49.0
BIN_1011,2026-07-16T00:00:00Z,27.0,0.7999999999999972,0,3,690.0,48.5
BIN_1011,2026-07-16T00:30:00Z,27.9,1.7999999999999972,0,3,720.0,48.0
BIN_1011,2026-07-16T01:00:00Z,28.9,2.0,1,3,750.0,47.5
BIN_1011,2026-07-16T01:30:00Z,30.9,4.0,1,3,780.0,47.0
BIN_1011,2026-07-16T02:00:00Z,31.2,0.6000000000000014,2,3,810.0,46.5
BIN_1011,2026-07-16T02:30:00Z,32.1,1.8000000000000043,2,3,840.0,46.0
BIN_1011,2026-07-16T03:00:00Z,32.5,0.7999999999999972,3,3,870.0,45.5
BIN_1011,2026-07-16T03:30:00Z,33.3,1.5999999999999943,3,3,900.0,45.0
BIN_1011,2026-07-16T04:00:00Z,33.9,1.2000000000000028,4,3,930.0,44.5
BIN_1011,2026-07-16T04:30:00Z,34.8,1.7999999999999972,4,3,960.0,44.0
BIN_1011,2026-07-16T05:00:00Z,1.0,-67.6,5,3,0.0,43.5
BIN_1011,2026-07-16T05:30:00Z,2.1,2.2,5,3,30.0,43.0
BIN_1011,2026-07-16T06:00:00Z,3.5,2.8,6,3,60.0,42.5
BIN_1011,2026-07-16T06:30:00Z,5.4,3.8000000000000007,6,3,90.0,42.0
BIN_1011,2026-07-16T07:00:00Z,6.8,2.799999999999999,7,3,120.0,41.5
BIN_1011,2026-07-16T07:30:00Z,7.7,1.8000000000000007,7,3,150.0,41.0
BIN_1011,2026-07-16T08:00:00Z,8.9,2.4000000000000004,8,3,180.0,40.5
BIN_1011,2026-07-16T08:30:00Z,10.9,4.0,8,3,210.0,40.0
BIN_1011,2026-07-16T09:00:00Z,12.4,3.0,9,3,240.0,39.5
BIN_1011,2026-07-16T09:30:00Z,13.7,2.599999999999998,9,3,270.0,39.0
BIN_1011,2026-07-16T10:00:00Z,14.8,2.200000000000003,10,3,300.0,38.5
BIN_1011,2026-07-16T10:30:00Z,15.8,2.0,10,3,330.0,38.0
BIN_1011,2026-07-16T11:00:00Z,16.4,1.1999999999999957,11,3,360.0,37.5
BIN_1011,2026-07-16T11:30:00Z,18.1,3.4000000000000057,11,3,390.0,37.0
BIN_1011,2026-07-16T12:00:00Z,18.9,1.5999999999999943,12,3,420.0,36.5
BIN_1011,2026-07-16T12:30:00Z,19.3,0.8000000000000043,12,3,450.0,36.0
BIN_1011,2026-07-16T13:00:00Z,19.9,1.1999999999999957,13,3,480.0,35.5
BIN_1011,2026-07-16T13:30:00Z,21.1,2.4000000000000057,13,3,510.0,35.0
BIN_1011,2026-07-16T14:00:00Z,23.3,4.399999999999999,14,3,540.0,34.5
BIN_1011,2026-07-16T14:30:00Z,23.5,0.3999999999999986,14,3,570.0,34.0
BIN_1011,2026-07-16T15:00:00Z,25.2,3.3999999999999986,15,3,600.0,33.5
BIN_1011,2026-07-16T15:30:00Z,25.1,-0.19999999999999574,15,3,630.0,33.0
BIN_1011,2026-07-16T16:00:00Z,26.9,3.5999999999999943,16,3,660.0,32.5
BIN_1011,2026-07-16T16:30:00Z,28.1,2.4000000000000057,16,3,690.0,32.0
BIN_1011,2026-07-16T17:00:00Z,29.1,2.0,17,3,720.0,31.5
BIN_1011,2026-07-16T17:30:00Z,30.2,2.1999999999999957,17,3,750.0,31.0
BIN_1011,2026-07-16T18:00:00Z,31.3,2.200000000000003,18,3,780.0,30.5
BIN_1011,2026-07-16T18:30:00Z,31.8,1.0,18,3,810.0,30.0
BIN_1011,2026-07-16T19:00:00Z,32.9,2.1999999999999957,19,3,840.0,29.5
BIN_1011,2026-07-16T19:30:00Z,33.8,1.7999999999999972,19,3,870.0,29.0
BIN_1011,2026-07-16T20:00:00Z,34.4,1.2000000000000028,20,3,900.0,28.5
BIN_1011,2026-07-16T20:30:00Z,36.7,4.6000000000000085,20,3,930.0,28.0
BIN_1011,2026-07-16T21:00:00Z,36.9,0.3999999999999915,21,3,960.0,27.5
BIN_1011,2026-07-16T21:30:00Z,38.7,3.6000000000000085,21,3,990.0,27.0
BIN_1011,2026-07-16T22:00:00Z,39.7,2.0,22,3,1020.0,26.5
BIN_1011,2026-07-16T22:30:00Z,40.8,2.1999999999999886,22,3,1050.0,26.0
BIN_1011,2026-07-16T23:00:00Z,41.5,1.4000000000000057,23,3,1080.0,25.5
BIN_1011,2026-07-16T23:30:00Z,43.1,3.200000000000003,23,3,1110.0,25.0
BIN_1011,2026-07-17T00:00:00Z,44.3,2.3999999999999915,0,4,1140.0,24.5
BIN_1011,2026-07-17T00:30:00Z,44.8,1.0,0,4,1170.0,24.0
BIN_1011,2026-07-17T01:00:00Z,46.5,3.4000000000000057,1,4,1200.0,23.5
BIN_1011,2026-07-17T01:30:00Z,46.5,0.0,1,4,1230.0,23.0
BIN_1011,2026-07-17T02:00:00Z,47.3,1.5999999999999943,2,4,1260.0,22.5
BIN_1011,2026-07-17T02:30:00Z,48.8,3.0,2,4,1290.0,22.0
BIN_1011,2026-07-17T03:00:00Z,49.8,2.0,3,4,1320.0,21.5
BIN_1011,2026-07-17T03:30:00Z,51.2,2.8000000000000114,3,4,1350.0,21.0
BIN_1011,2026-07-17T04:00:00Z,51.9,1.3999999999999915,4,4,1380.0,20.5
BIN_1011,2026-07-17T04:30:00Z,53.7,3.6000000000000085,4,4,1410.0,20.0
BIN_1011,2026-07-17T05:00:00Z,54.0,0.5999999999999943,5,4,1440.0,19.5
BIN_1011,2026-07-17T05:30:00Z,54.5,1.0,5,4,1470.0,19.0
BIN_1011,2026-07-17T06:00:00Z,55.4,1.7999999999999972,6,4,1500.0,18.5
BIN_1011,2026-07-17T06:30:00Z,55.4,0.0,6,4,1530.0,18.0
BIN_1011,2026-07-17T07:00:00Z,56.3,1.7999999999999972,7,4,1560.0,17.5
BIN_1011,2026-07-17T07:30:00Z,56.5,0.4000000000000057,7,4,1590.0,17.0
BIN_1011,2026-07-17T08:00:00Z,57.5,2.0,8,4,1620.0,16.5
BIN_1011,2026-07-17T08:30:00Z,59.0,3.0,8,4,1650.0,16.0
BIN_1011,2026-07-17T09:00:00Z,60.6,3.200000000000003,9,4,1680.0,15.5
BIN_1011,2026-07-17T09:30:00Z,60.9,0.5999999999999943,9,4,1710.0,15.0
BIN_1011,2026-07-17T10:00:00Z,61.8,1.7999999999999972,10,4,1740.0,14.5
BIN_1011,2026-07-17T10:30:00Z,61.9,0.20000000000000284,10,4,1770.0,14.0
BIN_1011,2026-07-17T11:00:00Z,62.5,1.2000000000000028,11,4,1800.0,13.5
BIN_1011,2026-07-17T11:30:00Z,63.0,1.0,11,4,1830.0,13.0
BIN_1011,2026-07-17T12:00:00Z,64.2,2.4000000000000057,12,4,1860.0,12.5
BIN_1011,2026-07-17T12:30:00Z,65.7,3.0,12,4,1890.0,12.0
BIN_1011,2026-07-17T13:00:00Z,67.1,2.799999999999983,13,4,1920.0,11.5
BIN_1011,2026-07-17T13:30:00Z,68.0,1.8000000000000114,13,4,1950.0,11.0
BIN_1011,2026-07-17T14:00:00Z,68.3,0.5999999999999943,14,4,1980.0,10.5
BIN_1011,2026-07-17T14:30:00Z,68.9,1.200000000000017,14,4,2010.0,10.0
BIN_1011,2026-07-17T15:00:00Z,70.9,4.0,15,4,2040.0,9.5
BIN_1011,2026-07-17T15:30:00Z,71.8,1.799999999999983,15,4,2070.0,9.0
BIN_1011,2026-07-17T16:00:00Z,72.3,1.0,16,4,2100.0,8.5
BIN_1011,2026-07-17T16:30:00Z,73.1,1.5999999999999943,16,4,2130.0,8.0
BIN_1011,2026-07-17T17:00:00Z,74.4,2.6000000000000227,17,4,2160.0,7.5
BIN_1011,2026-07-17T17:30:00Z,76.8,4.799999999999983,17,4,2190.0,7.0
BIN_1011,2026-07-17T18:00:00Z,78.6,3.5999999999999943,18,4,2220.0,6.5
BIN_1011,2026-07-17T18:30:00Z,79.5,1.8000000000000114,18,4,2250.0,6.0
BIN_1011,2026-07-17T19:00:00Z,80.4,1.8000000000000114,19,4,2280.0,5.5
BIN_1011,2026-07-17T19:30:00Z,80.7,0.5999999999999943,19,4,2310.0,5.0
BIN_1011,2026-07-17T20:00:00Z,81.6,1.799999999999983,20,4,2340.0,4.5
BIN_1011,2026-07-17T20:30:00Z,83.2,3.200000000000017,20,4,2370.0,4.0
BIN_1011,2026-07-17T21:00:00Z,83.9,1.4000000000000057,21,4,2400.0,3.5
BIN_1011,2026-07-17T21:30:00Z,84.2,0.5999999999999943,21,4,2430.0,3.0
BIN_1011,2026-07-17T22:00:00Z,85.7,3.0,22,4,2460.0,2.5
BIN_1011,2026-07-17T22:30:00Z,86.4,1.4000000000000057,22,4,2490.0,2.0
BIN_1011,2026-07-17T23:00:00Z,87.3,1.799999999999983,23,4,2520.0,1.5
BIN_1011,2026-07-17T23:30:00Z,88.4,2.200000000000017,23,4,2550.0,1.0
BIN_1011,2026-07-18T00:00:00Z,88.8,0.799999999999983,0,5,2580.0,0.5
BIN_1011,2026-07-18T00:30:00Z,90.3,3.0,0,5,2610.0,0.0
BIN_1011,2026-07-18T01:00:00Z,90.6,0.5999999999999943,1,5,2640.0,0.0
BIN_1011,2026-07-18T01:30:00Z,92.2,3.200000000000017,1,5,2670.0,0.0
BIN_1011,2026-07-18T02:00:00Z,93.8,3.1999999999999886,2,5,2700.0,0.0
BIN_1011,2026-07-18T02:30:00Z,94.6,1.5999999999999943,2,5,2730.0,0.0
BIN_1011,2026-07-18T03:00:00Z,96.3,3.4000000000000057,3,5,2760.0,0.0
BIN_1011,2026-07-18T03:30:00Z,97.5,2.4000000000000057,3,5,2790.0,0.0
BIN_1011,2026-07-18T04:00:00Z,98.1,1.1999999999999886,4,5,2820.0,0.0
BIN_1011,2026-07-18T04:30:00Z,99.6,3.0,4,5,2850.0,0.0
BIN_1011,2026-07-18T05:00:00Z,100.0,0.8000000000000114,5,5,2880.0,0.0
BIN_1011,2026-07-18T05:30:00Z,100.0,0.0,5,5,2910.0,0.0
BIN_1011,2026-07-18T06:00:00Z,99.8,-0.4000000000000057,6,5,2940.0,0.0
BIN_1011,2026-07-18T06:30:00Z,100.0,0.4000000000000057,6,5,2970.0,0.0
BIN_1011,2026-07-18T07:00:00Z,100.0,0.0,7,5,3000.0,0.0
BIN_1011,2026-07-18T07:30:00Z,100.0,0.0,7,5,3030.0,0.0
BIN_1011,2026-07-18T08:00:00Z,100.0,0.0,8,5,3060.0,0.0
BIN_1011,2026-07-18T08:30:00Z,100.0,0.0,8,5,3090.0,0.0
BIN_1011,2026-07-18T09:00:00Z,100.0,0.0,9,5,3120.0,0.0
BIN_1011,2026-07-18T09:30:00Z,100.0,0.0,9,5,3150.0,0.0
BIN_1011,2026-07-18T10:00:00Z,100.0,0.0,10,5,3180.0,0.0
BIN_1011,2026-07-18T10:30:00Z,100.0,0.0,10,5,3210.0,0.0
BIN_1011,2026-07-18T11:00:00Z,100.0,0.0,11,5,3240.0,0.0
BIN_1011,2026-07-18T11:30:00Z,100.0,0.0,11,5,3270.0,0.0
BIN_1011,2026-07-18T12:00:00Z,100.0,0.0,12,5,3300.0,0.0
BIN_1011,2026-07-18T12:30:00Z,100.0,0.0,12,5,3330.0,0.0
BIN_1011,2026-07-18T13:00:00Z,100.0,0.0,13,5,3360.0,0.0
BIN_1011,2026-07-18T13:30:00Z,100.0,0.0,13,5,3390.0,0.0
BIN_1011,2026-07-18T14:00:00Z,100.0,0.0,14,5,3420.0,0.0
BIN_1011,2026-07-18T14:30:00Z,100.0,0.0,14,5,3450.0,0.0
BIN_1011,2026-07-18T15:00:00Z,100.0,0.0,15,5,3480.0,0.0
BIN_1011,2026-07-18T15:30:00Z,100.0,0.0,15,5,3510.0,0.0
BIN_1011,2026-07-18T16:00:00Z,100.0,0.0,16,5,3540.0,0.0
BIN_1011,2026-07-18T16:30:00Z,100.0,0.0,16,5,3570.0,0.0
BIN_1011,2026-07-18T17:00:00Z,100.0,0.0,17,5,3600.0,0.0
BIN_1011,2026-07-18T17:30:00Z,100.0,0.0,17,5,3630.0,0.0
BIN_1011,2026-07-18T18:00:00Z,100.0,0.0,18,5,3660.0,0.0
BIN_1011,2026-07-18T18:30:00Z,100.0,0.0,18,5,3690.0,0.0
BIN_1011,2026-07-18T19:00:00Z,100.0,0.0,19,5,3720.0,0.0
BIN_1011,2026-07-18T19:30:00Z,100.0,0.0,19,5,3750.0,0.0
BIN_1011,2026-07-18T20:00:00Z,100.0,0.0,20,5,3780.0,0.0
BIN_1011,2026-07-18T20:30:00Z,100.0,0.0,20,5,3810.0,0.0
BIN_1011,2026-07-18T21:00:00Z,100.0,0.0,21,5,3840.0,0.0
BIN_1011,2026-07-18T21:30:00Z,100.0,0.0,21,5,3870.0,0.0
BIN_1011,2026-07-18T22:00:00Z,100.0,0.0,22,5,3900.0,0.0
BIN_1011,2026-07-18T22:30:00Z,100.0,0.0,22,5,3930.0,0.0
BIN_1011,2026-07-18T23:00:00Z,100.0,0.0,23,5,3960.0,0.0
BIN_1011,2026-07-18T23:30:00Z,100.0,0.0,23,5,3990.0,0.0
BIN_1011,2026-07-19T00:00:00Z,100.0,0.0,0,6,4020.0,0.0
BIN_1013,2026-07-14T00:00:00Z,14.8,0.0,0,1,0.0,28.5
BIN_1013,2026-07-14T00:30:00Z,16.7,3.799999999999997,0,1,30.0,28.0
BIN_1013,2026-07-14T01:00:00Z,18.6,3.8000000000000043,1,1,60.0,27.5
BIN_1013,2026-07-14T01:30:00Z,19.7,2.1999999999999957,1,1,90.0,27.0
BIN_1013,2026-07-14T02:00:00Z,21.2,3.0,2,1,120.0,26.5
BIN_1013,2026-07-14T02:30:00Z,22.3,2.200000000000003,2,1,150.0,26.0
BIN_1013,2026-07-14T03:00:00Z,24.6,4.600000000000001,3,1,180.0,25.5
BIN_1013,2026-07-14T03:30:00Z,25.9,2.5999999999999943,3,1,210.0,25.0
BIN_1013,2026-07-14T04:00:00Z,27.8,3.8000000000000043,4,1,240.0,24.5
BIN_1013,2026-07-14T04:30:00Z,29.4,3.1999999999999957,4,1,270.0,24.0
BIN_1013,2026-07-14T05:00:00Z,30.6,2.4000000000000057,5,1,300.0,23.5
BIN_1013,2026-07-14T05:30:00Z,31.5,1.7999999999999972,5,1,330.0,23.0
BIN_1013,2026-07-14T06:00:00Z,32.8,2.5999999999999943,6,1,360.0,22.5
BIN_1013,2026-07-14T06:30:00Z,34.0,2.4000000000000057,6,1,390.0,22.0
BIN_1013,2026-07-14T07:00:00Z,35.3,2.5999999999999943,7,1,420.0,21.5
BIN_1013,2026-07-14T07:30:00Z,36.0,1.4000000000000057,7,1,450.0,21.0
BIN_1013,2026-07-14T08:00:00Z,37.0,2.0,8,1,480.0,20.5
BIN_1013,2026-07-14T08:30:00Z,38.0,2.0,8,1,510.0,20.0
BIN_1013,2026-07-14T09:00:00Z,39.9,3.799999999999997,9,1,540.0,19.5
BIN_1013,2026-07-14T09:30:00Z,41.4,3.0,9,1,570.0,19.0
BIN_1013,2026-07-14T10:00:00Z,42.5,2.200000000000003,10,1,600.0,18.5
BIN_1013,2026-07-14T10:30:00Z,43.9,2.799999999999997,10,1,630.0,18.0
BIN_1013,2026-07-14T11:00:00Z,45.6,3.4000000000000057,11,1,660.0,17.5
BIN_1013,2026-07-14T11:30:00Z,47.2,3.200000000000003,11,1,690.0,17.0
BIN_1013,2026-07-14T12:00:00Z,49.2,4.0,12,1,720.0,16.5
BIN_1013,2026-07-14T12:30:00Z,50.4,2.3999999999999915,12,1,750.0,16.0
BIN_1013,2026-07-14T13:00:00Z,50.7,0.6000000000000085,13,1,780.0,15.5
BIN_1013,2026-07-14T13:30:00Z,52.0,2.5999999999999943,13,1,810.0,15.0
BIN_1013,2026-07-14T14:00:00Z,53.1,2.200000000000003,14,1,840.0,14.5
BIN_1013,2026-07-14T14:30:00Z,54.6,3.0,14,1,870.0,14.0
BIN_1013,2026-07-14T15:00:00Z,55.9,2.5999999999999943,15,1,900.0,13.5
BIN_1013,2026-07-14T15:30:00Z,57.2,2.6000000000000085,15,1,930.0,13.0
BIN_1013,2026-07-14T16:00:00Z,58.8,3.1999999999999886,16,1,960.0,12.5
BIN_1013,2026-07-14T16:30:00Z,60.2,2.8000000000000114,16,1,990.0,12.0
BIN_1013,2026-07-14T17:00:00Z,61.1,1.7999999999999972,17,1,1020.0,11.5
BIN_1013,2026-07-14T17:30:00Z,62.8,3.3999999999999915,17,1,1050.0,11.0
BIN_1013,2026-07-14T18:00:00Z,63.0,0.4000000000000057,18,1,1080.0,10.5
BIN_1013,2026-07-14T18:30:00Z,64.0,2.0,18,1,1110.0,10.0
BIN_1013,2026-07-14T19:00:00Z,65.5,3.0,19,1,1140.0,9.5
BIN_1013,2026-07-14T19:30:00Z,66.5,2.0,19,1,1170.0,9.0
BIN_1013,2026-07-14T20:00:00Z,68.0,3.0,20,1,1200.0,8.5
BIN_1013,2026-07-14T20:30:00Z,69.0,2.0,20,1,1230.0,8.0
BIN_1013,2026-07-14T21:00:00Z,70.0,2.0,21,1,1260.0,7.5
BIN_1013,2026-07-14T21:30:00Z,72.3,4.599999999999994,21,1,1290.0,7.0
BIN_1013,2026-07-14T22:00:00Z,73.9,3.200000000000017,22,1,1320.0,6.5
BIN_1013,2026-07-14T22:30:00Z,74.6,1.3999999999999773,22,1,1350.0,6.0
BIN_1013,2026-07-14T23:00:00Z,76.4,3.6000000000000227,23,1,1380.0,5.5
BIN_1013,2026-07-14T23:30:00Z,77.8,2.799999999999983,23,1,1410.0,5.0
BIN_1013,2026-07-15T00:00:00Z,78.4,1.200000000000017,0,2,1440.0,4.5
BIN_1013,2026-07-15T00:30:00Z,78.6,0.39999999999997726,0,2,1470.0,4.0
BIN_1013,2026-07-15T01:00:00Z,80.3,3.4000000000000057,1,2,1500.0,3.5
BIN_1013,2026-07-15T01:30:00Z,82.4,4.200000000000017,1,2,1530.0,3.0
BIN_1013,2026-07-15T02:00:00Z,83.5,2.1999999999999886,2,2,1560.0,2.5
BIN_1013,2026-07-15T02:30:00Z,86.0,5.0,2,2,1590.0,2.0
BIN_1013,2026-07-15T03:00:00Z,88.1,4.199999999999989,3,2,1620.0,1.5
BIN_1013,2026-07-15T03:30:00Z,88.2,0.20000000000001705,3,2,1650.0,1.0
BIN_1013,2026-07-15T04:00:00Z,88.7,1.0,4,2,1680.0,0.5
BIN_1013,2026-07-15T04:30:00Z,90.8,4.199999999999989,4,2,1710.0,0.0
BIN_1013,2026-07-15T05:00:00Z,91.8,2.0,5,2,1740.0,0.0
BIN_1013,2026-07-15T05:30:00Z,93.8,4.0,5,2,1770.0,0.0
BIN_1013,2026-07-15T06:00:00Z,94.8,2.0,6,2,1800.0,0.0
BIN_1013,2026-07-15T06:30:00Z,96.0,2.4000000000000057,6,2,1830.0,0.0
BIN_1013,2026-07-15T07:00:00Z,97.5,3.0,7,2,1860.0,0.0
BIN_1013,2026-07-15T07:30:00Z,100.0,5.0,7,2,1890.0,0.0
BIN_1013,2026-07-15T08:00:00Z,100.0,0.0,8,2,1920.0,0.0
BIN_1013,2026-07-15T08:30:00Z,100.0,0.0,8,2,1950.0,0.0
BIN_1013,2026-07-15T09:00:00Z,100.0,0.0,9,2,1980.0,0.0
BIN_1013,2026-07-15T09:30:00Z,100.0,0.0,9,2,2010.0,0.0
BIN_1013,2026-07-15T10:00:00Z,100.0,0.0,10,2,2040.0,0.0
BIN_1013,2026-07-15T10:30:00Z,100.0,0.0,10,2,2070.0,0.0
BIN_1013,2026-07-15T11:00:00Z,100.0,0.0,11,2,2100.0,0.0
BIN_1013,2026-07-15T11:30:00Z,100.0,0.0,11,2,2130.0,0.0
BIN_1013,2026-07-15T12:00:00Z,100.0,0.0,12,2,2160.0,0.0
BIN_1013,2026-07-15T12:30:00Z,99.9,-0.19999999999998863,12,2,2190.0,0.0
BIN_1013,2026-07-15T13:00:00Z,100.0,0.19999999999998863,13,2,2220.0,0.0
BIN_1013,2026-07-15T13:30:00Z,100.0,0.0,13,2,2250.0,0.0
BIN_1013,2026-07-15T14:00:00Z,100.0,0.0,14,2,2280.0,0.0
BIN_1013,2026-07-15T14:30:00Z,100.0,0.0,14,2,2310.0,0.0
BIN_1013,2026-07-15T15:00:00Z,100.0,0.0,15,2,2340.0,0.0
BIN_1013,2026-07-15T15:30:00Z,100.0,0.0,15,2,2370.0,0.0
BIN_1013,2026-07-15T16:00:00Z,100.0,0.0,16,2,2400.0,0.0
BIN_1013,2026-07-15T16:30:00Z,100.0,0.0,16,2,2430.0,0.0
BIN_1013,2026-07-15T17:00:00Z,100.0,0.0,17,2,2460.0,0.0
BIN_1013,2026-07-15T17:30:00Z,100.0,0.0,17,2,2490.0,0.0
BIN_1013,2026-07-15T18:00:00Z,100.0,0.0,18,2,2520.0,0.0
BIN_1013,2026-07-15T18:30:00Z,100.0,0.0,18,2,2550.0,0.0
BIN_1013,2026-07-15T19:00:00Z,100.0,0.0,19,2,2580.0,0.0
BIN_1013,2026-07-15T19:30:00Z,100.0,0.0,19,2,2610.0,0.0
BIN_1013,2026-07-15T20:00:00Z,100.0,0.0,20,2,2640.0,0.0
BIN_1013,2026-07-15T20:30:00Z,100.0,0.0,20,2,2670.0,0.0
BIN_1013,2026-07-15T21:00:00Z,100.0,0.0,21,2,2700.0,0.0
BIN_1013,2026-07-15T21:30:00Z,100.0,0.0,21,2,2730.0,0.0
BIN_1013,2026-07-15T22:00:00Z,100.0,0.0,22,2,2760.0,0.0
BIN_1013,2026-07-15T22:30:00Z,100.0,0.0,22,2,2790.0,0.0
BIN_1013,2026-07-15T23:00:00Z,100.0,0.0,23,2,2820.0,0.0
BIN_1013,2026-07-15T23:30:00Z,100.0,0.0,23,2,2850.0,0.0
BIN_1013,2026-07-16T00:00:00Z,100.0,0.0,0,3,2880.0,0.0
BIN_1013,2026-07-16T00:30:00Z,100.0,0.0,0,3,2910.0,0.0
BIN_1013,2026-07-16T01:00:00Z,100.0,0.0,1,3,2940.0,0.0
BIN_1013,2026-07-16T01:30:00Z,0.8,-198.4,1,3,0.0,33.5
BIN_1013,2026-07-16T02:00:00Z,2.4,3.1999999999999997,2,3,30.0,33.0
BIN_1013,2026-07-16T02:30:00Z,4.3,3.8,2,3,60.0,32.5
BIN_1013,2026-07-16T03:00:00Z,6.6,4.6,3,3,90.0,32.0
BIN_1013,2026-07-16T03:30:00Z,7.4,1.6000000000000014,3,3,120.0,31.5
BIN_1013,2026-07-16T04:00:00Z,6.7,-1.4000000000000004,4,3,150.0,31.0
BIN_1013,2026-07-16T04:30:00Z,7.7,2.0,4,3,180.0,30.5
BIN_1013,2026-07-16T05:00:00Z,9.3,3.200000000000001,5,3,210.0,30.0
BIN_1013,2026-07-16T05:30:00Z,9.8,1.0,5,3,240.0,29.5
BIN_1013,2026-07-16T06:00:00Z,10.6,1.5999999999999979,6,3,270.0,29.0
BIN_1013,2026-07-16T06:30:00Z,12.0,2.8000000000000007,6,3,300.0,28.5
BIN_1013,2026-07-16T07:00:00Z,12.5,1.0,7,3,330.0,28.0
BIN_1013,2026-07-16T07:30:00Z,13.7,2.3999999999999986,7,3,360.0,27.5
BIN_1013,2026-07-16T08:00:00Z,15.8,4.200000000000003,8,3,390.0,27.0
BIN_1013,2026-07-16T08:30:00Z,17.2,2.799999999999997,8,3,420.0,26.5
BIN_1013,2026-07-16T09:00:00Z,18.7,3.0,9,3,450.0,26.0
BIN_1013,2026-07-16T09:30:00Z,19.9,2.3999999999999986,9,3,480.0,25.5
BIN_1013,2026-07-16T10:00:00Z,21.0,2.200000000000003,10,3,510.0,25.0
BIN_1013,2026-07-16T10:30:00Z,21.7,1.3999999999999986,10,3,540.0,24.5
BIN_1013,2026-07-16T11:00:00Z,24.3,5.200000000000003,11,3,570.0,24.0
BIN_1013,2026-07-16T11:30:00Z,25.3,2.0,11,3,600.0,23.5
BIN_1013,2026-07-16T12:00:00Z,26.9,3.1999999999999957,12,3,630.0,23.0
BIN_1013,2026-07-16T12:30:00Z,28.1,2.4000000000000057,12,3,660.0,22.5
BIN_1013,2026-07-16T13:00:00Z,30.4,4.599999999999994,13,3,690.0,22.0
BIN_1013,2026-07-16T13:30:00Z,30.9,1.0,13,3,720.0,21.5
BIN_1013,2026-07-16T14:00:00Z,31.9,2.0,14,3,750.0,21.0
BIN_1013,2026-07-16T14:30:00Z,33.1,2.4000000000000057,14,3,780.0,20.5
BIN_1013,2026-07-16T15:00:00Z,34.7,3.200000000000003,15,3,810.0,20.0
BIN_1013,2026-07-16T15:30:00Z,36.2,3.0,15,3,840.0,19.5
BIN_1013,2026-07-16T16:00:00Z,37.6,2.799999999999997,16,3,870.0,19.0
BIN_1013,2026-07-16T16:30:00Z,39.0,2.799999999999997,16,3,900.0,18.5
BIN_1013,2026-07-16T17:00:00Z,40.0,2.0,17,3,930.0,18.0
BIN_1013,2026-07-16T17:30:00Z,41.8,3.5999999999999943,17,3,960.0,17.5
BIN_1013,2026-07-16T18:00:00Z,43.8,4.0,18,3,990.0,17.0
BIN_1013,2026-07-16T18:30:00Z,44.6,1.6000000000000085,18,3,1020.0,16.5
BIN_1013,2026-07-16T19:00:00Z,46.1,3.0,19,3,1050.0,16.0
BIN_1013,2026-07-16T19:30:00Z,46.0,-0.20000000000000284,19,3,1080.0,15.5
BIN_1013,2026-07-16T20:00:00Z,47.7,3.4000000000000057,20,3,1110.0,15.0
BIN_1013,2026-07-16T20:30:00Z,49.4,3.3999999999999915,20,3,1140.0,14.5
BIN_1013,2026-07-16T21:00:00Z,50.3,1.7999999999999972,21,3,1170.0,14.0
BIN_1013,2026-07-16T21:30:00Z,51.5,2.4000000000000057,21,3,1200.0,13.5
BIN_1013,2026-07-16T22:00:00Z,52.4,1.7999999999999972,22,3,1230.0,13.0
BIN_1013,2026-07-16T22:30:00Z,53.6,2.4000000000000057,22,3,1260.0,12.5
BIN_1013,2026-07-16T23:00:00Z,55.1,3.0,23,3,1290.0,12.0
BIN_1013,2026-07-16T23:30:00Z,56.0,1.7999999999999972,23,3,1320.0,11.5
BIN_1013,2026-07-17T00:00:00Z,56.8,1.5999999999999943,0,4,1350.0,11.0
BIN_1013,2026-07-17T00:30:00Z,58.8,4.0,0,4,1380.0,10.5
BIN_1013,2026-07-17T01:00:00Z,60.2,2.8000000000000114,1,4,1410.0,10.0
BIN_1013,2026-07-17T01:30:00Z,62.6,4.799999999999997,1,4,1440.0,9.5
BIN_1013,2026-07-17T02:00:00Z,63.8,2.3999999999999915,2,4,1470.0,9.0
BIN_1013,2026-07-17T02:30:00Z,65.3,3.0,2,4,1500.0,8.5
BIN_1013,2026-07-17T03:00:00Z,67.4,4.200000000000017,3,4,1530.0,8.0
BIN_1013,2026-07-17T03:30:00Z,68.4,2.0,3,4,1560.0,7.5
BIN_1013,2026-07-17T04:00:00Z,69.5,2.1999999999999886,4,4,1590.0,7.0
BIN_1013,2026-07-17T04:30:00Z,70.7,2.4000000000000057,4,4,1620.0,6.5
BIN_1013,2026-07-17T05:00:00Z,73.1,4.799999999999983,5,4,1650.0,6.0
BIN_1013,2026-07-17T05:30:00Z,74.9,3.6000000000000227,5,4,1680.0,5.5
BIN_1013,2026-07-17T06:00:00Z,76.3,2.799999999999983,6,4,1710.0,5.0
BIN_1013,2026-07-17T06:30:00Z,78.1,3.5999999999999943,6,4,1740.0,4.5
BIN_1013,2026-07-17T07:00:00Z,80.0,3.8000000000000114,7,4,1770.0,4.0
BIN_1013,2026-07-17T07:30:00Z,81.2,2.4000000000000057,7,4,1800.0,3.5
BIN_1013,2026-07-17T08:00:00Z,83.5,4.599999999999994,8,4,1830.0,3.0
BIN_1013,2026-07-17T08:30:00Z,85.5,4.0,8,4,1860.0,2.5
BIN_1013,2026-07-17T09:00:00Z,86.6,2.1999999999999886,9,4,1890.0,2.0
BIN_1013,2026-07-17T09:30:00Z,87.9,2.6000000000000227,9,4,1920.0,1.5
BIN_1013,2026-07-17T10:00:00Z,88.4,1.0,10,4,1950.0,1.0
BIN_1013,2026-07-17T10:30:00Z,89.0,1.1999999999999886,10,4,1980.0,0.5
BIN_1013,2026-07-17T11:00:00Z,90.5,3.0,11,4,2010.0,0.0
BIN_1013,2026-07-17T11:30:00Z,93.1,5.199999999999989,11,4,2040.0,0.0
BIN_1013,2026-07-17T12:00:00Z,95.6,5.0,12,4,2070.0,0.0
BIN_1013,2026-07-17T12:30:00Z,97.2,3.200000000000017,12,4,2100.0,0.0
BIN_1013,2026-07-17T13:00:00Z,98.1,1.799999999999983,13,4,2130.0,0.0
BIN_1013,2026-07-17T13:30:00Z,100.0,3.8000000000000114,13,4,2160.0,0.0
BIN_1013,2026-07-17T14:00:00Z,100.0,0.0,14,4,2190.0,0.0
BIN_1013,2026-07-17T14:30:00Z,100.0,0.0,14,4,2220.0,0.0
BIN_1013,2026-07-17T15:00:00Z,100.0,0.0,15,4,2250.0,0.0
BIN_1013,2026-07-17T15:30:00Z,100.0,0.0,15,4,2280.0,0.0
BIN_1013,2026-07-17T16:00:00Z,100.0,0.0,16,4,2310.0,0.0
BIN_1013,2026-07-17T16:30:00Z,100.0,0.0,16,4,2340.0,0.0
BIN_1013,2026-07-17T17:00:00Z,100.0,0.0,17,4,2370.0,0.0
BIN_1013,2026-07-17T17:30:00Z,6.2,-187.6,17,4,0.0,49.0
BIN_1013,2026-07-17T18:00:00Z,7.8,3.1999999999999993,18,4,30.0,48.5
BIN_1013,2026-07-17T18:30:00Z,9.4,3.200000000000001,18,4,60.0,48.0
BIN_1013,2026-07-17T19:00:00Z,10.3,1.8000000000000007,19,4,90.0,47.5
BIN_1013,2026-07-17T19:30:00Z,11.6,2.599999999999998,19,4,120.0,47.0
BIN_1013,2026-07-17T20:00:00Z,13.1,3.0,20,4,150.0,46.5
BIN_1013,2026-07-17T20:30:00Z,13.6,1.0,20,4,180.0,46.0
BIN_1013,2026-07-17T21:00:00Z,15.0,2.8000000000000007,21,4,210.0,45.5
BIN_1013,2026-07-17T21:30:00Z,16.1,2.200000000000003,21,4,240.0,45.0
BIN_1013,2026-07-17T22:00:00Z,16.9,1.5999999999999943,22,4,270.0,44.5
BIN_1013,2026-07-17T22:30:00Z,19.3,4.800000000000004,22,4,300.0,44.0
BIN_1013,2026-07-17T23:00:00Z,20.6,2.6000000000000014,23,4,330.0,43.5
BIN_1013,2026-07-17T23:30:00Z,22.6,4.0,23,4,360.0,43.0
BIN_1013,2026-07-18T00:00:00Z,23.2,1.1999999999999957,0,5,390.0,42.5
BIN_1013,2026-07-18T00:30:00Z,25.0,3.6000000000000014,0,5,420.0,42.0
BIN_1013,2026-07-18T01:00:00Z,26.7,3.3999999999999986,1,5,450.0,41.5
BIN_1013,2026-07-18T01:30:00Z,26.7,0.0,1,5,480.0,41.0
BIN_1013,2026-07-18T02:00:00Z,28.0,2.6000000000000014,2,5,510.0,40.5
BIN_1013,2026-07-18T02:30:00Z,30.3,4.600000000000001,2,5,540.0,40.0
BIN_1013,2026-07-18T03:00:00Z,30.3,0.0,3,5,570.0,39.5
BIN_1013,2026-07-18T03:30:00Z,32.5,4.399999999999999,3,5,600.0,39.0
BIN_1013,2026-07-18T04:00:00Z,34.5,4.0,4,5,630.0,38.5
BIN_1013,2026-07-18T04:30:00Z,35.4,1.7999999999999972,4,5,660.0,38.0
BIN_1013,2026-07-18T05:00:00Z,36.2,1.6000000000000085,5,5,690.0,37.5
BIN_1013,2026-07-18T05:30:00Z,0.7,-71.0,5,5,0.0,37.0
BIN_1013,2026-07-18T06:00:00Z,1.2,1.0,6,5,30.0,36.5
BIN_1013,2026-07-18T06:30:00Z,2.1,1.8000000000000003,6,5,60.0,36.0
BIN_1013,2026-07-18T07:00:00Z,3.2,2.2,7,5,90.0,35.5
BIN_1013,2026-07-18T07:30:00Z,5.0,3.5999999999999996,7,5,120.0,35.0
BIN_1013,2026-07-18T08:00:00Z,6.6,3.1999999999999993,8,5,150.0,34.5
BIN_1013,2026-07-18T08:30:00Z,7.6,2.0,8,5,180.0,34.0
BIN_1013,2026-07-18T09:00:00Z,9.1,3.0,9,5,210.0,33.5
BIN_1013,2026-07-18T09:30:00Z,10.2,2.1999999999999993,9,5,240.0,33.0
BIN_1013,2026-07-18T10:00:00Z,12.0,3.6000000000000014,10,5,270.0,32.5
BIN_1013,2026-07-18T10:30:00Z,13.8,3.6000000000000014,10,5,300.0,32.0
BIN_1013,2026-07-18T11:00:00Z,15.1,2.599999999999998,11,5,330.0,31.5
BIN_1013,2026-07-18T11:30:00Z,2.4,-25.4,11,5,0.0,31.0
BIN_1013,2026-07-18T12:00:00Z,4.1,3.3999999999999995,12,5,30.0,30.5
BIN_1013,2026-07-18T12:30:00Z,5.4,2.6000000000000014,12,5,60.0,30.0
BIN_1013,2026-07-18T13:00:00Z,7.1,3.3999999999999986,13,5,90.0,29.5
BIN_1013,2026-07-18T13:30:00Z,8.7,3.1999999999999993,13,5,120.0,29.0
BIN_1013,2026-07-18T14:00:00Z,8.8,0.20000000000000284,14,5,150.0,28.5
BIN_1013,2026-07-18T14:30:00Z,11.2,4.799999999999997,14,5,180.0,28.0
BIN_1013,2026-07-18T15:00:00Z,13.1,3.8000000000000007,15,5,210.0,27.5
BIN_1013,2026-07-18T15:30:00Z,15.2,4.199999999999999,15,5,240.0,27.0
BIN_1013,2026-07-18T16:00:00Z,17.7,5.0,16,5,270.0,26.5
BIN_1013,2026-07-18T16:30:00Z,18.5,1.6000000000000014,16,5,300.0,26.0
BIN_1013,2026-07-18T17:00:00Z,19.3,1.6000000000000014,17,5,330.0,25.5
BIN_1013,2026-07-18T17:30:00Z,21.4,4.199999999999996,17,5,360.0,25.0
BIN_1013,2026-07-18T18:00:00Z,23.1,3.4000000000000057,18,5,390.0,24.5
BIN_1013,2026-07-18T18:30:00Z,24.9,3.5999999999999943,18,5,420.0,24.0
BIN_1013,2026-07-18T19:00:00Z,25.6,1.4000000000000057,19,5,450.0,23.5
BIN_1013,2026-07-18T19:30:00Z,27.5,3.799999999999997,19,5,480.0,23.0
BIN_1013,2026-07-18T20:00:00Z,29.1,3.200000000000003,20,5,510.0,22.5
BIN_1013,2026-07-18T20:30:00Z,30.0,1.7999999999999972,20,5,540.0,22.0
BIN_1013,2026-07-18T21:00:00Z,30.9,1.7999999999999972,21,5,570.0,21.5
BIN_1013,2026-07-18T21:30:00Z,32.5,3.200000000000003,21,5,600.0,21.0
BIN_1013,2026-07-18T22:00:00Z,34.2,3.4000000000000057,22,5,630.0,20.5
BIN_1013,2026-07-18T22:30:00Z,35.8,3.1999999999999886,22,5,660.0,20.0
BIN_1013,2026-07-18T23:00:00Z,37.1,2.6000000000000085,23,5,690.0,19.5
BIN_1013,2026-07-18T23:30:00Z,38.2,2.200000000000003,23,5,720.0,19.0
BIN_1013,2026-07-19T00:00:00Z,39.6,2.799999999999997,0,6,750.0,18.5
BIN_1013,2026-07-19T00:30:00Z,41.3,3.3999999999999915,0,6,780.0,18.0
BIN_1013,2026-07-19T01:00:00Z,42.9,3.200000000000003,1,6,810.0,17.5
BIN_1013,2026-07-19T01:30:00Z,43.7,1.6000000000000085,1,6,840.0,17.0
BIN_1013,2026-07-19T02:00:00Z,45.1,2.799999999999997,2,6,870.0,16.5
BIN_1013,2026-07-19T02:30:00Z,46.0,1.7999999999999972,2,6,900.0,16.0
BIN_1013,2026-07-19T03:00:00Z,48.0,4.0,3,6,930.0,15.5
BIN_1013,2026-07-19T03:30:00Z,50.4,4.799999999999997,3,6,960.0,15.0
BIN_1013,2026-07-19T04:00:00Z,52.3,3.799999999999997,4,6,990.0,14.5
BIN_1013,2026-07-19T04:30:00Z,53.2,1.8000000000000114,4,6,1020.0,14.0
BIN_1013,2026-07-19T05:00:00Z,54.7,3.0,5,6,1050.0,13.5
BIN_1013,2026-07-19T05:30:00Z,55.2,1.0,5,6,1080.0,13.0
BIN_1013,2026-07-19T06:00:00Z,56.0,1.5999999999999943,6,6,1110.0,12.5
BIN_1013,2026-07-19T06:30:00Z,57.3,2.5999999999999943,6,6,1140.0,12.0
BIN_1013,2026-07-19T07:00:00Z,58.9,3.200000000000003,7,6,1170.0,11.5
BIN_1013,2026-07-19T07:30:00Z,59.9,2.0,7,6,1200.0,11.0
BIN_1013,2026-07-19T08:00:00Z,60.5,1.2000000000000028,8,6,1230.0,10.5
BIN_1013,2026-07-19T08:30:00Z,61.7,2.4000000000000057,8,6,1260.0,10.0
BIN_1013,2026-07-19T09:00:00Z,62.3,1.1999999999999886,9,6,1290.0,9.5
BIN_1013,2026-07-19T09:30:00Z,63.9,3.200000000000003,9,6,1320.0,9.0
BIN_1013,2026-07-19T10:00:00Z,65.8,3.799999999999997,10,6,1350.0,8.5
BIN_1013,2026-07-19T10:30:00Z,67.7,3.8000000000000114,10,6,1380.0,8.0
BIN_1013,2026-07-19T11:00:00Z,69.4,3.4000000000000057,11,6,1410.0,7.5
BIN_1013,2026-07-19T11:30:00Z,70.8,2.799999999999983,11,6,1440.0,7.0
BIN_1013,2026-07-19T12:00:00Z,71.5,1.4000000000000057,12,6,1470.0,6.5
BIN_1013,2026-07-19T12:30:00Z,72.9,2.8000000000000114,12,6,1500.0,6.0
BIN_1013,2026-07-19T13:00:00Z,74.3,2.799999999999983,13,6,1530.0,5.5
BIN_1013,2026-07-19T13:30:00Z,75.2,1.8000000000000114,13,6,1560.0,5.0
BIN_1013,2026-07-19T14:00:00Z,76.3,2.1999999999999886,14,6,1590.0,4.5
BIN_1013,2026-07-19T14:30:00Z,76.5,0.4000000000000057,14,6,1620.0,4.0
BIN_1013,2026-07-19T15:00:00Z,78.0,3.0,15,6,1650.0,3.5
BIN_1013,2026-07-19T15:30:00Z,79.8,3.5999999999999943,15,6,1680.0,3.0
BIN_1013,2026-07-19T16:00:00Z,81.3,3.0,16,6,1710.0,2.5
BIN_1013,2026-07-19T16:30:00Z,83.1,3.5999999999999943,16,6,1740.0,2.0
BIN_1013,2026-07-19T17:00:00Z,84.5,2.8000000000000114,17,6,1770.0,1.5
BIN_1013,2026-07-19T17:30:00Z,87.3,5.599999999999994,17,6,1800.0,1.0
BIN_1013,2026-07-19T18:00:00Z,89.2,3.8000000000000114,18,6,1830.0,0.5
BIN_1013,2026-07-19T18:30:00Z,91.0,3.5999999999999943,18,6,1860.0,0.0
BIN_1013,2026-07-19T19:00:00Z,91.2,0.4000000000000057,19,6,1890.0,0.0
BIN_1013,2026-07-19T19:30:00Z,92.1,1.799999999999983,19,6,1920.0,0.0
BIN_1013,2026-07-19T20:00:00Z,93.6,3.0,20,6,1950.0,0.0
BIN_1013,2026-07-19T20:30:00Z,94.8,2.4000000000000057,20,6,1980.0,0.0
BIN_1013,2026-07-19T21:00:00Z,95.6,1.5999999999999943,21,6,2010.0,0.0
BIN_1013,2026-07-19T21:30:00Z,97.9,4.600000000000023,21,6,2040.0,0.0
BIN_1013,2026-07-19T22:00:00Z,97.3,-1.200000000000017,22,6,2070.0,0.0
BIN_1013,2026-07-19T22:30:00Z,99.4,4.200000000000017,22,6,2100.0,0.0
BIN_1013,2026-07-19T23:00:00Z,100.0,1.1999999999999886,23,6,2130.0,0.0
BIN_1013,2026-07-19T23:30:00Z,100.0,0.0,23,6,2160.0,0.0
BIN_1013,2026-07-20T00:00:00Z,100.0,0.0,0,0,2190.0,0.0
BIN_1013,2026-07-20T00:30:00Z,100.0,0.0,0,0,2220.0,0.0
BIN_1013,2026-07-20T01:00:00Z,100.0,0.0,1,0,2250.0,0.0
BIN_1013,2026-07-20T01:30:00Z,100.0,0.0,1,0,2280.0,0.0
BIN_1013,2026-07-20T02:00:00Z,100.0,0.0,2,0,2310.0,0.0
BIN_1013,2026-07-20T02:30:00Z,100.0,0.0,2,0,2340.0,0.0
BIN_1013,2026-07-20T03:00:00Z,100.0,0.0,3,0,2370.0,0.0
BIN_1013,2026-07-20T03:30:00Z,100.0,0.0,3,0,2400.0,0.0
BIN_1013,2026-07-20T04:00:00Z,100.0,0.0,4,0,2430.0,0.0
BIN_1013,2026-07-20T04:30:00Z,100.0,0.0,4,0,2460.0,0.0
BIN_1013,2026-07-20T05:00:00Z,100.0,0.0,5,0,2490.0,0.0
BIN_1013,2026-07-20T05:30:00Z,100.0,0.0,5,0,2520.0,0.0
BIN_1013,2026-07-20T06:00:00Z,100.0,0.0,6,0,2550.0,0.0
BIN_1013,2026-07-20T06:30:00Z,100.0,0.0,6,0,2580.0,0.0
BIN_1013,2026-07-20T07:00:00Z,100.0,0.0,7,0,2610.0,0.0
BIN_1013,2026-07-20T07:30:00Z,100.0,0.0,7,0,2640.0,0.0
BIN_1013,2026-07-20T08:00:00Z,100.0,0.0,8,0,2670.0,0.0
BIN_1013,2026-07-20T08:30:00Z,100.0,0.0,8,0,2700.0,0.0
BIN_1013,2026-07-20T09:00:00Z,100.0,0.0,9,0,2730.0,0.0
BIN_1013,2026-07-20T09:30:00Z,100.0,0.0,9,0,2760.0,0.0
BIN_1013,2026-07-20T10:00:00Z,100.0,0.0,10,0,2790.0,0.0
BIN_1013,2026-07-20T10:30:00Z,100.0,0.0,10,0,2820.0,0.0
BIN_1013,2026-07-20T11:00:00Z,100.0,0.0,11,0,2850.0,0.0
BIN_1013,2026-07-20T11:30:00Z,100.0,0.0,11,0,2880.0,0.0
BIN_1013,2026-07-20T12:00:00Z,100.0,0.0,12,0,2910.0,0.0
BIN_1013,2026-07-20T12:30:00Z,100.0,0.0,12,0,2940.0,0.0
BIN_1013,2026-07-20T13:00:00Z,100.0,0.0,13,0,2970.0,0.0
BIN_1013,2026-07-20T13:30:00Z,100.0,0.0,13,0,3000.0,0.0
BIN_1013,2026-07-20T14:00:00Z,100.0,0.0,14,0,3030.0,0.0
BIN_1013,2026-07-20T14:30:00Z,100.0,0.0,14,0,3060.0,0.0
BIN_1013,2026-07-20T15:00:00Z,100.0,0.0,15,0,3090.0,0.0
BIN_1013,2026-07-20T15:30:00Z,100.0,0.0,15,0,3120.0,0.0
BIN_1013,2026-07-20T16:00:00Z,100.0,0.0,16,0,3150.0,0.0
BIN_1013,2026-07-20T16:30:00Z,100.0,0.0,16,0,3180.0,0.0
BIN_1013,2026-07-20T17:00:00Z,100.0,0.0,17,0,3210.0,0.0
BIN_1013,2026-07-20T17:30:00Z,100.0,0.0,17,0,3240.0,0.0
BIN_1013,2026-07-20T18:00:00Z,100.0,0.0,18,0,3270.0,0.0
BIN_1013,2026-07-20T18:30:00Z,100.0,0.0,18,0,3300.0,0.0
BIN_1013,2026-07-20T19:00:00Z,100.0,0.0,19,0,3330.0,0.0
BIN_1013,2026-07-20T19:30:00Z,100.0,0.0,19,0,3360.0,0.0
BIN_1013,2026-07-20T20:00:00Z,100.0,0.0,20,0,3390.0,0.0
BIN_1013,2026-07-20T20:30:00Z,100.0,0.0,20,0,3420.0,0.0
BIN_1013,2026-07-20T21:00:00Z,100.0,0.0,21,0,3450.0,0.0
BIN_1013,2026-07-20T21:30:00Z,100.0,0.0,21,0,3480.0,0.0
BIN_1013,2026-07-20T22:00:00Z,100.0,0.0,22,0,3510.0,0.0
BIN_1013,2026-07-20T22:30:00Z,100.0,0.0,22,0,3540.0,0.0
BIN_1013,2026-07-20T23:00:00Z,100.0,0.0,23,0,3570.0,0.0
BIN_1013,2026-07-20T23:30:00Z,100.0,0.0,23,0,3600.0,0.0
BIN_1014,2026-07-14T00:00:00Z,3.8,0.0,0,1,0.0,49.0
BIN_1014,2026-07-14T00:30:00Z,5.7,3.8000000000000007,0,1,30.0,48.5
BIN_1014,2026-07-14T01:00:00Z,6.0,0.5999999999999996,1,1,60.0,48.0
BIN_1014,2026-07-14T01:30:00Z,7.9,3.8000000000000007,1,1,90.0,47.5
BIN_1014,2026-07-14T02:00:00Z,8.5,1.1999999999999993,2,1,120.0,47.0
BIN_1014,2026-07-14T02:30:00Z,8.9,0.8000000000000007,2,1,150.0,46.5
BIN_1014,2026-07-14T03:00:00Z,9.9,2.0,3,1,180.0,46.0
BIN_1014,2026-07-14T03:30:00Z,11.0,2.1999999999999993,3,1,210.0,45.5
BIN_1014,2026-07-14T04:00:00Z,11.8,1.6000000000000014,4,1,240.0,45.0
BIN_1014,2026-07-14T04:30:00Z,12.5,1.3999999999999986,4,1,270.0,44.5
BIN_1014,2026-07-14T05:00:00Z,2.7,-19.6,5,1,0.0,44.0
BIN_1014,2026-07-14T05:30:00Z,4.8,4.199999999999999,5,1,30.0,43.5
BIN_1014,2026-07-14T06:00:00Z,5.7,1.8000000000000007,6,1,60.0,43.0
BIN_1014,2026-07-14T06:30:00Z,6.9,2.4000000000000004,6,1,90.0,42.5
BIN_1014,2026-07-14T07:00:00Z,7.3,0.7999999999999989,7,1,120.0,42.0
BIN_1014,2026-07-14T07:30:00Z,8.6,2.5999999999999996,7,1,150.0,41.5
BIN_1014,2026-07-14T08:00:00Z,9.3,1.4000000000000021,8,1,180.0,41.0
BIN_1014,2026-07-14T08:30:00Z,9.2,-0.20000000000000284,8,1,210.0,40.5
BIN_1014,2026-07-14T09:00:00Z,9.6,0.8000000000000007,9,1,240.0,40.0
BIN_1014,2026-07-14T09:30:00Z,9.5,-0.1999999999999993,9,1,270.0,39.5
BIN_1014,2026-07-14T10:00:00Z,9.9,0.8000000000000007,10,1,300.0,39.0
BIN_1014,2026-07-14T10:30:00Z,10.8,1.8000000000000007,10,1,330.0,38.5
BIN_1014,2026-07-14T11:00:00Z,12.1,2.599999999999998,11,1,360.0,38.0
BIN_1014,2026-07-14T11:30:00Z,12.7,1.1999999999999993,11,1,390.0,37.5
BIN_1014,2026-07-14T12:00:00Z,13.7,2.0,12,1,420.0,37.0
BIN_1014,2026-07-14T12:30:00Z,14.8,2.200000000000003,12,1,450.0,36.5
BIN_1014,2026-07-14T13:00:00Z,15.9,2.1999999999999993,13,1,480.0,36.0
BIN_1014,2026-07-14T13:30:00Z,17.2,2.599999999999998,13,1,510.0,35.5
BIN_1014,2026-07-14T14:00:00Z,17.3,0.20000000000000284,14,1,540.0,35.0
BIN_1014,2026-07-14T14:30:00Z,18.5,2.3999999999999986,14,1,570.0,34.5
BIN_1014,2026-07-14T15:00:00Z,19.1,1.2000000000000028,15,1,600.0,34.0
BIN_1014,2026-07-14T15:30:00Z,21.1,4.0,15,1,630.0,33.5
BIN_1014,2026-07-14T16:00:00Z,21.4,0.5999999999999943,16,1,660.0,33.0
BIN_1014,2026-07-14T16:30:00Z,22.1,1.4000000000000057,16,1,690.0,32.5
BIN_1014,2026-07-14T17:00:00Z,24.3,4.399999999999999,17,1,720.0,32.0
BIN_1014,2026-07-14T17:30:00Z,25.6,2.6000000000000014,17,1,750.0,31.5
BIN_1014,2026-07-14T18:00:00Z,26.1,1.0,18,1,780.0,31.0
BIN_1014,2026-07-14T18:30:00Z,27.2,2.1999999999999957,18,1,810.0,30.5
BIN_1014,2026-07-14T19:00:00Z,27.3,0.20000000000000284,19,1,840.0,30.0
BIN_1014,2026-07-14T19:30:00Z,27.8,1.0,19,1,870.0,29.5
BIN_1014,2026-07-14T20:00:00Z,29.5,3.3999999999999986,20,1,900.0,29.0
BIN_1014,2026-07-14T20:30:00Z,30.6,2.200000000000003,20,1,930.0,28.5
BIN_1014,2026-07-14T21:00:00Z,32.2,3.200000000000003,21,1,960.0,28.0
BIN_1014,2026-07-14T21:30:00Z,32.1,-0.20000000000000284,21,1,990.0,27.5
BIN_1014,2026-07-14T22:00:00Z,33.2,2.200000000000003,22,1,1020.0,27.0
BIN_1014,2026-07-14T22:30:00Z,35.0,3.5999999999999943,22,1,1050.0,26.5
BIN_1014,2026-07-14T23:00:00Z,35.9,1.7999999999999972,23,1,1080.0,26.0
BIN_1014,2026-07-14T23:30:00Z,36.0,0.20000000000000284,23,1,1110.0,25.5
BIN_1014,2026-07-15T00:00:00Z,37.7,3.4000000000000057,0,2,1140.0,25.0
BIN_1014,2026-07-15T00:30:00Z,38.1,0.7999999999999972,0,2,1170.0,24.5
BIN_1014,2026-07-15T01:00:00Z,38.2,0.20000000000000284,1,2,1200.0,24.0
BIN_1014,2026-07-15T01:30:00Z,38.5,0.5999999999999943,1,2,1230.0,23.5
BIN_1014,2026-07-15T02:00:00Z,40.4,3.799999999999997,2,2,1260.0,23.0
BIN_1014,2026-07-15T02:30:00Z,40.6,0.4000000000000057,2,2,1290.0,22.5
BIN_1014,2026-07-15T03:00:00Z,41.6,2.0,3,2,1320.0,22.0
BIN_1014,2026-07-15T03:30:00Z,43.8,4.3999999999999915,3,2,1350.0,21.5
BIN_1014,2026-07-15T04:00:00Z,45.5,3.4000000000000057,4,2,1380.0,21.0
BIN_1014,2026-07-15T04:30:00Z,46.1,1.2000000000000028,4,2,1410.0,20.5
BIN_1014,2026-07-15T05:00:00Z,47.6,3.0,5,2,1440.0,20.0
BIN_1014,2026-07-15T05:30:00Z,48.3,1.3999999999999915,5,2,1470.0,19.5
BIN_1014,2026-07-15T06:00:00Z,49.7,2.8000000000000114,6,2,1500.0,19.0
BIN_1014,2026-07-15T06:30:00Z,50.8,2.1999999999999886,6,2,1530.0,18.5
BIN_1014,2026-07-15T07:00:00Z,51.3,1.0,7,2,1560.0,18.0
BIN_1014,2026-07-15T07:30:00Z,52.3,2.0,7,2,1590.0,17.5
BIN_1014,2026-07-15T08:00:00Z,52.2,-0.19999999999998863,8,2,1620.0,17.0
BIN_1014,2026-07-15T08:30:00Z,54.2,4.0,8,2,1650.0,16.5
BIN_1014,2026-07-15T09:00:00Z,55.4,2.3999999999999915,9,2,1680.0,16.0
BIN_1014,2026-07-15T09:30:00Z,56.6,2.4000000000000057,9,2,1710.0,15.5
BIN_1014,2026-07-15T10:00:00Z,57.5,1.7999999999999972,10,2,1740.0,15.0
BIN_1014,2026-07-15T10:30:00Z,58.9,2.799999999999997,10,2,1770.0,14.5
BIN_1014,2026-07-15T11:00:00Z,60.4,3.0,11,2,1800.0,14.0
BIN_1014,2026-07-15T11:30:00Z,60.7,0.6000000000000085,11,2,1830.0,13.5
BIN_1014,2026-07-15T12:00:00Z,62.3,3.1999999999999886,12,2,1860.0,13.0
BIN_1014,2026-07-15T12:30:00Z,62.8,1.0,12,2,1890.0,12.5
BIN_1014,2026-07-15T13:00:00Z,63.7,1.8000000000000114,13,2,1920.0,12.0
BIN_1014,2026-07-15T13:30:00Z,64.4,1.4000000000000057,13,2,1950.0,11.5
BIN_1014,2026-07-15T14:00:00Z,64.9,1.0,14,2,1980.0,11.0
BIN_1014,2026-07-15T14:30:00Z,66.3,2.799999999999983,14,2,2010.0,10.5
BIN_1014,2026-07-15T15:00:00Z,67.2,1.8000000000000114,15,2,2040.0,10.0
BIN_1014,2026-07-15T15:30:00Z,67.8,1.1999999999999886,15,2,2070.0,9.5
BIN_1014,2026-07-15T16:00:00Z,69.3,3.0,16,2,2100.0,9.0
BIN_1014,2026-07-15T16:30:00Z,70.6,2.5999999999999943,16,2,2130.0,8.5
BIN_1014,2026-07-15T17:00:00Z,72.5,3.8000000000000114,17,2,2160.0,8.0
BIN_1014,2026-07-15T17:30:00Z,73.3,1.5999999999999943,17,2,2190.0,7.5
BIN_1014,2026-07-15T18:00:00Z,74.5,2.4000000000000057,18,2,2220.0,7.0
BIN_1014,2026-07-15T18:30:00Z,75.0,1.0,18,2,2250.0,6.5
BIN_1014,2026-07-15T19:00:00Z,76.2,2.4000000000000057,19,2,2280.0,6.0
BIN_1014,2026-07-15T19:30:00Z,76.4,0.4000000000000057,19,2,2310.0,5.5
BIN_1014,2026-07-15T20:00:00Z,77.3,1.799999999999983,20,2,2340.0,5.0
BIN_1014,2026-07-15T20:30:00Z,78.9,3.200000000000017,20,2,2370.0,4.5
BIN_1014,2026-07-15T21:00:00Z,80.7,3.5999999999999943,21,2,2400.0,4.0
BIN_1014,2026-07-15T21:30:00Z,82.2,3.0,21,2,2430.0,3.5
BIN_1014,2026-07-15T22:00:00Z,83.7,3.0,22,2,2460.0,3.0
BIN_1014,2026-07-15T22:30:00Z,84.9,2.4000000000000057,22,2,2490.0,2.5
BIN_1014,2026-07-15T23:00:00Z,86.4,3.0,23,2,2520.0,2.0
BIN_1014,2026-07-15T23:30:00Z,87.4,2.0,23,2,2550.0,1.5
BIN_1014,2026-07-16T00:00:00Z,89.1,3.3999999999999773,0,3,2580.0,1.0
BIN_1014,2026-07-16T00:30:00Z,89.3,0.4000000000000057,0,3,2610.0,0.5
BIN_1014,2026-07-16T01:00:00Z,91.9,5.200000000000017,1,3,2640.0,0.0
BIN_1014,2026-07-16T01:30:00Z,92.3,0.799999999999983,1,3,2670.0,0.0
BIN_1014,2026-07-16T02:00:00Z,93.3,2.0,2,3,2700.0,0.0
BIN_1014,2026-07-16T02:30:00Z,93.8,1.0,2,3,2730.0,0.0
BIN_1014,2026-07-16T03:00:00Z,95.0,2.4000000000000057,3,3,2760.0,0.0
BIN_1014,2026-07-16T03:30:00Z,96.2,2.4000000000000057,3,3,2790.0,0.0
BIN_1014,2026-07-16T04:00:00Z,97.5,2.5999999999999943,4,3,2820.0,0.0
BIN_1014,2026-07-16T04:30:00Z,96.5,-2.0,4,3,2850.0,0.0
BIN_1014,2026-07-16T05:00:00Z,96.2,-0.5999999999999943,5,3,2880.0,0.0
BIN_1014,2026-07-16T05:30:00Z,96.7,1.0,5,3,2910.0,0.0
BIN_1014,2026-07-16T06:00:00Z,97.4,1.4000000000000057,6,3,2940.0,0.0
BIN_1014,2026-07-16T06:30:00Z,98.7,2.5999999999999943,6,3,2970.0,0.0
BIN_1014,2026-07-16T07:00:00Z,98.9,0.4000000000000057,7,3,3000.0,0.0
BIN_1014,2026-07-16T07:30:00Z,99.6,1.3999999999999773,7,3,3030.0,0.0
BIN_1014,2026-07-16T08:00:00Z,99.6,0.0,8,3,3060.0,0.0
BIN_1014,2026-07-16T08:30:00Z,100.0,0.8000000000000114,8,3,3090.0,0.0
BIN_1014,2026-07-16T09:00:00Z,100.0,0.0,9,3,3120.0,0.0
BIN_1014,2026-07-16T09:30:00Z,100.0,0.0,9,3,3150.0,0.0
BIN_1014,2026-07-16T10:00:00Z,100.0,0.0,10,3,3180.0,0.0
BIN_1014,2026-07-16T10:30:00Z,100.0,0.0,10,3,3210.0,0.0
BIN_1014,2026-07-16T11:00:00Z,100.0,0.0,11,3,3240.0,0.0
BIN_1014,2026-07-16T11:30:00Z,100.0,0.0,11,3,3270.0,0.0
BIN_1014,2026-07-16T12:00:00Z,100.0,0.0,12,3,3300.0,0.0
BIN_1014,2026-07-16T12:30:00Z,100.0,0.0,12,3,3330.0,0.0
BIN_1014,2026-07-16T13:00:00Z,100.0,0.0,13,3,3360.0,0.0
BIN_1014,2026-07-16T13:30:00Z,100.0,0.0,13,3,3390.0,0.0
BIN_1014,2026-07-16T14:00:00Z,100.0,0.0,14,3,3420.0,0.0
BIN_1014,2026-07-16T14:30:00Z,100.0,0.0,14,3,3450.0,0.0
BIN_1014,2026-07-16T15:00:00Z,100.0,0.0,15,3,3480.0,0.0
BIN_1014,2026-07-16T15:30:00Z,100.0,0.0,15,3,3510.0,0.0
BIN_1014,2026-07-16T16:00:00Z,100.0,0.0,16,3,3540.0,0.0
BIN_1014,2026-07-16T16:30:00Z,100.0,0.0,16,3,3570.0,0.0
BIN_1014,2026-07-16T17:00:00Z,100.0,0.0,17,3,3600.0,0.0
BIN_1014,2026-07-16T17:30:00Z,99.8,-0.4000000000000057,17,3,3630.0,0.0
BIN_1014,2026-07-16T18:00:00Z,100.0,0.4000000000000057,18,3,3660.0,0.0
BIN_1014,2026-07-16T18:30:00Z,100.0,0.0,18,3,3690.0,0.0
BIN_1014,2026-07-16T19:00:00Z,100.0,0.0,19,3,3720.0,0.0
BIN_1014,2026-07-16T19:30:00Z,100.0,0.0,19,3,3750.0,0.0
BIN_1014,2026-07-16T20:00:00Z,100.0,0.0,20,3,3780.0,0.0
BIN_1014,2026-07-16T20:30:00Z,100.0,0.0,20,3,3810.0,0.0
BIN_1014,2026-07-16T21:00:00Z,100.0,0.0,21,3,3840.0,0.0
BIN_1014,2026-07-16T21:30:00Z,100.0,0.0,21,3,3870.0,0.0
BIN_1014,2026-07-16T22:00:00Z,100.0,0.0,22,3,3900.0,0.0
BIN_1014,2026-07-16T22:30:00Z,100.0,0.0,22,3,3930.0,0.0
BIN_1014,2026-07-16T23:00:00Z,100.0,0.0,23,3,3960.0,0.0
BIN_1014,2026-07-16T23:30:00Z,100.0,0.0,23,3,3990.0,0.0
BIN_1014,2026-07-17T00:00:00Z,100.0,0.0,0,4,4020.0,0.0
BIN_1014,2026-07-17T00:30:00Z,100.0,0.0,0,4,4050.0,0.0
BIN_1014,2026-07-17T01:00:00Z,100.0,0.0,1,4,4080.0,0.0
BIN_1014,2026-07-17T01:30:00Z,100.0,0.0,1,4,4110.0,0.0
BIN_1014,2026-07-17T02:00:00Z,100.0,0.0,2,4,4140.0,0.0
BIN_1014,2026-07-17T02:30:00Z,100.0,0.0,2,4,4170.0,0.0
BIN_1014,2026-07-17T03:00:00Z,100.0,0.0,3,4,4200.0,0.0
BIN_1014,2026-07-17T03:30:00Z,100.0,0.0,3,4,4230.0,0.0
BIN_1014,2026-07-17T04:00:00Z,100.0,0.0,4,4,4260.0,0.0
BIN_1014,2026-07-17T04:30:00Z,100.0,0.0,4,4,4290.0,0.0
BIN_1014,2026-07-17T05:00:00Z,100.0,0.0,5,4,4320.0,0.0
BIN_1014,2026-07-17T05:30:00Z,100.0,0.0,5,4,4350.0,0.0
BIN_1014,2026-07-17T06:00:00Z,100.0,0.0,6,4,4380.0,0.0
BIN_1014,2026-07-17T06:30:00Z,100.0,0.0,6,4,4410.0,0.0
BIN_1015,2026-07-14T00:00:00Z,20.5,0.0,0,1,0.0,91.5
BIN_1015,2026-07-14T00:30:00Z,19.9,-1.2000000000000028,0,1,30.0,91.0
BIN_1015,2026-07-14T01:00:00Z,21.1,2.4000000000000057,1,1,60.0,90.5
BIN_1015,2026-07-14T01:30:00Z,22.4,2.5999999999999943,1,1,90.0,90.0
BIN_1015,2026-07-14T02:00:00Z,22.8,0.8000000000000043,2,1,120.0,89.5
BIN_1015,2026-07-14T02:30:00Z,24.5,3.3999999999999986,2,1,150.0,89.0
BIN_1015,2026-07-14T03:00:00Z,25.9,2.799999999999997,3,1,180.0,88.5
BIN_1015,2026-07-14T03:30:00Z,26.5,1.2000000000000028,3,1,210.0,88.0
BIN_1015,2026-07-14T04:00:00Z,28.3,3.6000000000000014,4,1,240.0,87.5
BIN_1015,2026-07-14T04:30:00Z,29.1,1.6000000000000014,4,1,270.0,87.0
BIN_1015,2026-07-14T05:00:00Z,31.0,3.799999999999997,5,1,300.0,86.5
BIN_1015,2026-07-14T05:30:00Z,32.1,2.200000000000003,5,1,330.0,86.0
BIN_1015,2026-07-14T06:00:00Z,32.6,1.0,6,1,360.0,85.5
BIN_1015,2026-07-14T06:30:00Z,33.2,1.2000000000000028,6,1,390.0,85.0
BIN_1015,2026-07-14T07:00:00Z,33.7,1.0,7,1,420.0,84.5
BIN_1015,2026-07-14T07:30:00Z,33.7,0.0,7,1,450.0,84.0
BIN_1015,2026-07-14T08:00:00Z,33.6,-0.20000000000000284,8,1,480.0,83.5
BIN_1015,2026-07-14T08:30:00Z,34.7,2.200000000000003,8,1,510.0,83.0
BIN_1015,2026-07-14T09:00:00Z,36.1,2.799999999999997,9,1,540.0,82.5
BIN_1015,2026-07-14T09:30:00Z,37.0,1.7999999999999972,9,1,570.0,82.0
BIN_1015,2026-07-14T10:00:00Z,37.0,0.0,10,1,600.0,81.5
BIN_1015,2026-07-14T10:30:00Z,38.3,2.5999999999999943,10,1,630.0,81.0
BIN_1015,2026-07-14T11:00:00Z,40.2,3.8000000000000114,11,1,660.0,80.5
BIN_1015,2026-07-14T11:30:00Z,42.2,4.0,11,1,690.0,80.0
BIN_1015,2026-07-14T12:00:00Z,42.9,1.3999999999999915,12,1,720.0,79.5
BIN_1015,2026-07-14T12:30:00Z,45.0,4.200000000000003,12,1,750.0,79.0
BIN_1015,2026-07-14T13:00:00Z,45.2,0.4000000000000057,13,1,780.0,78.5
BIN_1015,2026-07-14T13:30:00Z,46.4,2.3999999999999915,13,1,810.0,78.0
BIN_1015,2026-07-14T14:00:00Z,46.8,0.7999999999999972,14,1,840.0,77.5
BIN_1015,2026-07-14T14:30:00Z,47.4,1.2000000000000028,14,1,870.0,77.0
BIN_1015,2026-07-14T15:00:00Z,48.1,1.4000000000000057,15,1,900.0,76.5
BIN_1015,2026-07-14T15:30:00Z,49.5,2.799999999999997,15,1,930.0,76.0
BIN_1015,2026-07-14T16:00:00Z,50.9,2.799999999999997,16,1,960.0,75.5
BIN_1015,2026-07-14T16:30:00Z,51.7,1.6000000000000085,16,1,990.0,75.0
BIN_1015,2026-07-14T17:00:00Z,52.6,1.7999999999999972,17,1,1020.0,74.5
BIN_1015,2026-07-14T17:30:00Z,54.4,3.5999999999999943,17,1,1050.0,74.0
BIN_1015,2026-07-14T18:00:00Z,55.5,2.200000000000003,18,1,1080.0,73.5
BIN_1015,2026-07-14T18:30:00Z,55.9,0.7999999999999972,18,1,1110.0,73.0
BIN_1015,2026-07-14T19:00:00Z,57.5,3.200000000000003,19,1,1140.0,72.5
BIN_1015,2026-07-14T19:30:00Z,58.4,1.7999999999999972,19,1,1170.0,72.0
BIN_1015,2026-07-14T20:00:00Z,60.1,3.4000000000000057,20,1,1200.0,71.5
BIN_1015,2026-07-14T20:30:00Z,61.9,3.5999999999999943,20,1,1230.0,71.0
BIN_1015,2026-07-14T21:00:00Z,62.7,1.6000000000000085,21,1,1260.0,70.5
BIN_1015,2026-07-14T21:30:00Z,64.1,2.799999999999983,21,1,1290.0,70.0
BIN_1015,2026-07-14T22:00:00Z,65.1,2.0,22,1,1320.0,69.5
BIN_1015,2026-07-14T22:30:00Z,5.4,-119.39999999999999,22,1,0.0,69.0
BIN_1015,2026-07-14T23:00:00Z,6.7,2.5999999999999996,23,1,30.0,68.5
BIN_1015,2026-07-14T23:30:00Z,8.4,3.4000000000000004,23,1,60.0,68.0
BIN_1015,2026-07-15T00:00:00Z,9.0,1.1999999999999993,0,2,90.0,67.5
BIN_1015,2026-07-15T00:30:00Z,10.3,2.6000000000000014,0,2,120.0,67.0
BIN_1015,2026-07-15T01:00:00Z,11.5,2.3999999999999986,1,2,150.0,66.5
BIN_1015,2026-07-15T01:30:00Z,13.2,3.3999999999999986,1,2,180.0,66.0
BIN_1015,2026-07-15T02:00:00Z,13.9,1.4000000000000021,2,2,210.0,65.5
BIN_1015,2026-07-15T02:30:00Z,15.3,2.8000000000000007,2,2,240.0,65.0
BIN_1015,2026-07-15T03:00:00Z,16.8,3.0,3,2,270.0,64.5
BIN_1015,2026-07-15T03:30:00Z,17.6,1.6000000000000014,3,2,300.0,64.0
BIN_1015,2026-07-15T04:00:00Z,18.7,2.1999999999999957,4,2,330.0,63.5
BIN_1015,2026-07-15T04:30:00Z,20.0,2.6000000000000014,4,2,360.0,63.0
BIN_1015,2026-07-15T05:00:00Z,20.9,1.7999999999999972,5,2,390.0,62.5
BIN_1015,2026-07-15T05:30:00Z,7.6,-26.599999999999998,5,2,0.0,62.0
BIN_1015,2026-07-15T06:00:00Z,8.5,1.8000000000000007,6,2,30.0,61.5
BIN_1015,2026-07-15T06:30:00Z,8.9,0.8000000000000007,6,2,60.0,61.0
BIN_1015,2026-07-15T07:00:00Z,9.1,0.3999999999999986,7,2,90.0,60.5
BIN_1015,2026-07-15T07:30:00Z,9.1,0.0,7,2,120.0,60.0
BIN_1015,2026-07-15T08:00:00Z,10.3,2.400000000000002,8,2,150.0,59.5
BIN_1015,2026-07-15T08:30:00Z,11.9,3.1999999999999993,8,2,180.0,59.0
BIN_1015,2026-07-15T09:00:00Z,14.0,4.199999999999999,9,2,210.0,58.5
BIN_1015,2026-07-15T09:30:00Z,15.2,2.3999999999999986,9,2,240.0,58.0
BIN_1015,2026-07-15T10:00:00Z,16.8,3.200000000000003,10,2,270.0,57.5
BIN_1015,2026-07-15T10:30:00Z,17.0,0.3999999999999986,10,2,300.0,57.0
BIN_1015,2026-07-15T11:00:00Z,18.4,2.799999999999997,11,2,330.0,56.5
BIN_1015,2026-07-15T11:30:00Z,18.1,-0.5999999999999943,11,2,360.0,56.0
BIN_1015,2026-07-15T12:00:00Z,18.2,0.19999999999999574,12,2,390.0,55.5
BIN_1015,2026-07-15T12:30:00Z,19.0,1.6000000000000014,12,2,420.0,55.0
BIN_1015,2026-07-15T13:00:00Z,19.8,1.6000000000000014,13,2,450.0,54.5
BIN_1015,2026-07-15T13:30:00Z,19.8,0.0,13,2,480.0,54.0
BIN_1015,2026-07-15T14:00:00Z,20.0,0.3999999999999986,14,2,510.0,53.5
BIN_1015,2026-07-15T14:30:00Z,22.0,4.0,14,2,540.0,53.0
BIN_1015,2026-07-15T15:00:00Z,22.8,1.6000000000000014,15,2,570.0,52.5
BIN_1015,2026-07-15T15:30:00Z,23.1,0.6000000000000014,15,2,600.0,52.0
BIN_1015,2026-07-15T16:00:00Z,23.5,0.7999999999999972,16,2,630.0,51.5
BIN_1015,2026-07-15T16:30:00Z,24.8,2.6000000000000014,16,2,660.0,51.0
BIN_1015,2026-07-15T17:00:00Z,26.0,2.3999999999999986,17,2,690.0,50.5
BIN_1015,2026-07-15T17:30:00Z,27.0,2.0,17,2,720.0,50.0
BIN_1015,2026-07-15T18:00:00Z,28.7,3.3999999999999986,18,2,750.0,49.5
BIN_1015,2026-07-15T18:30:00Z,28.9,0.3999999999999986,18,2,780.0,49.0
BIN_1015,2026-07-15T19:00:00Z,29.7,1.6000000000000014,19,2,810.0,48.5
BIN_1015,2026-07-15T19:30:00Z,30.0,0.6000000000000014,19,2,840.0,48.0
BIN_1015,2026-07-15T20:00:00Z,30.8,1.6000000000000014,20,2,870.0,47.5
BIN_1015,2026-07-15T20:30:00Z,32.3,2.999999999999993,20,2,900.0,47.0
BIN_1015,2026-07-15T21:00:00Z,33.7,2.8000000000000114,21,2,930.0,46.5
BIN_1015,2026-07-15T21:30:00Z,34.8,2.1999999999999886,21,2,960.0,46.0
BIN_1015,2026-07-15T22:00:00Z,36.5,3.4000000000000057,22,2,990.0,45.5
BIN_1015,2026-07-15T22:30:00Z,36.8,0.5999999999999943,22,2,1020.0,45.0
BIN_1015,2026-07-15T23:00:00Z,37.1,0.6000000000000085,23,2,1050.0,44.5
BIN_1015,2026-07-15T23:30:00Z,38.9,3.5999999999999943,23,2,1080.0,44.0
BIN_1015,2026-07-16T00:00:00Z,40.1,2.4000000000000057,0,3,1110.0,43.5
BIN_1015,2026-07-16T00:30:00Z,40.6,1.0,0,3,1140.0,43.0
BIN_1015,2026-07-16T01:00:00Z,42.0,2.799999999999997,1,3,1170.0,42.5
BIN_1015,2026-07-16T01:30:00Z,42.9,1.7999999999999972,1,3,1200.0,42.0
BIN_1015,2026-07-16T02:00:00Z,44.0,2.200000000000003,2,3,1230.0,41.5
BIN_1015,2026-07-16T02:30:00Z,44.9,1.7999999999999972,2,3,1260.0,41.0
BIN_1015,2026-07-16T03:00:00Z,46.4,3.0,3,3,1290.0,40.5
BIN_1015,2026-07-16T03:30:00Z,3.4,-86.0,3,3,0.0,40.0
BIN_1015,2026-07-16T04:00:00Z,4.5,2.2,4,3,30.0,39.5
BIN_1015,2026-07-16T04:30:00Z,6.2,3.4000000000000004,4,3,60.0,39.0
BIN_1015,2026-07-16T05:00:00Z,7.0,1.5999999999999996,5,3,90.0,38.5
BIN_1015,2026-07-16T05:30:00Z,7.8,1.5999999999999996,5,3,120.0,38.0
BIN_1015,2026-07-16T06:00:00Z,8.1,0.5999999999999996,6,3,150.0,37.5
BIN_1015,2026-07-16T06:30:00Z,9.2,2.1999999999999993,6,3,180.0,37.0
BIN_1015,2026-07-16T07:00:00Z,10.3,2.200000000000003,7,3,210.0,36.5
BIN_1015,2026-07-16T07:30:00Z,11.8,3.0,7,3,240.0,36.0
BIN_1015,2026-07-16T08:00:00Z,11.9,0.1999999999999993,8,3,270.0,35.5
BIN_1015,2026-07-16T08:30:00Z,12.8,1.8000000000000007,8,3,300.0,35.0
BIN_1015,2026-07-16T09:00:00Z,14.0,2.3999999999999986,9,3,330.0,34.5
BIN_1015,2026-07-16T09:30:00Z,15.3,2.6000000000000014,9,3,360.0,34.0
BIN_1015,2026-07-16T10:00:00Z,16.3,2.0,10,3,390.0,33.5
BIN_1015,2026-07-16T10:30:00Z,16.8,1.0,10,3,420.0,33.0
BIN_1015,2026-07-16T11:00:00Z,18.0,2.3999999999999986,11,3,450.0,32.5
BIN_1015,2026-07-16T11:30:00Z,19.1,2.200000000000003,11,3,480.0,32.0
BIN_1015,2026-07-16T12:00:00Z,20.3,2.3999999999999986,12,3,510.0,31.5
BIN_1015,2026-07-16T12:30:00Z,21.4,2.1999999999999957,12,3,540.0,31.0
BIN_1015,2026-07-16T13:00:00Z,22.4,2.0,13,3,570.0,30.5
BIN_1015,2026-07-16T13:30:00Z,23.7,2.6000000000000014,13,3,600.0,30.0
BIN_1015,2026-07-16T14:00:00Z,25.4,3.3999999999999986,14,3,630.0,29.5
BIN_1015,2026-07-16T14:30:00Z,25.7,0.6000000000000014,14,3,660.0,29.0
BIN_1015,2026-07-16T15:00:00Z,26.5,1.6000000000000014,15,3,690.0,28.5
BIN_1015,2026-07-16T15:30:00Z,27.2,1.3999999999999986,15,3,720.0,28.0
BIN_1015,2026-07-16T16:00:00Z,28.7,3.0,16,3,750.0,27.5
BIN_1015,2026-07-16T16:30:00Z,29.7,2.0,16,3,780.0,27.0
BIN_1015,2026-07-16T17:00:00Z,30.0,0.6000000000000014,17,3,810.0,26.5
BIN_1015,2026-07-16T17:30:00Z,32.1,4.200000000000003,17,3,840.0,26.0
BIN_1015,2026-07-16T18:00:00Z,32.9,1.5999999999999943,18,3,870.0,25.5
BIN_1015,2026-07-16T18:30:00Z,34.7,3.6000000000000085,18,3,900.0,25.0
BIN_1015,2026-07-16T19:00:00Z,36.0,2.5999999999999943,19,3,930.0,24.5
BIN_1015,2026-07-16T19:30:00Z,38.4,4.799999999999997,19,3,960.0,24.0
BIN_1015,2026-07-16T20:00:00Z,39.2,1.6000000000000085,20,3,990.0,23.5
BIN_1015,2026-07-16T20:30:00Z,40.8,3.1999999999999886,20,3,1020.0,23.0
BIN_1015,2026-07-16T21:00:00Z,42.4,3.200000000000003,21,3,1050.0,22.5
BIN_1015,2026-07-16T21:30:00Z,44.0,3.200000000000003,21,3,1080.0,22.0
BIN_1015,2026-07-16T22:00:00Z,45.5,3.0,22,3,1110.0,21.5
BIN_1015,2026-07-16T22:30:00Z,46.5,2.0,22,3,1140.0,21.0
BIN_1015,2026-07-16T23:00:00Z,48.1,3.200000000000003,23,3,1170.0,20.5
BIN_1015,2026-07-16T23:30:00Z,48.9,1.5999999999999943,23,3,1200.0,20.0
BIN_1015,2026-07-17T00:00:00Z,49.7,1.6000000000000085,0,4,1230.0,19.5
BIN_1015,2026-07-17T00:30:00Z,50.3,1.1999999999999886,0,4,1260.0,19.0
BIN_1015,2026-07-17T01:00:00Z,52.6,4.6000000000000085,1,4,1290.0,18.5
BIN_1015,2026-07-17T01:30:00Z,52.8,0.3999999999999915,1,4,1320.0,18.0
BIN_1015,2026-07-17T02:00:00Z,54.7,3.8000000000000114,2,4,1350.0,17.5
BIN_1015,2026-07-17T02:30:00Z,54.6,-0.20000000000000284,2,4,1380.0,17.0
BIN_1015,2026-07-17T03:00:00Z,55.2,1.2000000000000028,3,4,1410.0,16.5
BIN_1015,2026-07-17T03:30:00Z,56.4,2.3999999999999915,3,4,1440.0,16.0
BIN_1015,2026-07-17T04:00:00Z,58.0,3.200000000000003,4,4,1470.0,15.5
BIN_1015,2026-07-17T04:30:00Z,59.7,3.4000000000000057,4,4,1500.0,15.0
BIN_1015,2026-07-17T05:00:00Z,61.0,2.5999999999999943,5,4,1530.0,14.5
BIN_1015,2026-07-17T05:30:00Z,62.1,2.200000000000003,5,4,1560.0,14.0
BIN_1015,2026-07-17T06:00:00Z,62.9,1.5999999999999943,6,4,1590.0,13.5
BIN_1015,2026-07-17T06:30:00Z,64.0,2.200000000000003,6,4,1620.0,13.0
BIN_1015,2026-07-17T07:00:00Z,64.4,0.8000000000000114,7,4,1650.0,12.5
BIN_1015,2026-07-17T07:30:00Z,65.5,2.1999999999999886,7,4,1680.0,12.0
BIN_1015,2026-07-17T08:00:00Z,65.8,0.5999999999999943,8,4,1710.0,11.5
BIN_1015,2026-07-17T08:30:00Z,66.9,2.200000000000017,8,4,1740.0,11.0
BIN_1015,2026-07-17T09:00:00Z,69.2,4.599999999999994,9,4,1770.0,10.5
BIN_1015,2026-07-17T09:30:00Z,71.5,4.599999999999994,9,4,1800.0,10.0
BIN_1015,2026-07-17T10:00:00Z,73.0,3.0,10,4,1830.0,9.5
BIN_1015,2026-07-17T10:30:00Z,73.7,1.4000000000000057,10,4,1860.0,9.0
BIN_1015,2026-07-17T11:00:00Z,75.0,2.5999999999999943,11,4,1890.0,8.5
BIN_1015,2026-07-17T11:30:00Z,76.0,2.0,11,4,1920.0,8.0
BIN_1015,2026-07-17T12:00:00Z,76.1,0.19999999999998863,12,4,1950.0,7.5
BIN_1015,2026-07-17T12:30:00Z,77.4,2.6000000000000227,12,4,1980.0,7.0
BIN_1015,2026-07-17T13:00:00Z,77.6,0.39999999999997726,13,4,2010.0,6.5
BIN_1015,2026-07-17T13:30:00Z,78.4,1.6000000000000227,13,4,2040.0,6.0
BIN_1015,2026-07-17T14:00:00Z,79.2,1.5999999999999943,14,4,2070.0,5.5
BIN_1015,2026-07-17T14:30:00Z,81.3,4.199999999999989,14,4,2100.0,5.0
BIN_1015,2026-07-17T15:00:00Z,81.0,-0.5999999999999943,15,4,2130.0,4.5
BIN_1015,2026-07-17T15:30:00Z,82.8,3.5999999999999943,15,4,2160.0,4.0
BIN_1015,2026-07-17T16:00:00Z,83.5,1.4000000000000057,16,4,2190.0,3.5
BIN_1015,2026-07-17T16:30:00Z,84.2,1.4000000000000057,16,4,2220.0,3.0
BIN_1015,2026-07-17T17:00:00Z,84.6,0.799999999999983,17,4,2250.0,2.5
BIN_1015,2026-07-17T17:30:00Z,86.1,3.0,17,4,2280.0,2.0
BIN_1015,2026-07-17T18:00:00Z,86.9,1.6000000000000227,18,4,2310.0,1.5
BIN_1015,2026-07-17T18:30:00Z,88.3,2.799999999999983,18,4,2340.0,1.0
BIN_1015,2026-07-17T19:00:00Z,89.3,2.0,19,4,2370.0,0.5
BIN_1015,2026-07-17T19:30:00Z,90.9,3.200000000000017,19,4,2400.0,0.0
BIN_1015,2026-07-17T20:00:00Z,91.6,1.3999999999999773,20,4,2430.0,0.0
BIN_1015,2026-07-17T20:30:00Z,92.1,1.0,20,4,2460.0,0.0
BIN_1015,2026-07-17T21:00:00Z,93.3,2.4000000000000057,21,4,2490.0,0.0
BIN_1015,2026-07-17T21:30:00Z,94.8,3.0,21,4,2520.0,0.0
BIN_1015,2026-07-17T22:00:00Z,95.9,2.200000000000017,22,4,2550.0,0.0
BIN_1015,2026-07-17T22:30:00Z,96.2,0.5999999999999943,22,4,2580.0,0.0
BIN_1015,2026-07-17T23:00:00Z,96.6,0.799999999999983,23,4,2610.0,0.0
BIN_1015,2026-07-17T23:30:00Z,97.6,2.0,23,4,2640.0,0.0
BIN_1015,2026-07-18T00:00:00Z,97.5,-0.19999999999998863,0,5,2670.0,0.0
BIN_1015,2026-07-18T00:30:00Z,98.4,1.8000000000000114,0,5,2700.0,0.0
BIN_1015,2026-07-18T01:00:00Z,100.0,3.1999999999999886,1,5,2730.0,0.0
BIN_1015,2026-07-18T01:30:00Z,100.0,0.0,1,5,2760.0,0.0
BIN_1017,2026-07-14T00:00:00Z,12.4,0.0,0,1,0.0,27.5
BIN_1017,2026-07-14T00:30:00Z,14.4,4.0,0,1,30.0,27.0
BIN_1017,2026-07-14T01:00:00Z,15.8,2.8000000000000007,1,1,60.0,26.5
BIN_1017,2026-07-14T01:30:00Z,17.0,2.3999999999999986,1,1,90.0,26.0
BIN_1017,2026-07-14T02:00:00Z,18.7,3.3999999999999986,2,1,120.0,25.5
BIN_1017,2026-07-14T02:30:00Z,21.1,4.800000000000004,2,1,150.0,25.0
BIN_1017,2026-07-14T03:00:00Z,22.3,2.3999999999999986,3,1,180.0,24.5
BIN_1017,2026-07-14T03:30:00Z,23.2,1.7999999999999972,3,1,210.0,24.0
BIN_1017,2026-07-14T04:00:00Z,25.5,4.600000000000001,4,1,240.0,23.5
BIN_1017,2026-07-14T04:30:00Z,25.9,0.7999999999999972,4,1,270.0,23.0
BIN_1017,2026-07-14T05:00:00Z,26.9,2.0,5,1,300.0,22.5
BIN_1017,2026-07-14T05:30:00Z,28.8,3.8000000000000043,5,1,330.0,22.0
BIN_1017,2026-07-14T06:00:00Z,29.0,0.3999999999999986,6,1,360.0,21.5
BIN_1017,2026-07-14T06:30:00Z,30.2,2.3999999999999986,6,1,390.0,21.0
BIN_1017,2026-07-14T07:00:00Z,31.1,1.8000000000000043,7,1,420.0,20.5
BIN_1017,2026-07-14T07:30:00Z,32.7,3.200000000000003,7,1,450.0,20.0
BIN_1017,2026-07-14T08:00:00Z,33.8,2.1999999999999886,8,1,480.0,19.5
BIN_1017,2026-07-14T08:30:00Z,34.2,0.8000000000000114,8,1,510.0,19.0
BIN_1017,2026-07-14T09:00:00Z,35.9,3.3999999999999915,9,1,540.0,18.5
BIN_1017,2026-07-14T09:30:00Z,36.7,1.6000000000000085,9,1,570.0,18.0
BIN_1017,2026-07-14T10:00:00Z,37.5,1.5999999999999943,10,1,600.0,17.5
BIN_1017,2026-07-14T10:30:00Z,38.5,2.0,10,1,630.0,17.0
BIN_1017,2026-07-14T11:00:00Z,39.7,2.4000000000000057,11,1,660.0,16.5
BIN_1017,2026-07-14T11:30:00Z,40.9,2.3999999999999915,11,1,690.0,16.0
BIN_1017,2026-07-14T12:00:00Z,43.9,6.0,12,1,720.0,15.5
BIN_1017,2026-07-14T12:30:00Z,45.8,3.799999999999997,12,1,750.0,15.0
BIN_1017,2026-07-14T13:00:00Z,47.3,3.0,13,1,780.0,14.5
BIN_1017,2026-07-14T13:30:00Z,49.2,3.8000000000000114,13,1,810.0,14.0
BIN_1017,2026-07-14T14:00:00Z,50.6,2.799999999999997,14,1,840.0,13.5
BIN_1017,2026-07-14T14:30:00Z,50.9,0.5999999999999943,14,1,870.0,13.0
BIN_1017,2026-07-14T15:00:00Z,52.7,3.6000000000000085,15,1,900.0,12.5
BIN_1017,2026-07-14T15:30:00Z,55.4,5.3999999999999915,15,1,930.0,12.0
BIN_1017,2026-07-14T16:00:00Z,57.0,3.200000000000003,16,1,960.0,11.5
BIN_1017,2026-07-14T16:30:00Z,59.3,4.599999999999994,16,1,990.0,11.0
BIN_1017,2026-07-14T17:00:00Z,60.3,2.0,17,1,1020.0,10.5
BIN_1017,2026-07-14T17:30:00Z,61.2,1.8000000000000114,17,1,1050.0,10.0
BIN_1017,2026-07-14T18:00:00Z,63.4,4.3999999999999915,18,1,1080.0,9.5
BIN_1017,2026-07-14T18:30:00Z,66.0,5.200000000000003,18,1,1110.0,9.0
BIN_1017,2026-07-14T19:00:00Z,67.6,3.1999999999999886,19,1,1140.0,8.5
BIN_1017,2026-07-14T19:30:00Z,69.1,3.0,19,1,1170.0,8.0
BIN_1017,2026-07-14T20:00:00Z,70.6,3.0,20,1,1200.0,7.5
BIN_1017,2026-07-14T20:30:00Z,72.5,3.8000000000000114,20,1,1230.0,7.0
BIN_1017,2026-07-14T21:00:00Z,74.6,4.199999999999989,21,1,1260.0,6.5
BIN_1017,2026-07-14T21:30:00Z,75.8,2.4000000000000057,21,1,1290.0,6.0
BIN_1017,2026-07-14T22:00:00Z,78.0,4.400000000000006,22,1,1320.0,5.5
BIN_1017,2026-07-14T22:30:00Z,78.6,1.1999999999999886,22,1,1350.0,5.0
BIN_1017,2026-07-14T23:00:00Z,79.9,2.6000000000000227,23,1,1380.0,4.5
BIN_1017,2026-07-14T23:30:00Z,81.3,2.799999999999983,23,1,1410.0,4.0
BIN_1017,2026-07-15T00:00:00Z,82.1,1.5999999999999943,0,2,1440.0,3.5
BIN_1017,2026-07-15T00:30:00Z,83.0,1.8000000000000114,0,2,1470.0,3.0
BIN_1017,2026-07-15T01:00:00Z,84.9,3.8000000000000114,1,2,1500.0,2.5
BIN_1017,2026-07-15T01:30:00Z,86.4,3.0,1,2,1530.0,2.0
BIN_1017,2026-07-15T02:00:00Z,86.6,0.39999999999997726,2,2,1560.0,1.5
BIN_1017,2026-07-15T02:30:00Z,87.8,2.4000000000000057,2,2,1590.0,1.0
BIN_1017,2026-07-15T03:00:00Z,89.6,3.5999999999999943,3,2,1620.0,0.5
BIN_1017,2026-07-15T03:30:00Z,91.2,3.200000000000017,3,2,1650.0,0.0
BIN_1017,2026-07-15T04:00:00Z,93.1,3.799999999999983,4,2,1680.0,0.0
BIN_1017,2026-07-15T04:30:00Z,94.6,3.0,4,2,1710.0,0.0
BIN_1017,2026-07-15T05:00:00Z,95.8,2.4000000000000057,5,2,1740.0,0.0
BIN_1017,2026-07-15T05:30:00Z,96.4,1.200000000000017,5,2,1770.0,0.0
BIN_1017,2026-07-15T06:00:00Z,98.1,3.3999999999999773,6,2,1800.0,0.0
BIN_1017,2026-07-15T06:30:00Z,99.3,2.4000000000000057,6,2,1830.0,0.0
BIN_1017,2026-07-15T07:00:00Z,100.0,1.4000000000000057,7,2,1860.0,0.0
BIN_1017,2026-07-15T07:30:00Z,100.0,0.0,7,2,1890.0,0.0
BIN_1017,2026-07-15T08:00:00Z,100.0,0.0,8,2,1920.0,0.0
BIN_1017,2026-07-15T08:30:00Z,100.0,0.0,8,2,1950.0,0.0
BIN_1017,2026-07-15T09:00:00Z,100.0,0.0,9,2,1980.0,0.0
BIN_1017,2026-07-15T09:30:00Z,100.0,0.0,9,2,2010.0,0.0
BIN_1017,2026-07-15T10:00:00Z,100.0,0.0,10,2,2040.0,0.0
BIN_1017,2026-07-15T10:30:00Z,100.0,0.0,10,2,2070.0,0.0
BIN_1017,2026-07-15T11:00:00Z,100.0,0.0,11,2,2100.0,0.0
BIN_1017,2026-07-15T11:30:00Z,100.0,0.0,11,2,2130.0,0.0
BIN_1017,2026-07-15T12:00:00Z,100.0,0.0,12,2,2160.0,0.0
BIN_1017,2026-07-15T12:30:00Z,100.0,0.0,12,2,2190.0,0.0
BIN_1017,2026-07-15T13:00:00Z,100.0,0.0,13,2,2220.0,0.0
BIN_1017,2026-07-15T13:30:00Z,100.0,0.0,13,2,2250.0,0.0
BIN_1017,2026-07-15T14:00:00Z,100.0,0.0,14,2,2280.0,0.0
BIN_1017,2026-07-15T14:30:00Z,100.0,0.0,14,2,2310.0,0.0
BIN_1017,2026-07-15T15:00:00Z,100.0,0.0,15,2,2340.0,0.0
BIN_1017,2026-07-15T15:30:00Z,100.0,0.0,15,2,2370.0,0.0
BIN_1017,2026-07-15T16:00:00Z,100.0,0.0,16,2,2400.0,0.0
BIN_1017,2026-07-15T16:30:00Z,100.0,0.0,16,2,2430.0,0.0
BIN_1017,2026-07-15T17:00:00Z,100.0,0.0,17,2,2460.0,0.0
BIN_1017,2026-07-15T17:30:00Z,100.0,0.0,17,2,2490.0,0.0
BIN_1017,2026-07-15T18:00:00Z,100.0,0.0,18,2,2520.0,0.0
BIN_1017,2026-07-15T18:30:00Z,100.0,0.0,18,2,2550.0,0.0
BIN_1017,2026-07-15T19:00:00Z,100.0,0.0,19,2,2580.0,0.0
BIN_1017,2026-07-15T19:30:00Z,100.0,0.0,19,2,2610.0,0.0
BIN_1017,2026-07-15T20:00:00Z,100.0,0.0,20,2,2640.0,0.0
BIN_1017,2026-07-15T20:30:00Z,99.8,-0.4000000000000057,20,2,2670.0,0.0
BIN_1017,2026-07-15T21:00:00Z,2.7,-194.2,21,2,0.0,35.0
BIN_1017,2026-07-15T21:30:00Z,5.7,6.0,21,2,30.0,34.5
BIN_1017,2026-07-15T22:00:00Z,6.9,2.4000000000000004,22,2,60.0,34.0
BIN_1017,2026-07-15T22:30:00Z,8.7,3.599999999999998,22,2,90.0,33.5
BIN_1017,2026-07-15T23:00:00Z,9.0,0.6000000000000014,23,2,120.0,33.0
BIN_1017,2026-07-15T23:30:00Z,10.6,3.1999999999999993,23,2,150.0,32.5
BIN_1017,2026-07-16T00:00:00Z,12.1,3.0,0,3,180.0,32.0
BIN_1017,2026-07-16T00:30:00Z,1.6,-21.0,0,3,0.0,31.5
BIN_1017,2026-07-16T01:00:00Z,2.2,1.2000000000000002,1,3,30.0,31.0
BIN_1017,2026-07-16T01:30:00Z,2.9,1.3999999999999995,1,3,60.0,30.5
BIN_1017,2026-07-16T02:00:00Z,4.5,3.2,2,3,90.0,30.0
BIN_1017,2026-07-16T02:30:00Z,5.9,2.8000000000000007,2,3,120.0,29.5
BIN_1017,2026-07-16T03:00:00Z,5.8,-0.20000000000000107,3,3,150.0,29.0
BIN_1017,2026-07-16T03:30:00Z,7.2,2.8000000000000007,3,3,180.0,28.5
BIN_1017,2026-07-16T04:00:00Z,9.7,4.999999999999998,4,3,210.0,28.0
BIN_1017,2026-07-16T04:30:00Z,11.4,3.400000000000002,4,3,240.0,27.5
BIN_1017,2026-07-16T05:00:00Z,13.0,3.1999999999999993,5,3,270.0,27.0
BIN_1017,2026-07-16T05:30:00Z,13.6,1.1999999999999993,5,3,300.0,26.5
BIN_1017,2026-07-16T06:00:00Z,15.0,2.8000000000000007,6,3,330.0,26.0
BIN_1017,2026-07-16T06:30:00Z,15.6,1.1999999999999993,6,3,360.0,25.5
BIN_1017,2026-07-16T07:00:00Z,17.4,3.599999999999998,7,3,390.0,25.0
BIN_1017,2026-07-16T07:30:00Z,18.3,1.8000000000000043,7,3,420.0,24.5
BIN_1017,2026-07-16T08:00:00Z,19.5,2.3999999999999986,8,3,450.0,24.0
BIN_1017,2026-07-16T08:30:00Z,20.3,1.6000000000000014,8,3,480.0,23.5
BIN_1017,2026-07-16T09:00:00Z,21.9,3.1999999999999957,9,3,510.0,23.0
BIN_1017,2026-07-16T09:30:00Z,24.1,4.400000000000006,9,3,540.0,22.5
BIN_1017,2026-07-16T10:00:00Z,26.1,4.0,10,3,570.0,22.0
BIN_1017,2026-07-16T10:30:00Z,27.7,3.1999999999999957,10,3,600.0,21.5
BIN_1017,2026-07-16T11:00:00Z,29.8,4.200000000000003,11,3,630.0,21.0
BIN_1017,2026-07-16T11:30:00Z,30.8,2.0,11,3,660.0,20.5
BIN_1017,2026-07-16T12:00:00Z,31.5,1.3999999999999986,12,3,690.0,20.0
BIN_1017,2026-07-16T12:30:00Z,33.1,3.200000000000003,12,3,720.0,19.5
BIN_1017,2026-07-16T13:00:00Z,34.2,2.200000000000003,13,3,750.0,19.0
BIN_1017,2026-07-16T13:30:00Z,35.6,2.799999999999997,13,3,780.0,18.5
BIN_1017,2026-07-16T14:00:00Z,36.5,1.7999999999999972,14,3,810.0,18.0
BIN_1017,2026-07-16T14:30:00Z,38.6,4.200000000000003,14,3,840.0,17.5
BIN_1017,2026-07-16T15:00:00Z,40.8,4.3999999999999915,15,3,870.0,17.0
BIN_1017,2026-07-16T15:30:00Z,41.8,2.0,15,3,900.0,16.5
BIN_1017,2026-07-16T16:00:00Z,42.7,1.8000000000000114,16,3,930.0,16.0
BIN_1017,2026-07-16T16:30:00Z,44.3,3.1999999999999886,16,3,960.0,15.5
BIN_1017,2026-07-16T17:00:00Z,47.0,5.400000000000006,17,3,990.0,15.0
BIN_1017,2026-07-16T17:30:00Z,47.6,1.2000000000000028,17,3,1020.0,14.5
BIN_1017,2026-07-16T18:00:00Z,49.0,2.799999999999997,18,3,1050.0,14.0
BIN_1017,2026-07-16T18:30:00Z,49.8,1.5999999999999943,18,3,1080.0,13.5
BIN_1017,2026-07-16T19:00:00Z,50.4,1.2000000000000028,19,3,1110.0,13.0
BIN_1017,2026-07-16T19:30:00Z,52.0,3.200000000000003,19,3,1140.0,12.5
BIN_1017,2026-07-16T20:00:00Z,54.3,4.599999999999994,20,3,1170.0,12.0
BIN_1017,2026-07-16T20:30:00Z,55.5,2.4000000000000057,20,3,1200.0,11.5
BIN_1017,2026-07-16T21:00:00Z,56.8,2.5999999999999943,21,3,1230.0,11.0
BIN_1017,2026-07-16T21:30:00Z,58.1,2.6000000000000085,21,3,1260.0,10.5
BIN_1017,2026-07-16T22:00:00Z,60.0,3.799999999999997,22,3,1290.0,10.0
BIN_1017,2026-07-16T22:30:00Z,61.8,3.5999999999999943,22,3,1320.0,9.5
BIN_1017,2026-07-16T23:00:00Z,63.2,2.8000000000000114,23,3,1350.0,9.0
BIN_1017,2026-07-16T23:30:00Z,64.0,1.5999999999999943,23,3,1380.0,8.5
BIN_1017,2026-07-17T00:00:00Z,65.1,2.1999999999999886,0,4,1410.0,8.0
BIN_1017,2026-07-17T00:30:00Z,65.6,1.0,0,4,1440.0,7.5
BIN_1017,2026-07-17T01:00:00Z,66.5,1.8000000000000114,1,4,1470.0,7.0
BIN_1017,2026-07-17T01:30:00Z,68.3,3.5999999999999943,1,4,1500.0,6.5
BIN_1017,2026-07-17T02:00:00Z,70.4,4.200000000000017,2,4,1530.0,6.0
BIN_1017,2026-07-17T02:30:00Z,72.4,4.0,2,4,1560.0,5.5
BIN_1017,2026-07-17T03:00:00Z,74.0,3.1999999999999886,3,4,1590.0,5.0
BIN_1017,2026-07-17T03:30:00Z,75.3,2.5999999999999943,3,4,1620.0,4.5
BIN_1017,2026-07-17T04:00:00Z,76.6,2.5999999999999943,4,4,1650.0,4.0
BIN_1017,2026-07-17T04:30:00Z,78.0,2.8000000000000114,4,4,1680.0,3.5
BIN_1017,2026-07-17T05:00:00Z,79.2,2.4000000000000057,5,4,1710.0,3.0
BIN_1017,2026-07-17T05:30:00Z,83.0,7.599999999999994,5,4,1740.0,2.5
BIN_1017,2026-07-17T06:00:00Z,84.6,3.1999999999999886,6,4,1770.0,2.0
BIN_1017,2026-07-17T06:30:00Z,86.9,4.600000000000023,6,4,1800.0,1.5
BIN_1017,2026-07-17T07:00:00Z,88.5,3.1999999999999886,7,4,1830.0,1.0
BIN_1017,2026-07-17T07:30:00Z,89.7,2.4000000000000057,7,4,1860.0,0.5
BIN_1017,2026-07-17T08:00:00Z,91.0,2.5999999999999943,8,4,1890.0,0.0
BIN_1017,2026-07-17T08:30:00Z,91.3,0.5999999999999943,8,4,1920.0,0.0
BIN_1017,2026-07-17T09:00:00Z,92.4,2.200000000000017,9,4,1950.0,0.0
BIN_1017,2026-07-17T09:30:00Z,94.0,3.1999999999999886,9,4,1980.0,0.0
BIN_1017,2026-07-17T10:00:00Z,95.0,2.0,10,4,2010.0,0.0
BIN_1017,2026-07-17T10:30:00Z,95.1,0.19999999999998863,10,4,2040.0,0.0
BIN_1017,2026-07-17T11:00:00Z,97.5,4.800000000000011,11,4,2070.0,0.0
BIN_1017,2026-07-17T11:30:00Z,99.1,3.1999999999999886,11,4,2100.0,0.0
BIN_1017,2026-07-17T12:00:00Z,100.0,1.8000000000000114,12,4,2130.0,0.0
BIN_1017,2026-07-17T12:30:00Z,100.0,0.0,12,4,2160.0,0.0
BIN_1017,2026-07-17T13:00:00Z,100.0,0.0,13,4,2190.0,0.0
BIN_1017,2026-07-17T13:30:00Z,100.0,0.0,13,4,2220.0,0.0
BIN_1017,2026-07-17T14:00:00Z,100.0,0.0,14,4,2250.0,0.0
BIN_1017,2026-07-17T14:30:00Z,100.0,0.0,14,4,2280.0,0.0
BIN_1017,2026-07-17T15:00:00Z,100.0,0.0,15,4,2310.0,0.0
BIN_1017,2026-07-17T15:30:00Z,100.0,0.0,15,4,2340.0,0.0
BIN_1017,2026-07-17T16:00:00Z,100.0,0.0,16,4,2370.0,0.0
BIN_1017,2026-07-17T16:30:00Z,100.0,0.0,16,4,2400.0,0.0
BIN_1017,2026-07-17T17:00:00Z,100.0,0.0,17,4,2430.0,0.0
BIN_1017,2026-07-17T17:30:00Z,100.0,0.0,17,4,2460.0,0.0
BIN_1017,2026-07-17T18:00:00Z,100.0,0.0,18,4,2490.0,0.0
BIN_1017,2026-07-17T18:30:00Z,3.5,-193.0,18,4,0.0,57.0
BIN_1017,2026-07-17T19:00:00Z,5.5,4.0,19,4,30.0,56.5
BIN_1017,2026-07-17T19:30:00Z,6.1,1.1999999999999993,19,4,60.0,56.0
BIN_1017,2026-07-17T20:00:00Z,6.9,1.6000000000000014,20,4,90.0,55.5
BIN_1017,2026-07-17T20:30:00Z,8.9,4.0,20,4,120.0,55.0
BIN_1017,2026-07-17T21:00:00Z,9.7,1.5999999999999979,21,4,150.0,54.5
BIN_1017,2026-07-17T21:30:00Z,10.4,1.4000000000000021,21,4,180.0,54.0
BIN_1017,2026-07-17T22:00:00Z,11.4,2.0,22,4,210.0,53.5
BIN_1017,2026-07-17T22:30:00Z,1.7,-19.400000000000002,22,4,0.0,53.0
BIN_1017,2026-07-17T23:00:00Z,2.6,1.8000000000000003,23,4,30.0,52.5
BIN_1017,2026-07-17T23:30:00Z,3.7,2.2,23,4,60.0,52.0
BIN_1017,2026-07-18T00:00:00Z,5.0,2.5999999999999996,0,5,90.0,51.5
BIN_1017,2026-07-18T00:30:00Z,5.8,1.5999999999999996,0,5,120.0,51.0
BIN_1017,2026-07-18T01:00:00Z,6.2,0.8000000000000007,1,5,150.0,50.5
BIN_1017,2026-07-18T01:30:00Z,7.5,2.5999999999999996,1,5,180.0,50.0
BIN_1017,2026-07-18T02:00:00Z,7.8,0.5999999999999996,2,5,210.0,49.5
BIN_1017,2026-07-18T02:30:00Z,9.1,2.5999999999999996,2,5,240.0,49.0
BIN_1017,2026-07-18T03:00:00Z,10.5,2.8000000000000007,3,5,270.0,48.5
BIN_1017,2026-07-18T03:30:00Z,12.1,3.1999999999999993,3,5,300.0,48.0
BIN_1017,2026-07-18T04:00:00Z,13.6,3.0,4,5,330.0,47.5
BIN_1017,2026-07-18T04:30:00Z,15.0,2.8000000000000007,4,5,360.0,47.0
BIN_1017,2026-07-18T05:00:00Z,16.2,2.3999999999999986,5,5,390.0,46.5
BIN_1017,2026-07-18T05:30:00Z,17.6,2.8000000000000043,5,5,420.0,46.0
BIN_1017,2026-07-18T06:00:00Z,18.6,2.0,6,5,450.0,45.5
BIN_1017,2026-07-18T06:30:00Z,20.7,4.199999999999996,6,5,480.0,45.0
BIN_1017,2026-07-18T07:00:00Z,23.2,5.0,7,5,510.0,44.5
BIN_1017,2026-07-18T07:30:00Z,25.4,4.399999999999999,7,5,540.0,44.0
BIN_1017,2026-07-18T08:00:00Z,25.6,0.4000000000000057,8,5,570.0,43.5
BIN_1017,2026-07-18T08:30:00Z,26.0,0.7999999999999972,8,5,600.0,43.0
BIN_1017,2026-07-18T09:00:00Z,27.7,3.3999999999999986,9,5,630.0,42.5
BIN_1017,2026-07-18T09:30:00Z,28.5,1.6000000000000014,9,5,660.0,42.0
BIN_1017,2026-07-18T10:00:00Z,30.4,3.799999999999997,10,5,690.0,41.5
BIN_1017,2026-07-18T10:30:00Z,31.8,2.8000000000000043,10,5,720.0,41.0
BIN_1017,2026-07-18T11:00:00Z,33.1,2.6000000000000014,11,5,750.0,40.5
BIN_1017,2026-07-18T11:30:00Z,34.5,2.799999999999997,11,5,780.0,40.0
BIN_1017,2026-07-18T12:00:00Z,35.1,1.2000000000000028,12,5,810.0,39.5
BIN_1017,2026-07-18T12:30:00Z,36.1,2.0,12,5,840.0,39.0
BIN_1017,2026-07-18T13:00:00Z,38.0,3.799999999999997,13,5,870.0,38.5
BIN_1017,2026-07-18T13:30:00Z,39.9,3.799999999999997,13,5,900.0,38.0
BIN_1017,2026-07-18T14:00:00Z,41.8,3.799999999999997,14,5,930.0,37.5
BIN_1017,2026-07-18T14:30:00Z,42.5,1.4000000000000057,14,5,960.0,37.0
BIN_1017,2026-07-18T15:00:00Z,43.7,2.4000000000000057,15,5,990.0,36.5
BIN_1017,2026-07-18T15:30:00Z,6.4,-74.60000000000001,15,5,0.0,36.0
BIN_1017,2026-07-18T16:00:00Z,7.8,2.799999999999999,16,5,30.0,35.5
BIN_1017,2026-07-18T16:30:00Z,8.7,1.799999999999999,16,5,60.0,35.0
BIN_1017,2026-07-18T17:00:00Z,9.5,1.6000000000000014,17,5,90.0,34.5
BIN_1017,2026-07-18T17:30:00Z,7.7,-3.5999999999999996,17,5,0.0,34.0
BIN_1017,2026-07-18T18:00:00Z,9.2,2.9999999999999982,18,5,30.0,33.5
BIN_1017,2026-07-18T18:30:00Z,10.7,3.0,18,5,60.0,33.0
BIN_1017,2026-07-18T19:00:00Z,12.5,3.6000000000000014,19,5,90.0,32.5
BIN_1017,2026-07-18T19:30:00Z,13.2,1.3999999999999986,19,5,120.0,32.0
BIN_1017,2026-07-18T20:00:00Z,14.4,2.400000000000002,20,5,150.0,31.5
BIN_1017,2026-07-18T20:30:00Z,15.9,3.0,20,5,180.0,31.0
BIN_1017,2026-07-18T21:00:00Z,18.1,4.400000000000002,21,5,210.0,30.5
BIN_1017,2026-07-18T21:30:00Z,19.2,2.1999999999999957,21,5,240.0,30.0
BIN_1017,2026-07-18T22:00:00Z,20.3,2.200000000000003,22,5,270.0,29.5
BIN_1017,2026-07-18T22:30:00Z,21.5,2.3999999999999986,22,5,300.0,29.0
BIN_1017,2026-07-18T23:00:00Z,21.9,0.7999999999999972,23,5,330.0,28.5
BIN_1017,2026-07-18T23:30:00Z,22.5,1.2000000000000028,23,5,360.0,28.0
BIN_1017,2026-07-19T00:00:00Z,24.4,3.799999999999997,0,6,390.0,27.5
BIN_1017,2026-07-19T00:30:00Z,25.7,2.6000000000000014,0,6,420.0,27.0
BIN_1017,2026-07-19T01:00:00Z,26.6,1.8000000000000043,1,6,450.0,26.5
BIN_1017,2026-07-19T01:30:00Z,27.4,1.5999999999999943,1,6,480.0,26.0
BIN_1017,2026-07-19T02:00:00Z,29.4,4.0,2,6,510.0,25.5
BIN_1017,2026-07-19T02:30:00Z,30.8,2.8000000000000043,2,6,540.0,25.0
BIN_1017,2026-07-19T03:00:00Z,31.4,1.1999999999999957,3,6,570.0,24.5
BIN_1017,2026-07-19T03:30:00Z,31.8,0.8000000000000043,3,6,600.0,24.0
BIN_1017,2026-07-19T04:00:00Z,34.3,4.999999999999993,4,6,630.0,23.5
BIN_1017,2026-07-19T04:30:00Z,35.4,2.200000000000003,4,6,660.0,23.0
BIN_1017,2026-07-19T05:00:00Z,36.4,2.0,5,6,690.0,22.5
BIN_1017,2026-07-19T05:30:00Z,37.8,2.799999999999997,5,6,720.0,22.0
BIN_1017,2026-07-19T06:00:00Z,38.9,2.200000000000003,6,6,750.0,21.5
BIN_1017,2026-07-19T06:30:00Z,40.2,2.6000000000000085,6,6,780.0,21.0
BIN_1017,2026-07-19T07:00:00Z,42.2,4.0,7,6,810.0,20.5
BIN_1017,2026-07-19T07:30:00Z,43.3,2.1999999999999886,7,6,840.0,20.0
BIN_1017,2026-07-19T08:00:00Z,44.1,1.6000000000000085,8,6,870.0,19.5
BIN_1017,2026-07-19T08:30:00Z,44.2,0.20000000000000284,8,6,900.0,19.0
BIN_1017,2026-07-19T09:00:00Z,44.6,0.7999999999999972,9,6,930.0,18.5
BIN_1017,2026-07-19T09:30:00Z,44.6,0.0,9,6,960.0,18.0
BIN_1017,2026-07-19T10:00:00Z,45.2,1.2000000000000028,10,6,990.0,17.5
BIN_1017,2026-07-19T10:30:00Z,45.5,0.5999999999999943,10,6,1020.0,17.0
BIN_1017,2026-07-19T11:00:00Z,46.2,1.4000000000000057,11,6,1050.0,16.5
BIN_1017,2026-07-19T11:30:00Z,47.6,2.799999999999997,11,6,1080.0,16.0
BIN_1017,2026-07-19T12:00:00Z,49.2,3.200000000000003,12,6,1110.0,15.5
BIN_1017,2026-07-19T12:30:00Z,50.5,2.5999999999999943,12,6,1140.0,15.0
BIN_1017,2026-07-19T13:00:00Z,52.9,4.799999999999997,13,6,1170.0,14.5
BIN_1017,2026-07-19T13:30:00Z,54.1,2.4000000000000057,13,6,1200.0,14.0
BIN_1017,2026-07-19T14:00:00Z,55.4,2.5999999999999943,14,6,1230.0,13.5
BIN_1017,2026-07-19T14:30:00Z,57.0,3.200000000000003,14,6,1260.0,13.0
BIN_1017,2026-07-19T15:00:00Z,57.4,0.7999999999999972,15,6,1290.0,12.5
BIN_1017,2026-07-19T15:30:00Z,58.8,2.799999999999997,15,6,1320.0,12.0
BIN_1017,2026-07-19T16:00:00Z,60.4,3.200000000000003,16,6,1350.0,11.5
BIN_1017,2026-07-19T16:30:00Z,62.3,3.799999999999997,16,6,1380.0,11.0
BIN_1017,2026-07-19T17:00:00Z,62.5,0.4000000000000057,17,6,1410.0,10.5
BIN_1017,2026-07-19T17:30:00Z,63.1,1.2000000000000028,17,6,1440.0,10.0
BIN_1017,2026-07-19T18:00:00Z,64.7,3.200000000000003,18,6,1470.0,9.5
BIN_1017,2026-07-19T18:30:00Z,66.6,3.799999999999983,18,6,1500.0,9.0
BIN_1017,2026-07-19T19:00:00Z,67.7,2.200000000000017,19,6,1530.0,8.5
BIN_1017,2026-07-19T19:30:00Z,69.8,4.199999999999989,19,6,1560.0,8.0
BIN_1017,2026-07-19T20:00:00Z,71.8,4.0,20,6,1590.0,7.5
BIN_1017,2026-07-19T20:30:00Z,73.4,3.200000000000017,20,6,1620.0,7.0
BIN_1017,2026-07-19T21:00:00Z,75.9,5.0,21,6,1650.0,6.5
BIN_1017,2026-07-19T21:30:00Z,76.5,1.1999999999999886,21,6,1680.0,6.0
BIN_1017,2026-07-19T22:00:00Z,77.4,1.8000000000000114,22,6,1710.0,5.5
BIN_1017,2026-07-19T22:30:00Z,78.8,2.799999999999983,22,6,1740.0,5.0
BIN_1017,2026-07-19T23:00:00Z,79.6,1.5999999999999943,23,6,1770.0,4.5
BIN_1017,2026-07-19T23:30:00Z,80.9,2.6000000000000227,23,6,1800.0,4.0
BIN_1017,2026-07-20T00:00:00Z,82.1,2.3999999999999773,0,0,1830.0,3.5
BIN_1017,2026-07-20T00:30:00Z,84.1,4.0,0,0,1860.0,3.0
BIN_1017,2026-07-20T01:00:00Z,84.5,0.8000000000000114,1,0,1890.0,2.5
BIN_1017,2026-07-20T01:30:00Z,85.7,2.4000000000000057,1,0,1920.0,2.0
BIN_1017,2026-07-20T02:00:00Z,86.9,2.4000000000000057,2,0,1950.0,1.5
BIN_1017,2026-07-20T02:30:00Z,87.8,1.799999999999983,2,0,1980.0,1.0
BIN_1017,2026-07-20T03:00:00Z,89.5,3.4000000000000057,3,0,2010.0,0.5
BIN_1017,2026-07-20T03:30:00Z,90.6,2.1999999999999886,3,0,2040.0,0.0
BIN_1017,2026-07-20T04:00:00Z,92.6,4.0,4,0,2070.0,0.0
BIN_1017,2026-07-20T04:30:00Z,94.8,4.400000000000006,4,0,2100.0,0.0
BIN_1017,2026-07-20T05:00:00Z,96.2,2.8000000000000114,5,0,2130.0,0.0
BIN_1017,2026-07-20T05:30:00Z,97.6,2.799999999999983,5,0,2160.0,0.0
BIN_1017,2026-07-20T06:00:00Z,99.3,3.4000000000000057,6,0,2190.0,0.0
BIN_1017,2026-07-20T06:30:00Z,100.0,1.4000000000000057,6,0,2220.0,0.0
BIN_1017,2026-07-20T07:00:00Z,100.0,0.0,7,0,2250.0,0.0
BIN_1017,2026-07-20T07:30:00Z,100.0,0.0,7,0,2280.0,0.0
BIN_1017,2026-07-20T08:00:00Z,100.0,0.0,8,0,2310.0,0.0
BIN_1017,2026-07-20T08:30:00Z,100.0,0.0,8,0,2340.0,0.0
BIN_1017,2026-07-20T09:00:00Z,100.0,0.0,9,0,2370.0,0.0
BIN_1017,2026-07-20T09:30:00Z,100.0,0.0,9,0,2400.0,0.0
BIN_1017,2026-07-20T10:00:00Z,100.0,0.0,10,0,2430.0,0.0
BIN_1017,2026-07-20T10:30:00Z,100.0,0.0,10,0,2460.0,0.0
BIN_1017,2026-07-20T11:00:00Z,100.0,0.0,11,0,2490.0,0.0
BIN_1017,2026-07-20T11:30:00Z,100.0,0.0,11,0,2520.0,0.0
BIN_1017,2026-07-20T12:00:00Z,100.0,0.0,12,0,2550.0,0.0
BIN_1017,2026-07-20T12:30:00Z,100.0,0.0,12,0,2580.0,0.0
BIN_1017,2026-07-20T13:00:00Z,100.0,0.0,13,0,2610.0,0.0
BIN_1017,2026-07-20T13:30:00Z,100.0,0.0,13,0,2640.0,0.0
BIN_1017,2026-07-20T14:00:00Z,100.0,0.0,14,0,2670.0,0.0
BIN_1017,2026-07-20T14:30:00Z,100.0,0.0,14,0,2700.0,0.0
BIN_1017,2026-07-20T15:00:00Z,100.0,0.0,15,0,2730.0,0.0
BIN_1017,2026-07-20T15:30:00Z,100.0,0.0,15,0,2760.0,0.0
BIN_1017,2026-07-20T16:00:00Z,100.0,0.0,16,0,2790.0,0.0
BIN_1017,2026-07-20T16:30:00Z,100.0,0.0,16,0,2820.0,0.0
BIN_1017,2026-07-20T17:00:00Z,100.0,0.0,17,0,2850.0,0.0
BIN_1017,2026-07-20T17:30:00Z,100.0,0.0,17,0,2880.0,0.0
BIN_1017,2026-07-20T18:00:00Z,100.0,0.0,18,0,2910.0,0.0
BIN_1017,2026-07-20T18:30:00Z,100.0,0.0,18,0,2940.0,0.0
BIN_1017,2026-07-20T19:00:00Z,100.0,0.0,19,0,2970.0,0.0
BIN_1017,2026-07-20T19:30:00Z,100.0,0.0,19,0,3000.0,0.0
BIN_1017,2026-07-20T20:00:00Z,100.0,0.0,20,0,3030.0,0.0
BIN_1017,2026-07-20T20:30:00Z,100.0,0.0,20,0,3060.0,0.0
BIN_1017,2026-07-20T21:00:00Z,100.0,0.0,21,0,3090.0,0.0
BIN_1017,2026-07-20T21:30:00Z,100.0,0.0,21,0,3120.0,0.0
BIN_1017,2026-07-20T22:00:00Z,100.0,0.0,22,0,3150.0,0.0
BIN_1017,2026-07-20T22:30:00Z,100.0,0.0,22,0,3180.0,0.0
BIN_1017,2026-07-20T23:00:00Z,100.0,0.0,23,0,3210.0,0.0
BIN_1017,2026-07-20T23:30:00Z,100.0,0.0,23,0,3240.0,0.0
BIN_1018,2026-07-14T00:00:00Z,8.1,0.0,0,1,0.0,40.0
BIN_1018,2026-07-14T00:30:00Z,8.6,1.0,0,1,30.0,39.5
BIN_1018,2026-07-14T01:00:00Z,10.1,3.0,1,1,60.0,39.0
BIN_1018,2026-07-14T01:30:00Z,10.6,1.0,1,1,90.0,38.5
BIN_1018,2026-07-14T02:00:00Z,11.2,1.1999999999999993,2,1,120.0,38.0
BIN_1018,2026-07-14T02:30:00Z,12.3,2.200000000000003,2,1,150.0,37.5
BIN_1018,2026-07-14T03:00:00Z,13.5,2.3999999999999986,3,1,180.0,37.0
BIN_1018,2026-07-14T03:30:00Z,14.9,2.8000000000000007,3,1,210.0,36.5
BIN_1018,2026-07-14T04:00:00Z,16.2,2.599999999999998,4,1,240.0,36.0
BIN_1018,2026-07-14T04:30:00Z,18.7,5.0,4,1,270.0,35.5
BIN_1018,2026-07-14T05:00:00Z,20.0,2.6000000000000014,5,1,300.0,35.0
BIN_1018,2026-07-14T05:30:00Z,22.3,4.600000000000001,5,1,330.0,34.5
BIN_1018,2026-07-14T06:00:00Z,24.8,5.0,6,1,360.0,34.0
BIN_1018,2026-07-14T06:30:00Z,25.2,0.7999999999999972,6,1,390.0,33.5
BIN_1018,2026-07-14T07:00:00Z,25.9,1.3999999999999986,7,1,420.0,33.0
BIN_1018,2026-07-14T07:30:00Z,26.8,1.8000000000000043,7,1,450.0,32.5
BIN_1018,2026-07-14T08:00:00Z,27.5,1.3999999999999986,8,1,480.0,32.0
BIN_1018,2026-07-14T08:30:00Z,28.2,1.3999999999999986,8,1,510.0,31.5
BIN_1018,2026-07-14T09:00:00Z,30.0,3.6000000000000014,9,1,540.0,31.0
BIN_1018,2026-07-14T09:30:00Z,31.1,2.200000000000003,9,1,570.0,30.5
BIN_1018,2026-07-14T10:00:00Z,32.8,3.3999999999999915,10,1,600.0,30.0
BIN_1018,2026-07-14T10:30:00Z,34.1,2.6000000000000085,10,1,630.0,29.5
BIN_1018,2026-07-14T11:00:00Z,34.9,1.5999999999999943,11,1,660.0,29.0
BIN_1018,2026-07-14T11:30:00Z,35.3,0.7999999999999972,11,1,690.0,28.5
BIN_1018,2026-07-14T12:00:00Z,36.3,2.0,12,1,720.0,28.0
BIN_1018,2026-07-14T12:30:00Z,37.8,3.0,12,1,750.0,27.5
BIN_1018,2026-07-14T13:00:00Z,38.9,2.200000000000003,13,1,780.0,27.0
BIN_1018,2026-07-14T13:30:00Z,39.8,1.7999999999999972,13,1,810.0,26.5
BIN_1018,2026-07-14T14:00:00Z,42.5,5.400000000000006,14,1,840.0,26.0
BIN_1018,2026-07-14T14:30:00Z,44.3,3.5999999999999943,14,1,870.0,25.5
BIN_1018,2026-07-14T15:00:00Z,44.3,0.0,15,1,900.0,25.0
BIN_1018,2026-07-14T15:30:00Z,45.6,2.6000000000000085,15,1,930.0,24.5
BIN_1018,2026-07-14T16:00:00Z,46.6,2.0,16,1,960.0,24.0
BIN_1018,2026-07-14T16:30:00Z,47.7,2.200000000000003,16,1,990.0,23.5
BIN_1018,2026-07-14T17:00:00Z,48.6,1.7999999999999972,17,1,1020.0,23.0
BIN_1018,2026-07-14T17:30:00Z,50.4,3.5999999999999943,17,1,1050.0,22.5
BIN_1018,2026-07-14T18:00:00Z,50.8,0.7999999999999972,18,1,1080.0,22.0
BIN_1018,2026-07-14T18:30:00Z,52.7,3.8000000000000114,18,1,1110.0,21.5
BIN_1018,2026-07-14T19:00:00Z,53.1,0.7999999999999972,19,1,1140.0,21.0
BIN_1018,2026-07-14T19:30:00Z,54.1,2.0,19,1,1170.0,20.5
BIN_1018,2026-07-14T20:00:00Z,56.6,5.0,20,1,1200.0,20.0
BIN_1018,2026-07-14T20:30:00Z,57.5,1.7999999999999972,20,1,1230.0,19.5
BIN_1018,2026-07-14T21:00:00Z,58.8,2.5999999999999943,21,1,1260.0,19.0
BIN_1018,2026-07-14T21:30:00Z,58.8,0.0,21,1,1290.0,18.5
BIN_1018,2026-07-14T22:00:00Z,60.4,3.200000000000003,22,1,1320.0,18.0
BIN_1018,2026-07-14T22:30:00Z,61.6,2.4000000000000057,22,1,1350.0,17.5
BIN_1018,2026-07-14T23:00:00Z,62.6,2.0,23,1,1380.0,17.0
BIN_1018,2026-07-14T23:30:00Z,63.1,1.0,23,1,1410.0,16.5
BIN_1018,2026-07-15T00:00:00Z,63.5,0.7999999999999972,0,2,1440.0,16.0
BIN_1018,2026-07-15T00:30:00Z,64.4,1.8000000000000114,0,2,1470.0,15.5
BIN_1018,2026-07-15T01:00:00Z,65.9,3.0,1,2,1500.0,15.0
BIN_1018,2026-07-15T01:30:00Z,66.9,2.0,1,2,1530.0,14.5
BIN_1018,2026-07-15T02:00:00Z,68.2,2.5999999999999943,2,2,1560.0,14.0
BIN_1018,2026-07-15T02:30:00Z,68.7,1.0,2,2,1590.0,13.5
BIN_1018,2026-07-15T03:00:00Z,69.8,2.1999999999999886,3,2,1620.0,13.0
BIN_1018,2026-07-15T03:30:00Z,71.0,2.4000000000000057,3,2,1650.0,12.5
BIN_1018,2026-07-15T04:00:00Z,71.0,0.0,4,2,1680.0,12.0
BIN_1018,2026-07-15T04:30:00Z,72.4,2.8000000000000114,4,2,1710.0,11.5
BIN_1018,2026-07-15T05:00:00Z,73.7,2.5999999999999943,5,2,1740.0,11.0
BIN_1018,2026-07-15T05:30:00Z,74.5,1.5999999999999943,5,2,1770.0,10.5
BIN_1018,2026-07-15T06:00:00Z,75.8,2.5999999999999943,6,2,1800.0,10.0
BIN_1018,2026-07-15T06:30:00Z,75.6,-0.4000000000000057,6,2,1830.0,9.5
BIN_1018,2026-07-15T07:00:00Z,76.6,2.0,7,2,1860.0,9.0
BIN_1018,2026-07-15T07:30:00Z,77.4,1.6000000000000227,7,2,1890.0,8.5
BIN_1018,2026-07-15T08:00:00Z,78.6,2.3999999999999773,8,2,1920.0,8.0
BIN_1018,2026-07-15T08:30:00Z,80.0,2.8000000000000114,8,2,1950.0,7.5
BIN_1018,2026-07-15T09:00:00Z,79.9,-0.19999999999998863,9,2,1980.0,7.0
BIN_1018,2026-07-15T09:30:00Z,80.5,1.1999999999999886,9,2,2010.0,6.5
BIN_1018,2026-07-15T10:00:00Z,80.5,0.0,10,2,2040.0,6.0
BIN_1018,2026-07-15T10:30:00Z,82.0,3.0,10,2,2070.0,5.5
BIN_1018,2026-07-15T11:00:00Z,83.3,2.5999999999999943,11,2,2100.0,5.0
BIN_1018,2026-07-15T11:30:00Z,84.6,2.5999999999999943,11,2,2130.0,4.5
BIN_1018,2026-07-15T12:00:00Z,85.3,1.4000000000000057,12,2,2160.0,4.0
BIN_1018,2026-07-15T12:30:00Z,85.4,0.20000000000001705,12,2,2190.0,3.5
BIN_1018,2026-07-15T13:00:00Z,86.4,2.0,13,2,2220.0,3.0
BIN_1018,2026-07-15T13:30:00Z,87.1,1.3999999999999773,13,2,2250.0,2.5
BIN_1018,2026-07-15T14:00:00Z,88.4,2.6000000000000227,14,2,2280.0,2.0
BIN_1018,2026-07-15T14:30:00Z,89.1,1.3999999999999773,14,2,2310.0,1.5
BIN_1018,2026-07-15T15:00:00Z,89.7,1.200000000000017,15,2,2340.0,1.0
BIN_1018,2026-07-15T15:30:00Z,89.2,-1.0,15,2,2370.0,0.5
BIN_1018,2026-07-15T16:00:00Z,90.1,1.799999999999983,16,2,2400.0,0.0
BIN_1018,2026-07-15T16:30:00Z,90.9,1.6000000000000227,16,2,2430.0,0.0
BIN_1018,2026-07-15T17:00:00Z,91.8,1.799999999999983,17,2,2460.0,0.0
BIN_1018,2026-07-15T17:30:00Z,93.8,4.0,17,2,2490.0,0.0
BIN_1018,2026-07-15T18:00:00Z,94.6,1.5999999999999943,18,2,2520.0,0.0
BIN_1018,2026-07-15T18:30:00Z,96.1,3.0,18,2,2550.0,0.0
BIN_1018,2026-07-15T19:00:00Z,97.8,3.4000000000000057,19,2,2580.0,0.0
BIN_1018,2026-07-15T19:30:00Z,99.9,4.200000000000017,19,2,2610.0,0.0
BIN_1018,2026-07-15T20:00:00Z,100.0,0.19999999999998863,20,2,2640.0,0.0
BIN_1018,2026-07-15T20:30:00Z,100.0,0.0,20,2,2670.0,0.0
BIN_1018,2026-07-15T21:00:00Z,100.0,0.0,21,2,2700.0,0.0
BIN_1018,2026-07-15T21:30:00Z,5.8,-188.4,21,2,0.0,74.5
BIN_1018,2026-07-15T22:00:00Z,6.1,0.5999999999999996,22,2,30.0,74.0
BIN_1018,2026-07-15T22:30:00Z,8.0,3.8000000000000007,22,2,60.0,73.5
BIN_1018,2026-07-15T23:00:00Z,10.0,4.0,23,2,90.0,73.0
BIN_1018,2026-07-15T23:30:00Z,11.8,3.6000000000000014,23,2,120.0,72.5
BIN_1018,2026-07-16T00:00:00Z,13.0,2.3999999999999986,0,3,150.0,72.0
BIN_1018,2026-07-16T00:30:00Z,13.4,0.8000000000000007,0,3,180.0,71.5
BIN_1018,2026-07-16T01:00:00Z,13.9,1.0,1,3,210.0,71.0
BIN_1018,2026-07-16T01:30:00Z,14.6,1.3999999999999986,1,3,240.0,70.5
BIN_1018,2026-07-16T02:00:00Z,15.8,2.400000000000002,2,3,270.0,70.0
BIN_1018,2026-07-16T02:30:00Z,18.2,4.799999999999997,2,3,300.0,69.5
BIN_1018,2026-07-16T03:00:00Z,19.0,1.6000000000000014,3,3,330.0,69.0
BIN_1018,2026-07-16T03:30:00Z,20.6,3.200000000000003,3,3,360.0,68.5
BIN_1018,2026-07-16T04:00:00Z,22.0,2.799999999999997,4,3,390.0,68.0
BIN_1018,2026-07-16T04:30:00Z,23.0,2.0,4,3,420.0,67.5
BIN_1018,2026-07-16T05:00:00Z,23.9,1.7999999999999972,5,3,450.0,67.0
BIN_1018,2026-07-16T05:30:00Z,6.5,-34.8,5,3,0.0,66.5
BIN_1018,2026-07-16T06:00:00Z,7.4,1.8000000000000007,6,3,30.0,66.0
BIN_1018,2026-07-16T06:30:00Z,8.3,1.8000000000000007,6,3,60.0,65.5
BIN_1018,2026-07-16T07:00:00Z,8.8,1.0,7,3,90.0,65.0
BIN_1018,2026-07-16T07:30:00Z,9.7,1.7999999999999972,7,3,120.0,64.5
BIN_1018,2026-07-16T08:00:00Z,10.0,0.6000000000000014,8,3,150.0,64.0
BIN_1018,2026-07-16T08:30:00Z,10.8,1.6000000000000014,8,3,180.0,63.5
BIN_1018,2026-07-16T09:00:00Z,11.3,1.0,9,3,210.0,63.0
BIN_1018,2026-07-16T09:30:00Z,11.7,0.7999999999999972,9,3,240.0,62.5
BIN_1018,2026-07-16T10:00:00Z,12.6,1.8000000000000007,10,3,270.0,62.0
BIN_1018,2026-07-16T10:30:00Z,13.6,2.0,10,3,300.0,61.5
BIN_1018,2026-07-16T11:00:00Z,14.9,2.6000000000000014,11,3,330.0,61.0
BIN_1018,2026-07-16T11:30:00Z,16.1,2.400000000000002,11,3,360.0,60.5
BIN_1018,2026-07-16T12:00:00Z,17.1,2.0,12,3,390.0,60.0
BIN_1018,2026-07-16T12:30:00Z,18.2,2.1999999999999957,12,3,420.0,59.5
BIN_1018,2026-07-16T13:00:00Z,17.9,-0.6000000000000014,13,3,450.0,59.0
BIN_1018,2026-07-16T13:30:00Z,19.1,2.4000000000000057,13,3,480.0,58.5
BIN_1018,2026-07-16T14:00:00Z,19.5,0.7999999999999972,14,3,510.0,58.0
BIN_1018,2026-07-16T14:30:00Z,19.2,-0.6000000000000014,14,3,540.0,57.5
BIN_1018,2026-07-16T15:00:00Z,20.5,2.6000000000000014,15,3,570.0,57.0
BIN_1018,2026-07-16T15:30:00Z,21.0,1.0,15,3,600.0,56.5
BIN_1018,2026-07-16T16:00:00Z,22.4,2.799999999999997,16,3,630.0,56.0
BIN_1018,2026-07-16T16:30:00Z,22.9,1.0,16,3,660.0,55.5
BIN_1018,2026-07-16T17:00:00Z,23.4,1.0,17,3,690.0,55.0
BIN_1018,2026-07-16T17:30:00Z,23.4,0.0,17,3,720.0,54.5
BIN_1018,2026-07-16T18:00:00Z,24.7,2.6000000000000014,18,3,750.0,54.0
BIN_1018,2026-07-16T18:30:00Z,26.2,3.0,18,3,780.0,53.5
BIN_1018,2026-07-16T19:00:00Z,27.6,2.8000000000000043,19,3,810.0,53.0
BIN_1018,2026-07-16T19:30:00Z,28.8,2.3999999999999986,19,3,840.0,52.5
BIN_1018,2026-07-16T20:00:00Z,29.5,1.3999999999999986,20,3,870.0,52.0
BIN_1018,2026-07-16T20:30:00Z,30.5,2.0,20,3,900.0,51.5
BIN_1018,2026-07-16T21:00:00Z,31.2,1.3999999999999986,21,3,930.0,51.0
BIN_1018,2026-07-16T21:30:00Z,33.1,3.8000000000000043,21,3,960.0,50.5
BIN_1018,2026-07-16T22:00:00Z,33.7,1.2000000000000028,22,3,990.0,50.0
BIN_1018,2026-07-16T22:30:00Z,32.9,-1.6000000000000085,22,3,1020.0,49.5
BIN_1018,2026-07-16T23:00:00Z,34.2,2.6000000000000085,23,3,1050.0,49.0
BIN_1018,2026-07-16T23:30:00Z,3.0,-62.400000000000006,23,3,0.0,48.5
BIN_1018,2026-07-17T00:00:00Z,3.4,0.7999999999999998,0,4,30.0,48.0
BIN_1018,2026-07-17T00:30:00Z,3.9,1.0,0,4,60.0,47.5
BIN_1018,2026-07-17T01:00:00Z,5.2,2.6000000000000005,1,4,90.0,47.0
BIN_1018,2026-07-17T01:30:00Z,6.2,2.0,1,4,120.0,46.5
BIN_1018,2026-07-17T02:00:00Z,7.2,2.0,2,4,150.0,46.0
BIN_1018,2026-07-17T02:30:00Z,8.0,1.5999999999999996,2,4,180.0,45.5
BIN_1018,2026-07-17T03:00:00Z,9.6,3.1999999999999993,3,4,210.0,45.0
BIN_1018,2026-07-17T03:30:00Z,11.1,3.0,3,4,240.0,44.5
BIN_1018,2026-07-17T04:00:00Z,12.8,3.400000000000002,4,4,270.0,44.0
BIN_1018,2026-07-17T04:30:00Z,13.4,1.1999999999999993,4,4,300.0,43.5
BIN_1018,2026-07-17T05:00:00Z,14.5,2.1999999999999993,5,4,330.0,43.0
BIN_1018,2026-07-17T05:30:00Z,15.2,1.3999999999999986,5,4,360.0,42.5
BIN_1018,2026-07-17T06:00:00Z,14.9,-0.5999999999999979,6,4,390.0,42.0
BIN_1018,2026-07-17T06:30:00Z,17.0,4.199999999999999,6,4,420.0,41.5
BIN_1018,2026-07-17T07:00:00Z,17.5,1.0,7,4,450.0,41.0
BIN_1018,2026-07-17T07:30:00Z,18.4,1.7999999999999972,7,4,480.0,40.5
BIN_1018,2026-07-17T08:00:00Z,18.7,0.6000000000000014,8,4,510.0,40.0
BIN_1018,2026-07-17T08:30:00Z,19.6,1.8000000000000043,8,4,540.0,39.5
BIN_1018,2026-07-17T09:00:00Z,20.6,2.0,9,4,570.0,39.0
BIN_1018,2026-07-17T09:30:00Z,20.8,0.3999999999999986,9,4,600.0,38.5
BIN_1018,2026-07-17T10:00:00Z,22.8,4.0,10,4,630.0,38.0
BIN_1018,2026-07-17T10:30:00Z,24.4,3.1999999999999957,10,4,660.0,37.5
BIN_1018,2026-07-17T11:00:00Z,24.5,0.20000000000000284,11,4,690.0,37.0
BIN_1018,2026-07-17T11:30:00Z,25.5,2.0,11,4,720.0,36.5
BIN_1018,2026-07-17T12:00:00Z,27.1,3.200000000000003,12,4,750.0,36.0
BIN_1018,2026-07-17T12:30:00Z,28.0,1.7999999999999972,12,4,780.0,35.5
BIN_1018,2026-07-17T13:00:00Z,28.4,0.7999999999999972,13,4,810.0,35.0
BIN_1018,2026-07-17T13:30:00Z,28.8,0.8000000000000043,13,4,840.0,34.5
BIN_1018,2026-07-17T14:00:00Z,28.5,-0.6000000000000014,14,4,870.0,34.0
BIN_1018,2026-07-17T14:30:00Z,29.6,2.200000000000003,14,4,900.0,33.5
BIN_1018,2026-07-17T15:00:00Z,30.8,2.3999999999999986,15,4,930.0,33.0
BIN_1018,2026-07-17T15:30:00Z,31.2,0.7999999999999972,15,4,960.0,32.5
BIN_1018,2026-07-17T16:00:00Z,32.3,2.1999999999999957,16,4,990.0,32.0
BIN_1018,2026-07-17T16:30:00Z,33.1,1.6000000000000085,16,4,1020.0,31.5
BIN_1018,2026-07-17T17:00:00Z,34.3,2.3999999999999915,17,4,1050.0,31.0
BIN_1018,2026-07-17T17:30:00Z,36.2,3.8000000000000114,17,4,1080.0,30.5
BIN_1018,2026-07-17T18:00:00Z,37.1,1.7999999999999972,18,4,1110.0,30.0
BIN_1018,2026-07-17T18:30:00Z,37.6,1.0,18,4,1140.0,29.5
BIN_1018,2026-07-17T19:00:00Z,38.3,1.3999999999999915,19,4,1170.0,29.0
BIN_1018,2026-07-17T19:30:00Z,38.6,0.6000000000000085,19,4,1200.0,28.5
BIN_1018,2026-07-17T20:00:00Z,37.8,-1.6000000000000085,20,4,1230.0,28.0
BIN_1018,2026-07-17T20:30:00Z,38.4,1.2000000000000028,20,4,1260.0,27.5
BIN_1018,2026-07-17T21:00:00Z,39.2,1.6000000000000085,21,4,1290.0,27.0
BIN_1018,2026-07-17T21:30:00Z,41.4,4.3999999999999915,21,4,1320.0,26.5
BIN_1018,2026-07-17T22:00:00Z,42.6,2.4000000000000057,22,4,1350.0,26.0
BIN_1018,2026-07-17T22:30:00Z,43.8,2.3999999999999915,22,4,1380.0,25.5
BIN_1018,2026-07-17T23:00:00Z,43.7,-0.19999999999998863,23,4,1410.0,25.0
BIN_1018,2026-07-17T23:30:00Z,44.4,1.3999999999999915,23,4,1440.0,24.5
BIN_1018,2026-07-18T00:00:00Z,46.3,3.799999999999997,0,5,1470.0,24.0
BIN_1018,2026-07-18T00:30:00Z,46.1,-0.3999999999999915,0,5,1500.0,23.5
BIN_1018,2026-07-18T01:00:00Z,46.0,-0.20000000000000284,1,5,1530.0,23.0
BIN_1018,2026-07-18T01:30:00Z,47.6,3.200000000000003,1,5,1560.0,22.5
BIN_1018,2026-07-18T02:00:00Z,48.6,2.0,2,5,1590.0,22.0
BIN_1018,2026-07-18T02:30:00Z,48.8,0.3999999999999915,2,5,1620.0,21.5
BIN_1018,2026-07-18T03:00:00Z,49.2,0.8000000000000114,3,5,1650.0,21.0
BIN_1018,2026-07-18T03:30:00Z,50.8,3.1999999999999886,3,5,1680.0,20.5
BIN_1018,2026-07-18T04:00:00Z,53.9,6.200000000000003,4,5,1710.0,20.0
BIN_1018,2026-07-18T04:30:00Z,55.4,3.0,4,5,1740.0,19.5
BIN_1018,2026-07-18T05:00:00Z,56.0,1.2000000000000028,5,5,1770.0,19.0
BIN_1018,2026-07-18T05:30:00Z,57.0,2.0,5,5,1800.0,18.5
BIN_1018,2026-07-18T06:00:00Z,57.6,1.2000000000000028,6,5,1830.0,18.0
BIN_1018,2026-07-18T06:30:00Z,58.4,1.5999999999999943,6,5,1860.0,17.5
BIN_1018,2026-07-18T07:00:00Z,59.7,2.6000000000000085,7,5,1890.0,17.0
BIN_1018,2026-07-18T07:30:00Z,60.5,1.5999999999999943,7,5,1920.0,16.5
BIN_1018,2026-07-18T08:00:00Z,61.4,1.7999999999999972,8,5,1950.0,16.0
BIN_1018,2026-07-18T08:30:00Z,61.0,-0.7999999999999972,8,5,1980.0,15.5
BIN_1018,2026-07-18T09:00:00Z,62.9,3.799999999999997,9,5,2010.0,15.0
BIN_1018,2026-07-18T09:30:00Z,63.6,1.4000000000000057,9,5,2040.0,14.5
BIN_1018,2026-07-18T10:00:00Z,64.8,2.3999999999999915,10,5,2070.0,14.0
BIN_1018,2026-07-18T10:30:00Z,65.3,1.0,10,5,2100.0,13.5
BIN_1018,2026-07-18T11:00:00Z,66.2,1.8000000000000114,11,5,2130.0,13.0
BIN_1018,2026-07-18T11:30:00Z,67.7,3.0,11,5,2160.0,12.5
BIN_1018,2026-07-18T12:00:00Z,68.8,2.1999999999999886,12,5,2190.0,12.0
BIN_1018,2026-07-18T12:30:00Z,70.6,3.5999999999999943,12,5,2220.0,11.5
BIN_1018,2026-07-18T13:00:00Z,72.0,2.8000000000000114,13,5,2250.0,11.0
BIN_1018,2026-07-18T13:30:00Z,73.8,3.5999999999999943,13,5,2280.0,10.5
BIN_1018,2026-07-18T14:00:00Z,74.2,0.8000000000000114,14,5,2310.0,10.0
BIN_1018,2026-07-18T14:30:00Z,74.5,0.5999999999999943,14,5,2340.0,9.5
BIN_1018,2026-07-18T15:00:00Z,76.4,3.8000000000000114,15,5,2370.0,9.0
BIN_1018,2026-07-18T15:30:00Z,76.4,0.0,15,5,2400.0,8.5
BIN_1018,2026-07-18T16:00:00Z,77.1,1.3999999999999773,16,5,2430.0,8.0
BIN_1018,2026-07-18T16:30:00Z,78.9,3.6000000000000227,16,5,2460.0,7.5
BIN_1018,2026-07-18T17:00:00Z,79.8,1.799999999999983,17,5,2490.0,7.0
BIN_1018,2026-07-18T17:30:00Z,81.5,3.4000000000000057,17,5,2520.0,6.5
BIN_1018,2026-07-18T18:00:00Z,82.3,1.5999999999999943,18,5,2550.0,6.0
BIN_1018,2026-07-18T18:30:00Z,83.2,1.8000000000000114,18,5,2580.0,5.5
BIN_1018,2026-07-18T19:00:00Z,84.0,1.5999999999999943,19,5,2610.0,5.0
BIN_1018,2026-07-18T19:30:00Z,84.9,1.8000000000000114,19,5,2640.0,4.5
BIN_1018,2026-07-18T20:00:00Z,86.2,2.5999999999999943,20,5,2670.0,4.0
BIN_1018,2026-07-18T20:30:00Z,86.6,0.799999999999983,20,5,2700.0,3.5
BIN_1018,2026-07-18T21:00:00Z,87.1,1.0,21,5,2730.0,3.0
BIN_1018,2026-07-18T21:30:00Z,87.5,0.8000000000000114,21,5,2760.0,2.5
BIN_1018,2026-07-18T22:00:00Z,87.9,0.8000000000000114,22,5,2790.0,2.0
BIN_1018,2026-07-18T22:30:00Z,89.7,3.5999999999999943,22,5,2820.0,1.5
BIN_1018,2026-07-18T23:00:00Z,89.6,-0.20000000000001705,23,5,2850.0,1.0
BIN_1018,2026-07-18T23:30:00Z,89.9,0.6000000000000227,23,5,2880.0,0.5
BIN_1018,2026-07-19T00:00:00Z,90.1,0.39999999999997726,0,6,2910.0,0.0
BIN_1018,2026-07-19T00:30:00Z,91.6,3.0,0,6,2940.0,0.0
BIN_1018,2026-07-19T01:00:00Z,92.5,1.8000000000000114,1,6,2970.0,0.0
BIN_1018,2026-07-19T01:30:00Z,93.7,2.4000000000000057,1,6,3000.0,0.0
BIN_1018,2026-07-19T02:00:00Z,95.5,3.5999999999999943,2,6,3030.0,0.0
BIN_1018,2026-07-19T02:30:00Z,95.0,-1.0,2,6,3060.0,0.0
BIN_1018,2026-07-19T03:00:00Z,95.3,0.5999999999999943,3,6,3090.0,0.0
BIN_1018,2026-07-19T03:30:00Z,95.4,0.20000000000001705,3,6,3120.0,0.0
BIN_1018,2026-07-19T04:00:00Z,96.2,1.5999999999999943,4,6,3150.0,0.0
BIN_1018,2026-07-19T04:30:00Z,97.0,1.5999999999999943,4,6,3180.0,0.0
BIN_1018,2026-07-19T05:00:00Z,98.5,3.0,5,6,3210.0,0.0
BIN_1019,2026-07-14T00:00:00Z,1.6,0.0,0,1,0.0,61.0
BIN_1019,2026-07-14T00:30:00Z,3.1,3.0,0,1,30.0,60.5
BIN_1019,2026-07-14T01:00:00Z,3.5,0.7999999999999998,1,1,60.0,60.0
BIN_1019,2026-07-14T01:30:00Z,3.6,0.20000000000000018,1,1,90.0,59.5
BIN_1019,2026-07-14T02:00:00Z,3.7,0.20000000000000018,2,1,120.0,59.0
BIN_1019,2026-07-14T02:30:00Z,4.4,1.4000000000000004,2,1,150.0,58.5
BIN_1019,2026-07-14T03:00:00Z,4.8,0.7999999999999989,3,1,180.0,58.0
BIN_1019,2026-07-14T03:30:00Z,5.2,0.8000000000000007,3,1,210.0,57.5
BIN_1019,2026-07-14T04:00:00Z,5.6,0.7999999999999989,4,1,240.0,57.0
BIN_1019,2026-07-14T04:30:00Z,7.1,3.0,4,1,270.0,56.5
BIN_1019,2026-07-14T05:00:00Z,7.3,0.40000000000000036,5,1,300.0,56.0
BIN_1019,2026-07-14T05:30:00Z,8.1,1.5999999999999996,5,1,330.0,55.5
BIN_1019,2026-07-14T06:00:00Z,9.7,3.1999999999999993,6,1,360.0,55.0
BIN_1019,2026-07-14T06:30:00Z,11.1,2.8000000000000007,6,1,390.0,54.5
BIN_1019,2026-07-14T07:00:00Z,12.5,2.8000000000000007,7,1,420.0,54.0
BIN_1019,2026-07-14T07:30:00Z,13.1,1.1999999999999993,7,1,450.0,53.5
BIN_1019,2026-07-14T08:00:00Z,13.9,1.6000000000000014,8,1,480.0,53.0
BIN_1019,2026-07-14T08:30:00Z,14.9,2.0,8,1,510.0,52.5
BIN_1019,2026-07-14T09:00:00Z,16.5,3.1999999999999993,9,1,540.0,52.0
BIN_1019,2026-07-14T09:30:00Z,17.7,2.3999999999999986,9,1,570.0,51.5
BIN_1019,2026-07-14T10:00:00Z,19.4,3.3999999999999986,10,1,600.0,51.0
BIN_1019,2026-07-14T10:30:00Z,21.2,3.6000000000000014,10,1,630.0,50.5
BIN_1019,2026-07-14T11:00:00Z,22.2,2.0,11,1,660.0,50.0
BIN_1019,2026-07-14T11:30:00Z,23.6,2.8000000000000043,11,1,690.0,49.5
BIN_1019,2026-07-14T12:00:00Z,25.1,3.0,12,1,720.0,49.0
BIN_1019,2026-07-14T12:30:00Z,4.7,-40.800000000000004,12,1,0.0,48.5
BIN_1019,2026-07-14T13:00:00Z,5.1,0.7999999999999989,13,1,30.0,48.0
BIN_1019,2026-07-14T13:30:00Z,5.7,1.200000000000001,13,1,60.0,47.5
BIN_1019,2026-07-14T14:00:00Z,6.9,2.4000000000000004,14,1,90.0,47.0
BIN_1019,2026-07-14T14:30:00Z,7.5,1.1999999999999993,14,1,120.0,46.5
BIN_1019,2026-07-14T15:00:00Z,8.0,1.0,15,1,150.0,46.0
BIN_1019,2026-07-14T15:30:00Z,9.5,3.0,15,1,180.0,45.5
BIN_1019,2026-07-14T16:00:00Z,10.3,1.6000000000000014,16,1,210.0,45.0
BIN_1019,2026-07-14T16:30:00Z,11.5,2.3999999999999986,16,1,240.0,44.5
BIN_1019,2026-07-14T17:00:00Z,13.9,4.800000000000001,17,1,270.0,44.0
BIN_1019,2026-07-14T17:30:00Z,15.2,2.599999999999998,17,1,300.0,43.5
BIN_1019,2026-07-14T18:00:00Z,16.8,3.200000000000003,18,1,330.0,43.0
BIN_1019,2026-07-14T18:30:00Z,17.4,1.1999999999999957,18,1,360.0,42.5
BIN_1019,2026-07-14T19:00:00Z,19.3,3.8000000000000043,19,1,390.0,42.0
BIN_1019,2026-07-14T19:30:00Z,20.3,2.0,19,1,420.0,41.5
BIN_1019,2026-07-14T20:00:00Z,20.1,-0.3999999999999986,20,1,450.0,41.0
BIN_1019,2026-07-14T20:30:00Z,20.4,0.5999999999999943,20,1,480.0,40.5
BIN_1019,2026-07-14T21:00:00Z,21.3,1.8000000000000043,21,1,510.0,40.0
BIN_1019,2026-07-14T21:30:00Z,3.6,-35.4,21,1,0.0,39.5
BIN_1019,2026-07-14T22:00:00Z,4.7,2.2,22,1,30.0,39.0
BIN_1019,2026-07-14T22:30:00Z,4.9,0.40000000000000036,22,1,60.0,38.5
BIN_1019,2026-07-14T23:00:00Z,6.3,2.799999999999999,23,1,90.0,38.0
BIN_1019,2026-07-14T23:30:00Z,6.5,0.40000000000000036,23,1,120.0,37.5
BIN_1019,2026-07-15T00:00:00Z,7.6,2.1999999999999993,0,2,150.0,37.0
BIN_1019,2026-07-15T00:30:00Z,9.5,3.8000000000000007,0,2,180.0,36.5
BIN_1019,2026-07-15T01:00:00Z,11.2,3.3999999999999986,1,2,210.0,36.0
BIN_1019,2026-07-15T01:30:00Z,11.7,1.0,1,2,240.0,35.5
BIN_1019,2026-07-15T02:00:00Z,12.1,0.8000000000000007,2,2,270.0,35.0
BIN_1019,2026-07-15T02:30:00Z,13.4,2.6000000000000014,2,2,300.0,34.5
BIN_1019,2026-07-15T03:00:00Z,13.8,0.8000000000000007,3,2,330.0,34.0
BIN_1019,2026-07-15T03:30:00Z,14.0,0.3999999999999986,3,2,360.0,33.5
BIN_1019,2026-07-15T04:00:00Z,14.9,1.8000000000000007,4,2,390.0,33.0
BIN_1019,2026-07-15T04:30:00Z,15.5,1.1999999999999993,4,2,420.0,32.5
BIN_1019,2026-07-15T05:00:00Z,16.3,1.6000000000000014,5,2,450.0,32.0
BIN_1019,2026-07-15T05:30:00Z,17.8,3.0,5,2,480.0,31.5
BIN_1019,2026-07-15T06:00:00Z,18.7,1.7999999999999972,6,2,510.0,31.0
BIN_1019,2026-07-15T06:30:00Z,19.8,2.200000000000003,6,2,540.0,30.5
BIN_1019,2026-07-15T07:00:00Z,20.0,0.3999999999999986,7,2,570.0,30.0
BIN_1019,2026-07-15T07:30:00Z,22.2,4.399999999999999,7,2,600.0,29.5
BIN_1019,2026-07-15T08:00:00Z,22.5,0.6000000000000014,8,2,630.0,29.0
BIN_1019,2026-07-15T08:30:00Z,24.0,3.0,8,2,660.0,28.5
BIN_1019,2026-07-15T09:00:00Z,25.8,3.6000000000000014,9,2,690.0,28.0
BIN_1019,2026-07-15T09:30:00Z,26.5,1.3999999999999986,9,2,720.0,27.5
BIN_1019,2026-07-15T10:00:00Z,27.1,1.2000000000000028,10,2,750.0,27.0
BIN_1019,2026-07-15T10:30:00Z,27.2,0.19999999999999574,10,2,780.0,26.5
BIN_1019,2026-07-15T11:00:00Z,28.0,1.6000000000000014,11,2,810.0,26.0
BIN_1019,2026-07-15T11:30:00Z,29.8,3.6000000000000014,11,2,840.0,25.5
BIN_1019,2026-07-15T12:00:00Z,30.5,1.3999999999999986,12,2,870.0,25.0
BIN_1019,2026-07-15T12:30:00Z,33.9,6.799999999999997,12,2,900.0,24.5
BIN_1019,2026-07-15T13:00:00Z,34.3,0.7999999999999972,13,2,930.0,24.0
BIN_1019,2026-07-15T13:30:00Z,35.7,2.8000000000000114,13,2,960.0,23.5
BIN_1019,2026-07-15T14:00:00Z,37.3,3.1999999999999886,14,2,990.0,23.0
BIN_1019,2026-07-15T14:30:00Z,38.5,2.4000000000000057,14,2,1020.0,22.5
BIN_1019,2026-07-15T15:00:00Z,38.7,0.4000000000000057,15,2,1050.0,22.0
BIN_1019,2026-07-15T15:30:00Z,39.6,1.7999999999999972,15,2,1080.0,21.5
BIN_1019,2026-07-15T16:00:00Z,40.8,2.3999999999999915,16,2,1110.0,21.0
BIN_1019,2026-07-15T16:30:00Z,42.4,3.200000000000003,16,2,1140.0,20.5
BIN_1019,2026-07-15T17:00:00Z,44.1,3.4000000000000057,17,2,1170.0,20.0
BIN_1019,2026-07-15T17:30:00Z,44.9,1.5999999999999943,17,2,1200.0,19.5
BIN_1019,2026-07-15T18:00:00Z,46.2,2.6000000000000085,18,2,1230.0,19.0
BIN_1019,2026-07-15T18:30:00Z,48.3,4.199999999999989,18,2,1260.0,18.5
BIN_1019,2026-07-15T19:00:00Z,48.5,0.4000000000000057,19,2,1290.0,18.0
BIN_1019,2026-07-15T19:30:00Z,49.6,2.200000000000003,19,2,1320.0,17.5
BIN_1019,2026-07-15T20:00:00Z,51.7,4.200000000000003,20,2,1350.0,17.0
BIN_1019,2026-07-15T20:30:00Z,53.6,3.799999999999997,20,2,1380.0,16.5
BIN_1019,2026-07-15T21:00:00Z,55.7,4.200000000000003,21,2,1410.0,16.0
BIN_1019,2026-07-15T21:30:00Z,55.6,-0.20000000000000284,21,2,1440.0,15.5
BIN_1019,2026-07-15T22:00:00Z,55.8,0.3999999999999915,22,2,1470.0,15.0
BIN_1019,2026-07-15T22:30:00Z,57.4,3.200000000000003,22,2,1500.0,14.5
BIN_1019,2026-07-15T23:00:00Z,59.2,3.6000000000000085,23,2,1530.0,14.0
BIN_1019,2026-07-15T23:30:00Z,60.3,2.1999999999999886,23,2,1560.0,13.5
BIN_1019,2026-07-16T00:00:00Z,61.8,3.0,0,3,1590.0,13.0
BIN_1019,2026-07-16T00:30:00Z,62.9,2.200000000000003,0,3,1620.0,12.5
BIN_1019,2026-07-16T01:00:00Z,64.6,3.3999999999999915,1,3,1650.0,12.0
BIN_1019,2026-07-16T01:30:00Z,65.7,2.200000000000017,1,3,1680.0,11.5
BIN_1019,2026-07-16T02:00:00Z,66.6,1.799999999999983,2,3,1710.0,11.0
BIN_1019,2026-07-16T02:30:00Z,67.4,1.6000000000000227,2,3,1740.0,10.5
BIN_1019,2026-07-16T03:00:00Z,68.3,1.799999999999983,3,3,1770.0,10.0
BIN_1019,2026-07-16T03:30:00Z,70.0,3.4000000000000057,3,3,1800.0,9.5
BIN_1019,2026-07-16T04:00:00Z,71.0,2.0,4,3,1830.0,9.0
BIN_1019,2026-07-16T04:30:00Z,73.3,4.599999999999994,4,3,1860.0,8.5
BIN_1019,2026-07-16T05:00:00Z,74.6,2.5999999999999943,5,3,1890.0,8.0
BIN_1019,2026-07-16T05:30:00Z,76.0,2.8000000000000114,5,3,1920.0,7.5
BIN_1019,2026-07-16T06:00:00Z,77.1,2.1999999999999886,6,3,1950.0,7.0
BIN_1019,2026-07-16T06:30:00Z,78.5,2.8000000000000114,6,3,1980.0,6.5
BIN_1019,2026-07-16T07:00:00Z,78.5,0.0,7,3,2010.0,6.0
BIN_1019,2026-07-16T07:30:00Z,80.8,4.599999999999994,7,3,2040.0,5.5
BIN_1019,2026-07-16T08:00:00Z,81.4,1.200000000000017,8,3,2070.0,5.0
BIN_1019,2026-07-16T08:30:00Z,82.4,2.0,8,3,2100.0,4.5
BIN_1019,2026-07-16T09:00:00Z,83.5,2.1999999999999886,9,3,2130.0,4.0
BIN_1019,2026-07-16T09:30:00Z,82.9,-1.1999999999999886,9,3,2160.0,3.5
BIN_1019,2026-07-16T10:00:00Z,84.0,2.1999999999999886,10,3,2190.0,3.0
BIN_1019,2026-07-16T10:30:00Z,83.9,-0.19999999999998863,10,3,2220.0,2.5
BIN_1019,2026-07-16T11:00:00Z,84.4,1.0,11,3,2250.0,2.0
BIN_1019,2026-07-16T11:30:00Z,85.9,3.0,11,3,2280.0,1.5
BIN_1019,2026-07-16T12:00:00Z,87.4,3.0,12,3,2310.0,1.0
BIN_1019,2026-07-16T12:30:00Z,88.5,2.1999999999999886,12,3,2340.0,0.5
BIN_1019,2026-07-16T13:00:00Z,91.0,5.0,13,3,2370.0,0.0
BIN_1019,2026-07-16T13:30:00Z,92.3,2.5999999999999943,13,3,2400.0,0.0
BIN_1019,2026-07-16T14:00:00Z,92.4,0.20000000000001705,14,3,2430.0,0.0
BIN_1019,2026-07-16T14:30:00Z,92.6,0.39999999999997726,14,3,2460.0,0.0
BIN_1019,2026-07-16T15:00:00Z,93.8,2.4000000000000057,15,3,2490.0,0.0
BIN_1019,2026-07-16T15:30:00Z,95.1,2.5999999999999943,15,3,2520.0,0.0
BIN_1019,2026-07-16T16:00:00Z,97.3,4.400000000000006,16,3,2550.0,0.0
BIN_1019,2026-07-16T16:30:00Z,98.2,1.8000000000000114,16,3,2580.0,0.0
BIN_1019,2026-07-16T17:00:00Z,99.4,2.4000000000000057,17,3,2610.0,0.0
BIN_1019,2026-07-16T17:30:00Z,100.0,1.1999999999999886,17,3,2640.0,0.0
BIN_1019,2026-07-16T18:00:00Z,100.0,0.0,18,3,2670.0,0.0
BIN_1019,2026-07-16T18:30:00Z,99.9,-0.19999999999998863,18,3,2700.0,0.0
BIN_1019,2026-07-16T19:00:00Z,100.0,0.19999999999998863,19,3,2730.0,0.0
BIN_1019,2026-07-16T19:30:00Z,100.0,0.0,19,3,2760.0,0.0
BIN_1019,2026-07-16T20:00:00Z,100.0,0.0,20,3,2790.0,0.0
BIN_1019,2026-07-16T20:30:00Z,100.0,0.0,20,3,2820.0,0.0
BIN_1019,2026-07-16T21:00:00Z,100.0,0.0,21,3,2850.0,0.0
BIN_1019,2026-07-16T21:30:00Z,100.0,0.0,21,3,2880.0,0.0
BIN_1019,2026-07-16T22:00:00Z,100.0,0.0,22,3,2910.0,0.0
BIN_1019,2026-07-16T22:30:00Z,100.0,0.0,22,3,2940.0,0.0
BIN_1019,2026-07-16T23:00:00Z,100.0,0.0,23,3,2970.0,0.0
BIN_1019,2026-07-16T23:30:00Z,100.0,0.0,23,3,3000.0,0.0
BIN_1019,2026-07-17T00:00:00Z,100.0,0.0,0,4,3030.0,0.0
BIN_1019,2026-07-17T00:30:00Z,100.0,0.0,0,4,3060.0,0.0
BIN_1019,2026-07-17T01:00:00Z,100.0,0.0,1,4,3090.0,0.0
BIN_1019,2026-07-17T01:30:00Z,100.0,0.0,1,4,3120.0,0.0
BIN_1019,2026-07-17T02:00:00Z,100.0,0.0,2,4,3150.0,0.0
BIN_1019,2026-07-17T02:30:00Z,100.0,0.0,2,4,3180.0,0.0
BIN_1019,2026-07-17T03:00:00Z,100.0,0.0,3,4,3210.0,0.0
BIN_1019,2026-07-17T03:30:00Z,100.0,0.0,3,4,3240.0,0.0
BIN_1019,2026-07-17T04:00:00Z,100.0,0.0,4,4,3270.0,0.0
BIN_1019,2026-07-17T04:30:00Z,100.0,0.0,4,4,3300.0,0.0
BIN_1019,2026-07-17T05:00:00Z,100.0,0.0,5,4,3330.0,0.0
BIN_1019,2026-07-17T05:30:00Z,100.0,0.0,5,4,3360.0,0.0
BIN_1019,2026-07-17T06:00:00Z,100.0,0.0,6,4,3390.0,0.0
BIN_1019,2026-07-17T06:30:00Z,100.0,0.0,6,4,3420.0,0.0
BIN_1019,2026-07-17T07:00:00Z,100.0,0.0,7,4,3450.0,0.0
BIN_1019,2026-07-17T07:30:00Z,100.0,0.0,7,4,3480.0,0.0
BIN_1019,2026-07-17T08:00:00Z,100.0,0.0,8,4,3510.0,0.0
BIN_1019,2026-07-17T08:30:00Z,100.0,0.0,8,4,3540.0,0.0
BIN_1019,2026-07-17T09:00:00Z,100.0,0.0,9,4,3570.0,0.0
BIN_1019,2026-07-17T09:30:00Z,100.0,0.0,9,4,3600.0,0.0
BIN_1019,2026-07-17T10:00:00Z,100.0,0.0,10,4,3630.0,0.0
BIN_1019,2026-07-17T10:30:00Z,100.0,0.0,10,4,3660.0,0.0
BIN_1019,2026-07-17T11:00:00Z,100.0,0.0,11,4,3690.0,0.0
BIN_1019,2026-07-17T11:30:00Z,100.0,0.0,11,4,3720.0,0.0
BIN_1019,2026-07-17T12:00:00Z,100.0,0.0,12,4,3750.0,0.0
BIN_1019,2026-07-17T12:30:00Z,100.0,0.0,12,4,3780.0,0.0
BIN_1019,2026-07-17T13:00:00Z,100.0,0.0,13,4,3810.0,0.0
BIN_1019,2026-07-17T13:30:00Z,100.0,0.0,13,4,3840.0,0.0
BIN_1019,2026-07-17T14:00:00Z,100.0,0.0,14,4,3870.0,0.0
BIN_1019,2026-07-17T14:30:00Z,100.0,0.0,14,4,3900.0,0.0
BIN_1019,2026-07-17T15:00:00Z,100.0,0.0,15,4,3930.0,0.0
BIN_1019,2026-07-17T15:30:00Z,100.0,0.0,15,4,3960.0,0.0
BIN_1019,2026-07-17T16:00:00Z,100.0,0.0,16,4,3990.0,0.0
BIN_1019,2026-07-17T16:30:00Z,100.0,0.0,16,4,4020.0,0.0
BIN_1019,2026-07-17T17:00:00Z,100.0,0.0,17,4,4050.0,0.0
BIN_1019,2026-07-17T17:30:00Z,100.0,0.0,17,4,4080.0,0.0
BIN_1019,2026-07-17T18:00:00Z,100.0,0.0,18,4,4110.0,0.0
BIN_1019,2026-07-17T18:30:00Z,100.0,0.0,18,4,4140.0,0.0
BIN_1019,2026-07-17T19:00:00Z,100.0,0.0,19,4,4170.0,0.0
BIN_1019,2026-07-17T19:30:00Z,100.0,0.0,19,4,4200.0,0.0
BIN_1019,2026-07-17T20:00:00Z,100.0,0.0,20,4,4230.0,0.0
BIN_1019,2026-07-17T20:30:00Z,100.0,0.0,20,4,4260.0,0.0
BIN_1019,2026-07-17T21:00:00Z,100.0,0.0,21,4,4290.0,0.0
BIN_1019,2026-07-17T21:30:00Z,100.0,0.0,21,4,4320.0,0.0
BIN_1019,2026-07-17T22:00:00Z,100.0,0.0,22,4,4350.0,0.0
BIN_1019,2026-07-17T22:30:00Z,100.0,0.0,22,4,4380.0,0.0
BIN_1019,2026-07-17T23:00:00Z,100.0,0.0,23,4,4410.0,0.0
BIN_1019,2026-07-17T23:30:00Z,100.0,0.0,23,4,4440.0,0.0
BIN_1019,2026-07-18T00:00:00Z,100.0,0.0,0,5,4470.0,0.0
BIN_1019,2026-07-18T00:30:00Z,100.0,0.0,0,5,4500.0,0.0
BIN_1019,2026-07-18T01:00:00Z,99.9,-0.19999999999998863,1,5,4530.0,0.0
BIN_1019,2026-07-18T01:30:00Z,100.0,0.19999999999998863,1,5,4560.0,0.0
BIN_1019,2026-07-18T02:00:00Z,100.0,0.0,2,5,4590.0,0.0
BIN_1019,2026-07-18T02:30:00Z,100.0,0.0,2,5,4620.0,0.0
BIN_1019,2026-07-18T03:00:00Z,99.9,-0.19999999999998863,3,5,4650.0,0.0
BIN_1019,2026-07-18T03:30:00Z,100.0,0.19999999999998863,3,5,4680.0,0.0
BIN_1019,2026-07-18T04:00:00Z,100.0,0.0,4,5,4710.0,0.0
BIN_1019,2026-07-18T04:30:00Z,100.0,0.0,4,5,4740.0,0.0
BIN_1019,2026-07-18T05:00:00Z,100.0,0.0,5,5,4770.0,0.0
BIN_1019,2026-07-18T05:30:00Z,6.3,-187.4,5,5,0.0,42.0
BIN_1019,2026-07-18T06:00:00Z,7.4,2.200000000000001,6,5,30.0,41.5
BIN_1019,2026-07-18T06:30:00Z,7.6,0.3999999999999986,6,5,60.0,41.0
BIN_1019,2026-07-18T07:00:00Z,9.4,3.6000000000000014,7,5,90.0,40.5
BIN_1019,2026-07-18T07:30:00Z,9.1,-0.6000000000000014,7,5,120.0,40.0
BIN_1019,2026-07-18T08:00:00Z,10.2,2.1999999999999993,8,5,150.0,39.5
BIN_1019,2026-07-18T08:30:00Z,11.9,3.400000000000002,8,5,180.0,39.0
BIN_1019,2026-07-18T09:00:00Z,12.5,1.1999999999999993,9,5,210.0,38.5
BIN_1019,2026-07-18T09:30:00Z,13.6,2.1999999999999993,9,5,240.0,38.0
BIN_1019,2026-07-18T10:00:00Z,15.4,3.6000000000000014,10,5,270.0,37.5
BIN_1019,2026-07-18T10:30:00Z,15.4,0.0,10,5,300.0,37.0
BIN_1019,2026-07-18T11:00:00Z,16.8,2.8000000000000007,11,5,330.0,36.5
BIN_1019,2026-07-18T11:30:00Z,17.5,1.3999999999999986,11,5,360.0,36.0
BIN_1019,2026-07-18T12:00:00Z,18.6,2.200000000000003,12,5,390.0,35.5
BIN_1019,2026-07-18T12:30:00Z,19.5,1.7999999999999972,12,5,420.0,35.0
BIN_1019,2026-07-18T13:00:00Z,20.7,2.3999999999999986,13,5,450.0,34.5
BIN_1019,2026-07-18T13:30:00Z,21.4,1.3999999999999986,13,5,480.0,34.0
BIN_1019,2026-07-18T14:00:00Z,22.8,2.8000000000000043,14,5,510.0,33.5
BIN_1019,2026-07-18T14:30:00Z,23.8,2.0,14,5,540.0,33.0
BIN_1019,2026-07-18T15:00:00Z,24.7,1.7999999999999972,15,5,570.0,32.5
BIN_1019,2026-07-18T15:30:00Z,25.5,1.6000000000000014,15,5,600.0,32.0
BIN_1019,2026-07-18T16:00:00Z,26.3,1.6000000000000014,16,5,630.0,31.5
BIN_1019,2026-07-18T16:30:00Z,26.9,1.1999999999999957,16,5,660.0,31.0
BIN_1019,2026-07-18T17:00:00Z,27.7,1.6000000000000014,17,5,690.0,30.5
BIN_1019,2026-07-18T17:30:00Z,28.0,0.6000000000000014,17,5,720.0,30.0
BIN_1019,2026-07-18T18:00:00Z,29.5,3.0,18,5,750.0,29.5
BIN_1019,2026-07-18T18:30:00Z,30.2,1.3999999999999986,18,5,780.0,29.0
BIN_1019,2026-07-18T19:00:00Z,30.6,0.8000000000000043,19,5,810.0,28.5
BIN_1019,2026-07-18T19:30:00Z,31.7,2.1999999999999957,19,5,840.0,28.0
BIN_1019,2026-07-18T20:00:00Z,33.6,3.8000000000000043,20,5,870.0,27.5
BIN_1019,2026-07-18T20:30:00Z,34.1,1.0,20,5,900.0,27.0
BIN_1019,2026-07-18T21:00:00Z,36.0,3.799999999999997,21,5,930.0,26.5
BIN_1019,2026-07-18T21:30:00Z,36.7,1.4000000000000057,21,5,960.0,26.0
BIN_1019,2026-07-18T22:00:00Z,38.3,3.1999999999999886,22,5,990.0,25.5
BIN_1019,2026-07-18T22:30:00Z,39.3,2.0,22,5,1020.0,25.0
BIN_1019,2026-07-18T23:00:00Z,41.1,3.6000000000000085,23,5,1050.0,24.5
BIN_1019,2026-07-18T23:30:00Z,42.3,2.3999999999999915,23,5,1080.0,24.0
BIN_1019,2026-07-19T00:00:00Z,43.9,3.200000000000003,0,6,1110.0,23.5
BIN_1019,2026-07-19T00:30:00Z,44.8,1.7999999999999972,0,6,1140.0,23.0
BIN_1019,2026-07-19T01:00:00Z,45.6,1.6000000000000085,1,6,1170.0,22.5
BIN_1019,2026-07-19T01:30:00Z,46.7,2.200000000000003,1,6,1200.0,22.0
BIN_1019,2026-07-19T02:00:00Z,47.2,1.0,2,6,1230.0,21.5
BIN_1019,2026-07-19T02:30:00Z,48.9,3.3999999999999915,2,6,1260.0,21.0
BIN_1019,2026-07-19T03:00:00Z,49.8,1.7999999999999972,3,6,1290.0,20.5
BIN_1019,2026-07-19T03:30:00Z,50.0,0.4000000000000057,3,6,1320.0,20.0
BIN_1019,2026-07-19T04:00:00Z,51.4,2.799999999999997,4,6,1350.0,19.5
BIN_1019,2026-07-19T04:30:00Z,52.7,2.6000000000000085,4,6,1380.0,19.0
BIN_1019,2026-07-19T05:00:00Z,53.2,1.0,5,6,1410.0,18.5
BIN_1019,2026-07-19T05:30:00Z,54.3,2.1999999999999886,5,6,1440.0,18.0
BIN_1019,2026-07-19T06:00:00Z,55.2,1.8000000000000114,6,6,1470.0,17.5
BIN_1019,2026-07-19T06:30:00Z,55.9,1.3999999999999915,6,6,1500.0,17.0
BIN_1019,2026-07-19T07:00:00Z,57.8,3.799999999999997,7,6,1530.0,16.5
BIN_1019,2026-07-19T07:30:00Z,59.1,2.6000000000000085,7,6,1560.0,16.0
BIN_1019,2026-07-19T08:00:00Z,59.4,0.5999999999999943,8,6,1590.0,15.5
BIN_1019,2026-07-19T08:30:00Z,60.1,1.4000000000000057,8,6,1620.0,15.0
BIN_1019,2026-07-19T09:00:00Z,61.3,2.3999999999999915,9,6,1650.0,14.5
BIN_1019,2026-07-19T09:30:00Z,61.8,1.0,9,6,1680.0,14.0
BIN_1019,2026-07-19T10:00:00Z,62.8,2.0,10,6,1710.0,13.5
BIN_1019,2026-07-19T10:30:00Z,63.2,0.8000000000000114,10,6,1740.0,13.0
BIN_1019,2026-07-19T11:00:00Z,63.7,1.0,11,6,1770.0,12.5
BIN_1019,2026-07-19T11:30:00Z,64.9,2.4000000000000057,11,6,1800.0,12.0
BIN_1019,2026-07-19T12:00:00Z,65.5,1.1999999999999886,12,6,1830.0,11.5
BIN_1019,2026-07-19T12:30:00Z,65.8,0.5999999999999943,12,6,1860.0,11.0
BIN_1019,2026-07-19T13:00:00Z,66.4,1.200000000000017,13,6,1890.0,10.5
BIN_1019,2026-07-19T13:30:00Z,66.8,0.799999999999983,13,6,1920.0,10.0
BIN_1019,2026-07-19T14:00:00Z,68.2,2.8000000000000114,14,6,1950.0,9.5
BIN_1019,2026-07-19T14:30:00Z,69.5,2.5999999999999943,14,6,1980.0,9.0
BIN_1019,2026-07-19T15:00:00Z,71.4,3.8000000000000114,15,6,2010.0,8.5
BIN_1019,2026-07-19T15:30:00Z,72.5,2.1999999999999886,15,6,2040.0,8.0
BIN_1019,2026-07-19T16:00:00Z,73.5,2.0,16,6,2070.0,7.5
BIN_1019,2026-07-19T16:30:00Z,75.1,3.1999999999999886,16,6,2100.0,7.0
BIN_1019,2026-07-19T17:00:00Z,76.1,2.0,17,6,2130.0,6.5
BIN_1019,2026-07-19T17:30:00Z,77.7,3.200000000000017,17,6,2160.0,6.0
BIN_1019,2026-07-19T18:00:00Z,78.7,2.0,18,6,2190.0,5.5
BIN_1019,2026-07-19T18:30:00Z,79.9,2.4000000000000057,18,6,2220.0,5.0
BIN_1019,2026-07-19T19:00:00Z,80.6,1.3999999999999773,19,6,2250.0,4.5
BIN_1019,2026-07-19T19:30:00Z,80.8,0.4000000000000057,19,6,2280.0,4.0
BIN_1019,2026-07-19T20:00:00Z,83.1,4.599999999999994,20,6,2310.0,3.5
BIN_1019,2026-07-19T20:30:00Z,84.5,2.8000000000000114,20,6,2340.0,3.0
BIN_1019,2026-07-19T21:00:00Z,85.9,2.8000000000000114,21,6,2370.0,2.5
BIN_1019,2026-07-19T21:30:00Z,85.8,-0.20000000000001705,21,6,2400.0,2.0
BIN_1019,2026-07-19T22:00:00Z,86.7,1.8000000000000114,22,6,2430.0,1.5
BIN_1019,2026-07-19T22:30:00Z,87.4,1.4000000000000057,22,6,2460.0,1.0
BIN_1019,2026-07-19T23:00:00Z,88.6,2.3999999999999773,23,6,2490.0,0.5
BIN_1019,2026-07-19T23:30:00Z,90.2,3.200000000000017,23,6,2520.0,0.0
BIN_1019,2026-07-20T00:00:00Z,92.3,4.199999999999989,0,0,2550.0,0.0
BIN_1019,2026-07-20T00:30:00Z,93.7,2.8000000000000114,0,0,2580.0,0.0
BIN_1019,2026-07-20T01:00:00Z,95.1,2.799999999999983,1,0,2610.0,0.0
BIN_1019,2026-07-20T01:30:00Z,96.8,3.4000000000000057,1,0,2640.0,0.0
BIN_1019,2026-07-20T02:00:00Z,97.6,1.5999999999999943,2,0,2670.0,0.0
BIN_1019,2026-07-20T02:30:00Z,97.6,0.0,2,0,2700.0,0.0
BIN_1019,2026-07-20T03:00:00Z,97.4,-0.39999999999997726,3,0,2730.0,0.0
BIN_1019,2026-07-20T03:30:00Z,99.4,4.0,3,0,2760.0,0.0
BIN_1019,2026-07-20T04:00:00Z,100.0,1.1999999999999886,4,0,2790.0,0.0
BIN_1019,2026-07-20T04:30:00Z,100.0,0.0,4,0,2820.0,0.0
BIN_1019,2026-07-20T05:00:00Z,100.0,0.0,5,0,2850.0,0.0
BIN_1019,2026-07-20T05:30:00Z,100.0,0.0,5,0,2880.0,0.0
BIN_1019,2026-07-20T06:00:00Z,100.0,0.0,6,0,2910.0,0.0
BIN_1019,2026-07-20T06:30:00Z,100.0,0.0,6,0,2940.0,0.0
BIN_1019,2026-07-20T07:00:00Z,100.0,0.0,7,0,2970.0,0.0
BIN_1019,2026-07-20T07:30:00Z,100.0,0.0,7,0,3000.0,0.0
BIN_1019,2026-07-20T08:00:00Z,100.0,0.0,8,0,3030.0,0.0
BIN_1019,2026-07-20T08:30:00Z,100.0,0.0,8,0,3060.0,0.0
BIN_1019,2026-07-20T09:00:00Z,100.0,0.0,9,0,3090.0,0.0
BIN_1019,2026-07-20T09:30:00Z,100.0,0.0,9,0,3120.0,0.0
BIN_1019,2026-07-20T10:00:00Z,100.0,0.0,10,0,3150.0,0.0
BIN_1019,2026-07-20T10:30:00Z,100.0,0.0,10,0,3180.0,0.0
BIN_1019,2026-07-20T11:00:00Z,100.0,0.0,11,0,3210.0,0.0
BIN_1019,2026-07-20T11:30:00Z,100.0,0.0,11,0,3240.0,0.0
BIN_1019,2026-07-20T12:00:00Z,100.0,0.0,12,0,3270.0,0.0
BIN_1019,2026-07-20T12:30:00Z,100.0,0.0,12,0,3300.0,0.0
BIN_1019,2026-07-20T13:00:00Z,100.0,0.0,13,0,3330.0,0.0
BIN_1019,2026-07-20T13:30:00Z,100.0,0.0,13,0,3360.0,0.0
BIN_1019,2026-07-20T14:00:00Z,100.0,0.0,14,0,3390.0,0.0
BIN_1019,2026-07-20T14:30:00Z,100.0,0.0,14,0,3420.0,0.0
BIN_1019,2026-07-20T15:00:00Z,100.0,0.0,15,0,3450.0,0.0
BIN_1019,2026-07-20T15:30:00Z,100.0,0.0,15,0,3480.0,0.0
BIN_1019,2026-07-20T16:00:00Z,100.0,0.0,16,0,3510.0,0.0
BIN_1019,2026-07-20T16:30:00Z,100.0,0.0,16,0,3540.0,0.0
BIN_1019,2026-07-20T17:00:00Z,100.0,0.0,17,0,3570.0,0.0
BIN_1019,2026-07-20T17:30:00Z,100.0,0.0,17,0,3600.0,0.0
BIN_1019,2026-07-20T18:00:00Z,100.0,0.0,18,0,3630.0,0.0
BIN_1019,2026-07-20T18:30:00Z,100.0,0.0,18,0,3660.0,0.0
BIN_1019,2026-07-20T19:00:00Z,100.0,0.0,19,0,3690.0,0.0
BIN_1019,2026-07-20T19:30:00Z,100.0,0.0,19,0,3720.0,0.0
BIN_1019,2026-07-20T20:00:00Z,100.0,0.0,20,0,3750.0,0.0
BIN_1019,2026-07-20T20:30:00Z,100.0,0.0,20,0,3780.0,0.0
BIN_1019,2026-07-20T21:00:00Z,100.0,0.0,21,0,3810.0,0.0
BIN_1019,2026-07-20T21:30:00Z,100.0,0.0,21,0,3840.0,0.0
BIN_1019,2026-07-20T22:00:00Z,100.0,0.0,22,0,3870.0,0.0
BIN_1021,2026-07-14T00:00:00Z,16.1,0.0,0,1,0.0,32.0
BIN_1021,2026-07-14T00:30:00Z,16.4,0.5999999999999943,0,1,30.0,31.5
BIN_1021,2026-07-14T01:00:00Z,17.0,1.2000000000000028,1,1,60.0,31.0
BIN_1021,2026-07-14T01:30:00Z,18.0,2.0,1,1,90.0,30.5
BIN_1021,2026-07-14T02:00:00Z,19.0,2.0,2,1,120.0,30.0
BIN_1021,2026-07-14T02:30:00Z,18.9,-0.20000000000000284,2,1,150.0,29.5
BIN_1021,2026-07-14T03:00:00Z,19.7,1.6000000000000014,3,1,180.0,29.0
BIN_1021,2026-07-14T03:30:00Z,21.6,3.8000000000000043,3,1,210.0,28.5
BIN_1021,2026-07-14T04:00:00Z,21.9,0.5999999999999943,4,1,240.0,28.0
BIN_1021,2026-07-14T04:30:00Z,22.7,1.6000000000000014,4,1,270.0,27.5
BIN_1021,2026-07-14T05:00:00Z,23.8,2.200000000000003,5,1,300.0,27.0
BIN_1021,2026-07-14T05:30:00Z,24.7,1.7999999999999972,5,1,330.0,26.5
BIN_1021,2026-07-14T06:00:00Z,26.4,3.3999999999999986,6,1,360.0,26.0
BIN_1021,2026-07-14T06:30:00Z,27.3,1.8000000000000043,6,1,390.0,25.5
BIN_1021,2026-07-14T07:00:00Z,28.1,1.6000000000000014,7,1,420.0,25.0
BIN_1021,2026-07-14T07:30:00Z,29.0,1.7999999999999972,7,1,450.0,24.5
BIN_1021,2026-07-14T08:00:00Z,30.7,3.3999999999999986,8,1,480.0,24.0
BIN_1021,2026-07-14T08:30:00Z,31.6,1.8000000000000043,8,1,510.0,23.5
BIN_1021,2026-07-14T09:00:00Z,31.8,0.3999999999999986,9,1,540.0,23.0
BIN_1021,2026-07-14T09:30:00Z,32.7,1.8000000000000043,9,1,570.0,22.5
BIN_1021,2026-07-14T10:00:00Z,34.8,4.199999999999989,10,1,600.0,22.0
BIN_1021,2026-07-14T10:30:00Z,35.7,1.8000000000000114,10,1,630.0,21.5
BIN_1021,2026-07-14T11:00:00Z,37.4,3.3999999999999915,11,1,660.0,21.0
BIN_1021,2026-07-14T11:30:00Z,39.4,4.0,11,1,690.0,20.5
BIN_1021,2026-07-14T12:00:00Z,40.2,1.6000000000000085,12,1,720.0,20.0
BIN_1021,2026-07-14T12:30:00Z,42.3,4.199999999999989,12,1,750.0,19.5
BIN_1021,2026-07-14T13:00:00Z,44.5,4.400000000000006,13,1,780.0,19.0
BIN_1021,2026-07-14T13:30:00Z,45.3,1.5999999999999943,13,1,810.0,18.5
BIN_1021,2026-07-14T14:00:00Z,47.6,4.6000000000000085,14,1,840.0,18.0
BIN_1021,2026-07-14T14:30:00Z,49.6,4.0,14,1,870.0,17.5
BIN_1021,2026-07-14T15:00:00Z,50.5,1.7999999999999972,15,1,900.0,17.0
BIN_1021,2026-07-14T15:30:00Z,52.1,3.200000000000003,15,1,930.0,16.5
BIN_1021,2026-07-14T16:00:00Z,53.4,2.5999999999999943,16,1,960.0,16.0
BIN_1021,2026-07-14T16:30:00Z,54.8,2.799999999999997,16,1,990.0,15.5
BIN_1021,2026-07-14T17:00:00Z,55.2,0.8000000000000114,17,1,1020.0,15.0
BIN_1021,2026-07-14T17:30:00Z,56.9,3.3999999999999915,17,1,1050.0,14.5
BIN_1021,2026-07-14T18:00:00Z,58.9,4.0,18,1,1080.0,14.0
BIN_1021,2026-07-14T18:30:00Z,60.0,2.200000000000003,18,1,1110.0,13.5
BIN_1021,2026-07-14T19:00:00Z,62.1,4.200000000000003,19,1,1140.0,13.0
BIN_1021,2026-07-14T19:30:00Z,63.5,2.799999999999997,19,1,1170.0,12.5
BIN_1021,2026-07-14T20:00:00Z,65.0,3.0,20,1,1200.0,12.0
BIN_1021,2026-07-14T20:30:00Z,65.8,1.5999999999999943,20,1,1230.0,11.5
BIN_1021,2026-07-14T21:00:00Z,67.0,2.4000000000000057,21,1,1260.0,11.0
BIN_1021,2026-07-14T21:30:00Z,69.1,4.199999999999989,21,1,1290.0,10.5
BIN_1021,2026-07-14T22:00:00Z,70.5,2.8000000000000114,22,1,1320.0,10.0
BIN_1021,2026-07-14T22:30:00Z,71.4,1.8000000000000114,22,1,1350.0,9.5
BIN_1021,2026-07-14T23:00:00Z,72.7,2.5999999999999943,23,1,1380.0,9.0
BIN_1021,2026-07-14T23:30:00Z,74.1,2.799999999999983,23,1,1410.0,8.5
BIN_1021,2026-07-15T00:00:00Z,75.2,2.200000000000017,0,2,1440.0,8.0
BIN_1021,2026-07-15T00:30:00Z,76.6,2.799999999999983,0,2,1470.0,7.5
BIN_1021,2026-07-15T01:00:00Z,77.9,2.6000000000000227,1,2,1500.0,7.0
BIN_1021,2026-07-15T01:30:00Z,79.6,3.3999999999999773,1,2,1530.0,6.5
BIN_1021,2026-07-15T02:00:00Z,80.0,0.8000000000000114,2,2,1560.0,6.0
BIN_1021,2026-07-15T02:30:00Z,80.8,1.5999999999999943,2,2,1590.0,5.5
BIN_1021,2026-07-15T03:00:00Z,82.1,2.5999999999999943,3,2,1620.0,5.0
BIN_1021,2026-07-15T03:30:00Z,82.2,0.20000000000001705,3,2,1650.0,4.5
BIN_1021,2026-07-15T04:00:00Z,81.7,-1.0,4,2,1680.0,4.0
BIN_1021,2026-07-15T04:30:00Z,81.7,0.0,4,2,1710.0,3.5
BIN_1021,2026-07-15T05:00:00Z,82.7,2.0,5,2,1740.0,3.0
BIN_1021,2026-07-15T05:30:00Z,84.3,3.1999999999999886,5,2,1770.0,2.5
BIN_1021,2026-07-15T06:00:00Z,86.1,3.5999999999999943,6,2,1800.0,2.0
BIN_1021,2026-07-15T06:30:00Z,88.5,4.800000000000011,6,2,1830.0,1.5
BIN_1021,2026-07-15T07:00:00Z,89.8,2.5999999999999943,7,2,1860.0,1.0
BIN_1021,2026-07-15T07:30:00Z,89.5,-0.5999999999999943,7,2,1890.0,0.5
BIN_1021,2026-07-15T08:00:00Z,90.1,1.1999999999999886,8,2,1920.0,0.0
BIN_1021,2026-07-15T08:30:00Z,91.7,3.200000000000017,8,2,1950.0,0.0
BIN_1021,2026-07-15T09:00:00Z,93.1,2.799999999999983,9,2,1980.0,0.0
BIN_1021,2026-07-15T09:30:00Z,93.5,0.8000000000000114,9,2,2010.0,0.0
BIN_1021,2026-07-15T10:00:00Z,95.0,3.0,10,2,2040.0,0.0
BIN_1021,2026-07-15T10:30:00Z,97.5,5.0,10,2,2070.0,0.0
BIN_1021,2026-07-15T11:00:00Z,99.4,3.8000000000000114,11,2,2100.0,0.0
BIN_1021,2026-07-15T11:30:00Z,100.0,1.1999999999999886,11,2,2130.0,0.0
BIN_1021,2026-07-15T12:00:00Z,100.0,0.0,12,2,2160.0,0.0
BIN_1021,2026-07-15T12:30:00Z,100.0,0.0,12,2,2190.0,0.0
BIN_1021,2026-07-15T13:00:00Z,100.0,0.0,13,2,2220.0,0.0
BIN_1021,2026-07-15T13:30:00Z,100.0,0.0,13,2,2250.0,0.0
BIN_1021,2026-07-15T14:00:00Z,100.0,0.0,14,2,2280.0,0.0
BIN_1021,2026-07-15T14:30:00Z,100.0,0.0,14,2,2310.0,0.0
BIN_1021,2026-07-15T15:00:00Z,100.0,0.0,15,2,2340.0,0.0
BIN_1021,2026-07-15T15:30:00Z,100.0,0.0,15,2,2370.0,0.0
BIN_1021,2026-07-15T16:00:00Z,100.0,0.0,16,2,2400.0,0.0
BIN_1021,2026-07-15T16:30:00Z,100.0,0.0,16,2,2430.0,0.0
BIN_1021,2026-07-15T17:00:00Z,100.0,0.0,17,2,2460.0,0.0
BIN_1021,2026-07-15T17:30:00Z,100.0,0.0,17,2,2490.0,0.0
BIN_1021,2026-07-15T18:00:00Z,100.0,0.0,18,2,2520.0,0.0
BIN_1021,2026-07-15T18:30:00Z,100.0,0.0,18,2,2550.0,0.0
BIN_1021,2026-07-15T19:00:00Z,100.0,0.0,19,2,2580.0,0.0
BIN_1021,2026-07-15T19:30:00Z,100.0,0.0,19,2,2610.0,0.0
BIN_1021,2026-07-15T20:00:00Z,100.0,0.0,20,2,2640.0,0.0
BIN_1021,2026-07-15T20:30:00Z,100.0,0.0,20,2,2670.0,0.0
BIN_1021,2026-07-15T21:00:00Z,100.0,0.0,21,2,2700.0,0.0
BIN_1021,2026-07-15T21:30:00Z,100.0,0.0,21,2,2730.0,0.0
BIN_1021,2026-07-15T22:00:00Z,100.0,0.0,22,2,2760.0,0.0
BIN_1021,2026-07-15T22:30:00Z,100.0,0.0,22,2,2790.0,0.0
BIN_1021,2026-07-15T23:00:00Z,100.0,0.0,23,2,2820.0,0.0
BIN_1021,2026-07-15T23:30:00Z,100.0,0.0,23,2,2850.0,0.0
BIN_1021,2026-07-16T00:00:00Z,100.0,0.0,0,3,2880.0,0.0
BIN_1021,2026-07-16T00:30:00Z,100.0,0.0,0,3,2910.0,0.0
BIN_1021,2026-07-16T01:00:00Z,100.0,0.0,1,3,2940.0,0.0
BIN_1021,2026-07-16T01:30:00Z,100.0,0.0,1,3,2970.0,0.0
BIN_1021,2026-07-16T02:00:00Z,100.0,0.0,2,3,3000.0,0.0
BIN_1021,2026-07-16T02:30:00Z,100.0,0.0,2,3,3030.0,0.0
BIN_1021,2026-07-16T03:00:00Z,100.0,0.0,3,3,3060.0,0.0
BIN_1021,2026-07-16T03:30:00Z,100.0,0.0,3,3,3090.0,0.0
BIN_1021,2026-07-16T04:00:00Z,100.0,0.0,4,3,3120.0,0.0
BIN_1021,2026-07-16T04:30:00Z,100.0,0.0,4,3,3150.0,0.0
BIN_1021,2026-07-16T05:00:00Z,100.0,0.0,5,3,3180.0,0.0
BIN_1021,2026-07-16T05:30:00Z,100.0,0.0,5,3,3210.0,0.0
BIN_1021,2026-07-16T06:00:00Z,6.3,-187.4,6,3,0.0,94.0
BIN_1021,2026-07-16T06:30:00Z,6.9,1.200000000000001,6,3,30.0,93.5
BIN_1021,2026-07-16T07:00:00Z,8.0,2.1999999999999993,7,3,60.0,93.0
BIN_1021,2026-07-16T07:30:00Z,9.8,3.6000000000000014,7,3,90.0,92.5
BIN_1021,2026-07-16T08:00:00Z,10.9,2.1999999999999993,8,3,120.0,92.0
BIN_1021,2026-07-16T08:30:00Z,11.8,1.8000000000000007,8,3,150.0,91.5
BIN_1021,2026-07-16T09:00:00Z,13.1,2.599999999999998,9,3,180.0,91.0
BIN_1021,2026-07-16T09:30:00Z,14.7,3.1999999999999993,9,3,210.0,90.5
BIN_1021,2026-07-16T10:00:00Z,16.4,3.3999999999999986,10,3,240.0,90.0
BIN_1021,2026-07-16T10:30:00Z,17.6,2.4000000000000057,10,3,270.0,89.5
BIN_1021,2026-07-16T11:00:00Z,19.0,2.799999999999997,11,3,300.0,89.0
BIN_1021,2026-07-16T11:30:00Z,19.9,1.7999999999999972,11,3,330.0,88.5
BIN_1021,2026-07-16T12:00:00Z,21.2,2.6000000000000014,12,3,360.0,88.0
BIN_1021,2026-07-16T12:30:00Z,21.9,1.3999999999999986,12,3,390.0,87.5
BIN_1021,2026-07-16T13:00:00Z,22.7,1.6000000000000014,13,3,420.0,87.0
BIN_1021,2026-07-16T13:30:00Z,23.0,0.6000000000000014,13,3,450.0,86.5
BIN_1021,2026-07-16T14:00:00Z,23.6,1.2000000000000028,14,3,480.0,86.0
BIN_1021,2026-07-16T14:30:00Z,24.8,2.3999999999999986,14,3,510.0,85.5
BIN_1021,2026-07-16T15:00:00Z,26.0,2.3999999999999986,15,3,540.0,85.0
BIN_1021,2026-07-16T15:30:00Z,26.9,1.7999999999999972,15,3,570.0,84.5
BIN_1021,2026-07-16T16:00:00Z,28.2,2.6000000000000014,16,3,600.0,84.0
BIN_1021,2026-07-16T16:30:00Z,29.6,2.8000000000000043,16,3,630.0,83.5
BIN_1021,2026-07-16T17:00:00Z,31.3,3.3999999999999986,17,3,660.0,83.0
BIN_1021,2026-07-16T17:30:00Z,33.4,4.199999999999996,17,3,690.0,82.5
BIN_1021,2026-07-16T18:00:00Z,34.5,2.200000000000003,18,3,720.0,82.0
BIN_1021,2026-07-16T18:30:00Z,36.4,3.799999999999997,18,3,750.0,81.5
BIN_1021,2026-07-16T19:00:00Z,37.1,1.4000000000000057,19,3,780.0,81.0
BIN_1021,2026-07-16T19:30:00Z,39.0,3.799999999999997,19,3,810.0,80.5
BIN_1021,2026-07-16T20:00:00Z,41.3,4.599999999999994,20,3,840.0,80.0
BIN_1021,2026-07-16T20:30:00Z,42.3,2.0,20,3,870.0,79.5
BIN_1021,2026-07-16T21:00:00Z,44.7,4.800000000000011,21,3,900.0,79.0
BIN_1021,2026-07-16T21:30:00Z,46.7,4.0,21,3,930.0,78.5
BIN_1021,2026-07-16T22:00:00Z,48.9,4.3999999999999915,22,3,960.0,78.0
BIN_1021,2026-07-16T22:30:00Z,50.4,3.0,22,3,990.0,77.5
BIN_1021,2026-07-16T23:00:00Z,52.3,3.799999999999997,23,3,1020.0,77.0
BIN_1021,2026-07-16T23:30:00Z,54.0,3.4000000000000057,23,3,1050.0,76.5
BIN_1021,2026-07-17T00:00:00Z,55.1,2.200000000000003,0,4,1080.0,76.0
BIN_1021,2026-07-17T00:30:00Z,56.2,2.200000000000003,0,4,1110.0,75.5
BIN_1021,2026-07-17T01:00:00Z,58.0,3.5999999999999943,1,4,1140.0,75.0
BIN_1021,2026-07-17T01:30:00Z,0.8,-114.4,1,4,0.0,74.5
BIN_1021,2026-07-17T02:00:00Z,3.6,5.6,2,4,30.0,74.0
BIN_1021,2026-07-17T02:30:00Z,5.0,2.8,2,4,60.0,73.5
BIN_1021,2026-07-17T03:00:00Z,6.1,2.1999999999999993,3,4,90.0,73.0
BIN_1021,2026-07-17T03:30:00Z,6.7,1.200000000000001,3,4,120.0,72.5
BIN_1021,2026-07-17T04:00:00Z,8.0,2.5999999999999996,4,4,150.0,72.0
BIN_1021,2026-07-17T04:30:00Z,9.6,3.1999999999999993,4,4,180.0,71.5
BIN_1021,2026-07-17T05:00:00Z,10.8,2.400000000000002,5,4,210.0,71.0
BIN_1021,2026-07-17T05:30:00Z,12.7,3.799999999999997,5,4,240.0,70.5
BIN_1021,2026-07-17T06:00:00Z,14.2,3.0,6,4,270.0,70.0
BIN_1021,2026-07-17T06:30:00Z,16.1,3.8000000000000043,6,4,300.0,69.5
BIN_1021,2026-07-17T07:00:00Z,16.6,1.0,7,4,330.0,69.0
BIN_1021,2026-07-17T07:30:00Z,17.4,1.5999999999999943,7,4,360.0,68.5
BIN_1021,2026-07-17T08:00:00Z,18.0,1.2000000000000028,8,4,390.0,68.0
BIN_1021,2026-07-17T08:30:00Z,20.2,4.399999999999999,8,4,420.0,67.5
BIN_1021,2026-07-17T09:00:00Z,21.3,2.200000000000003,9,4,450.0,67.0
BIN_1021,2026-07-17T09:30:00Z,20.8,-1.0,9,4,480.0,66.5
BIN_1021,2026-07-17T10:00:00Z,21.0,0.3999999999999986,10,4,510.0,66.0
BIN_1021,2026-07-17T10:30:00Z,21.6,1.2000000000000028,10,4,540.0,65.5
BIN_1021,2026-07-17T11:00:00Z,23.0,2.799999999999997,11,4,570.0,65.0
BIN_1021,2026-07-17T11:30:00Z,24.8,3.6000000000000014,11,4,600.0,64.5
BIN_1021,2026-07-17T12:00:00Z,25.7,1.7999999999999972,12,4,630.0,64.0
BIN_1021,2026-07-17T12:30:00Z,27.3,3.200000000000003,12,4,660.0,63.5
BIN_1021,2026-07-17T13:00:00Z,28.1,1.6000000000000014,13,4,690.0,63.0
BIN_1021,2026-07-17T13:30:00Z,29.6,3.0,13,4,720.0,62.5
BIN_1021,2026-07-17T14:00:00Z,30.7,2.1999999999999957,14,4,750.0,62.0
BIN_1021,2026-07-17T14:30:00Z,32.3,3.1999999999999957,14,4,780.0,61.5
BIN_1021,2026-07-17T15:00:00Z,33.9,3.200000000000003,15,4,810.0,61.0
BIN_1021,2026-07-17T15:30:00Z,34.9,2.0,15,4,840.0,60.5
BIN_1021,2026-07-17T16:00:00Z,35.8,1.7999999999999972,16,4,870.0,60.0
BIN_1021,2026-07-17T16:30:00Z,36.7,1.8000000000000114,16,4,900.0,59.5
BIN_1021,2026-07-17T17:00:00Z,38.8,4.199999999999989,17,4,930.0,59.0
BIN_1021,2026-07-17T17:30:00Z,41.5,5.400000000000006,17,4,960.0,58.5
BIN_1021,2026-07-17T18:00:00Z,43.0,3.0,18,4,990.0,58.0
BIN_1021,2026-07-17T18:30:00Z,44.2,2.4000000000000057,18,4,1020.0,57.5
BIN_1021,2026-07-17T19:00:00Z,46.3,4.199999999999989,19,4,1050.0,57.0
BIN_1021,2026-07-17T19:30:00Z,47.9,3.200000000000003,19,4,1080.0,56.5
BIN_1021,2026-07-17T20:00:00Z,50.2,4.6000000000000085,20,4,1110.0,56.0
BIN_1021,2026-07-17T20:30:00Z,52.8,5.199999999999989,20,4,1140.0,55.5
BIN_1021,2026-07-17T21:00:00Z,54.0,2.4000000000000057,21,4,1170.0,55.0
BIN_1021,2026-07-17T21:30:00Z,54.9,1.7999999999999972,21,4,1200.0,54.5
BIN_1021,2026-07-17T22:00:00Z,56.4,3.0,22,4,1230.0,54.0
BIN_1021,2026-07-17T22:30:00Z,57.9,3.0,22,4,1260.0,53.5
BIN_1021,2026-07-17T23:00:00Z,59.5,3.200000000000003,23,4,1290.0,53.0
BIN_1021,2026-07-17T23:30:00Z,60.7,2.4000000000000057,23,4,1320.0,52.5
BIN_1021,2026-07-18T00:00:00Z,61.4,1.3999999999999915,0,5,1350.0,52.0
BIN_1021,2026-07-18T00:30:00Z,62.4,2.0,0,5,1380.0,51.5
BIN_1021,2026-07-18T01:00:00Z,63.6,2.4000000000000057,1,5,1410.0,51.0
BIN_1021,2026-07-18T01:30:00Z,65.4,3.6000000000000085,1,5,1440.0,50.5
BIN_1021,2026-07-18T02:00:00Z,66.1,1.3999999999999773,2,5,1470.0,50.0
BIN_1021,2026-07-18T02:30:00Z,67.5,2.8000000000000114,2,5,1500.0,49.5
BIN_1021,2026-07-18T03:00:00Z,68.2,1.4000000000000057,3,5,1530.0,49.0
BIN_1021,2026-07-18T03:30:00Z,68.5,0.5999999999999943,3,5,1560.0,48.5
BIN_1021,2026-07-18T04:00:00Z,69.7,2.4000000000000057,4,5,1590.0,48.0
BIN_1021,2026-07-18T04:30:00Z,70.3,1.1999999999999886,4,5,1620.0,47.5
BIN_1021,2026-07-18T05:00:00Z,72.4,4.200000000000017,5,5,1650.0,47.0
BIN_1021,2026-07-18T05:30:00Z,73.1,1.3999999999999773,5,5,1680.0,46.5
BIN_1021,2026-07-18T06:00:00Z,74.6,3.0,6,5,1710.0,46.0
BIN_1021,2026-07-18T06:30:00Z,75.7,2.200000000000017,6,5,1740.0,45.5
BIN_1021,2026-07-18T07:00:00Z,76.7,2.0,7,5,1770.0,45.0
BIN_1021,2026-07-18T07:30:00Z,78.0,2.5999999999999943,7,5,1800.0,44.5
BIN_1021,2026-07-18T08:00:00Z,79.1,2.1999999999999886,8,5,1830.0,44.0
BIN_1021,2026-07-18T08:30:00Z,0.7,-156.79999999999998,8,5,0.0,43.5
BIN_1021,2026-07-18T09:00:00Z,1.5,1.6,9,5,30.0,43.0
BIN_1021,2026-07-18T09:30:00Z,1.8,0.6000000000000001,9,5,60.0,42.5
BIN_1021,2026-07-18T10:00:00Z,5.5,7.4,10,5,0.0,42.0
BIN_1021,2026-07-18T10:30:00Z,6.0,1.0,10,5,30.0,41.5
BIN_1021,2026-07-18T11:00:00Z,7.5,3.0,11,5,60.0,41.0
BIN_1021,2026-07-18T11:30:00Z,9.5,4.0,11,5,90.0,40.5
BIN_1021,2026-07-18T12:00:00Z,10.7,2.3999999999999986,12,5,120.0,40.0
BIN_1021,2026-07-18T12:30:00Z,10.6,-0.1999999999999993,12,5,150.0,39.5
BIN_1021,2026-07-18T13:00:00Z,11.7,2.1999999999999993,13,5,180.0,39.0
BIN_1021,2026-07-18T13:30:00Z,13.0,2.6000000000000014,13,5,210.0,38.5
BIN_1021,2026-07-18T14:00:00Z,14.5,3.0,14,5,240.0,38.0
BIN_1021,2026-07-18T14:30:00Z,16.3,3.6000000000000014,14,5,270.0,37.5
BIN_1021,2026-07-18T15:00:00Z,17.7,2.799999999999997,15,5,300.0,37.0
BIN_1021,2026-07-18T15:30:00Z,20.0,4.600000000000001,15,5,330.0,36.5
BIN_1021,2026-07-18T16:00:00Z,1.9,-36.2,16,5,0.0,36.0
BIN_1021,2026-07-18T16:30:00Z,3.2,2.6000000000000005,16,5,30.0,35.5
BIN_1021,2026-07-18T17:00:00Z,4.2,2.0,17,5,60.0,35.0
BIN_1021,2026-07-18T17:30:00Z,6.7,5.0,17,5,90.0,34.5
BIN_1021,2026-07-18T18:00:00Z,7.4,1.4000000000000004,18,5,120.0,34.0
BIN_1021,2026-07-18T18:30:00Z,8.0,1.1999999999999993,18,5,150.0,33.5
BIN_1021,2026-07-18T19:00:00Z,9.1,2.1999999999999993,19,5,180.0,33.0
BIN_1021,2026-07-18T19:30:00Z,10.4,2.6000000000000014,19,5,210.0,32.5
BIN_1021,2026-07-18T20:00:00Z,11.8,2.8000000000000007,20,5,240.0,32.0
BIN_1021,2026-07-18T20:30:00Z,12.9,2.1999999999999993,20,5,270.0,31.5
BIN_1021,2026-07-18T21:00:00Z,15.0,4.199999999999999,21,5,300.0,31.0
BIN_1021,2026-07-18T21:30:00Z,16.3,2.6000000000000014,21,5,330.0,30.5
BIN_1021,2026-07-18T22:00:00Z,17.6,2.6000000000000014,22,5,360.0,30.0
BIN_1021,2026-07-18T22:30:00Z,18.2,1.1999999999999957,22,5,390.0,29.5
BIN_1021,2026-07-18T23:00:00Z,19.3,2.200000000000003,23,5,420.0,29.0
BIN_1021,2026-07-18T23:30:00Z,20.1,1.6000000000000014,23,5,450.0,28.5
BIN_1021,2026-07-19T00:00:00Z,21.8,3.3999999999999986,0,6,480.0,28.0
BIN_1021,2026-07-19T00:30:00Z,23.3,3.0,0,6,510.0,27.5
BIN_1021,2026-07-19T01:00:00Z,24.4,2.1999999999999957,1,6,540.0,27.0
BIN_1021,2026-07-19T01:30:00Z,24.8,0.8000000000000043,1,6,570.0,26.5
BIN_1021,2026-07-19T02:00:00Z,26.8,4.0,2,6,600.0,26.0
BIN_1021,2026-07-19T02:30:00Z,28.1,2.6000000000000014,2,6,630.0,25.5
BIN_1021,2026-07-19T03:00:00Z,29.2,2.1999999999999957,3,6,660.0,25.0
BIN_1021,2026-07-19T03:30:00Z,30.9,3.3999999999999986,3,6,690.0,24.5
BIN_1021,2026-07-19T04:00:00Z,32.2,2.6000000000000085,4,6,720.0,24.0
BIN_1021,2026-07-19T04:30:00Z,33.6,2.799999999999997,4,6,750.0,23.5
BIN_1021,2026-07-19T05:00:00Z,35.2,3.200000000000003,5,6,780.0,23.0
BIN_1021,2026-07-19T05:30:00Z,36.0,1.5999999999999943,5,6,810.0,22.5
BIN_1021,2026-07-19T06:00:00Z,36.9,1.7999999999999972,6,6,840.0,22.0
BIN_1021,2026-07-19T06:30:00Z,37.4,1.0,6,6,870.0,21.5
BIN_1021,2026-07-19T07:00:00Z,39.3,3.799999999999997,7,6,900.0,21.0
BIN_1021,2026-07-19T07:30:00Z,40.6,2.6000000000000085,7,6,930.0,20.5
BIN_1021,2026-07-19T08:00:00Z,42.3,3.3999999999999915,8,6,960.0,20.0
BIN_1021,2026-07-19T08:30:00Z,43.0,1.4000000000000057,8,6,990.0,19.5
BIN_1021,2026-07-19T09:00:00Z,44.0,2.0,9,6,1020.0,19.0
BIN_1021,2026-07-19T09:30:00Z,45.5,3.0,9,6,1050.0,18.5
BIN_1021,2026-07-19T10:00:00Z,46.7,2.4000000000000057,10,6,1080.0,18.0
BIN_1021,2026-07-19T10:30:00Z,48.7,4.0,10,6,1110.0,17.5
BIN_1021,2026-07-19T11:00:00Z,49.3,1.1999999999999886,11,6,1140.0,17.0
BIN_1021,2026-07-19T11:30:00Z,48.6,-1.3999999999999915,11,6,1170.0,16.5
BIN_1021,2026-07-19T12:00:00Z,49.6,2.0,12,6,1200.0,16.0
BIN_1021,2026-07-19T12:30:00Z,51.2,3.200000000000003,12,6,1230.0,15.5
BIN_1021,2026-07-19T13:00:00Z,52.2,2.0,13,6,1260.0,15.0
BIN_1021,2026-07-19T13:30:00Z,52.7,1.0,13,6,1290.0,14.5
BIN_1021,2026-07-19T14:00:00Z,53.6,1.7999999999999972,14,6,1320.0,14.0
BIN_1021,2026-07-19T14:30:00Z,55.0,2.799999999999997,14,6,1350.0,13.5
BIN_1021,2026-07-19T15:00:00Z,56.8,3.5999999999999943,15,6,1380.0,13.0
BIN_1021,2026-07-19T15:30:00Z,57.8,2.0,15,6,1410.0,12.5
BIN_1021,2026-07-19T16:00:00Z,59.1,2.6000000000000085,16,6,1440.0,12.0
BIN_1021,2026-07-19T16:30:00Z,60.4,2.5999999999999943,16,6,1470.0,11.5
BIN_1021,2026-07-19T17:00:00Z,61.7,2.6000000000000085,17,6,1500.0,11.0
BIN_1021,2026-07-19T17:30:00Z,63.0,2.5999999999999943,17,6,1530.0,10.5
BIN_1021,2026-07-19T18:00:00Z,63.0,0.0,18,6,1560.0,10.0
BIN_1021,2026-07-19T18:30:00Z,64.5,3.0,18,6,1590.0,9.5
BIN_1021,2026-07-19T19:00:00Z,66.8,4.599999999999994,19,6,1620.0,9.0
BIN_1021,2026-07-19T19:30:00Z,67.2,0.8000000000000114,19,6,1650.0,8.5
BIN_1021,2026-07-19T20:00:00Z,68.1,1.799999999999983,20,6,1680.0,8.0
BIN_1021,2026-07-19T20:30:00Z,69.9,3.6000000000000227,20,6,1710.0,7.5
BIN_1021,2026-07-19T21:00:00Z,70.7,1.5999999999999943,21,6,1740.0,7.0
BIN_1021,2026-07-19T21:30:00Z,73.5,5.599999999999994,21,6,1770.0,6.5
BIN_1021,2026-07-19T22:00:00Z,75.2,3.4000000000000057,22,6,1800.0,6.0
BIN_1021,2026-07-19T22:30:00Z,76.1,1.799999999999983,22,6,1830.0,5.5
BIN_1021,2026-07-19T23:00:00Z,77.2,2.200000000000017,23,6,1860.0,5.0
BIN_1021,2026-07-19T23:30:00Z,78.6,2.799999999999983,23,6,1890.0,4.5
BIN_1021,2026-07-20T00:00:00Z,81.0,4.800000000000011,0,0,1920.0,4.0
BIN_1021,2026-07-20T00:30:00Z,82.0,2.0,0,0,1950.0,3.5
BIN_1021,2026-07-20T01:00:00Z,83.1,2.1999999999999886,1,0,1980.0,3.0
BIN_1021,2026-07-20T01:30:00Z,84.7,3.200000000000017,1,0,2010.0,2.5
BIN_1021,2026-07-20T02:00:00Z,85.2,1.0,2,0,2040.0,2.0
BIN_1021,2026-07-20T02:30:00Z,87.0,3.5999999999999943,2,0,2070.0,1.5
BIN_1021,2026-07-20T03:00:00Z,87.3,0.5999999999999943,3,0,2100.0,1.0
BIN_1021,2026-07-20T03:30:00Z,89.2,3.8000000000000114,3,0,2130.0,0.5
BIN_1021,2026-07-20T04:00:00Z,90.2,2.0,4,0,2160.0,0.0
BIN_1021,2026-07-20T04:30:00Z,91.2,2.0,4,0,2190.0,0.0
BIN_1021,2026-07-20T05:00:00Z,92.3,2.1999999999999886,5,0,2220.0,0.0
BIN_1021,2026-07-20T05:30:00Z,93.2,1.8000000000000114,5,0,2250.0,0.0
BIN_1021,2026-07-20T06:00:00Z,94.1,1.799999999999983,6,0,2280.0,0.0
BIN_1021,2026-07-20T06:30:00Z,96.7,5.200000000000017,6,0,2310.0,0.0
BIN_1021,2026-07-20T07:00:00Z,98.6,3.799999999999983,7,0,2340.0,0.0
BIN_1021,2026-07-20T07:30:00Z,99.6,2.0,7,0,2370.0,0.0
BIN_1021,2026-07-20T08:00:00Z,100.0,0.8000000000000114,8,0,2400.0,0.0
BIN_1021,2026-07-20T08:30:00Z,100.0,0.0,8,0,2430.0,0.0
BIN_1021,2026-07-20T09:00:00Z,100.0,0.0,9,0,2460.0,0.0
BIN_1021,2026-07-20T09:30:00Z,100.0,0.0,9,0,2490.0,0.0
BIN_1021,2026-07-20T10:00:00Z,100.0,0.0,10,0,2520.0,0.0
BIN_1021,2026-07-20T10:30:00Z,100.0,0.0,10,0,2550.0,0.0
BIN_1021,2026-07-20T11:00:00Z,100.0,0.0,11,0,2580.0,0.0
BIN_1021,2026-07-20T11:30:00Z,100.0,0.0,11,0,2610.0,0.0
BIN_1021,2026-07-20T12:00:00Z,100.0,0.0,12,0,2640.0,0.0
BIN_1021,2026-07-20T12:30:00Z,100.0,0.0,12,0,2670.0,0.0
BIN_1021,2026-07-20T13:00:00Z,100.0,0.0,13,0,2700.0,0.0
BIN_1021,2026-07-20T13:30:00Z,100.0,0.0,13,0,2730.0,0.0
BIN_1021,2026-07-20T14:00:00Z,100.0,0.0,14,0,2760.0,0.0
BIN_1021,2026-07-20T14:30:00Z,100.0,0.0,14,0,2790.0,0.0
BIN_1021,2026-07-20T15:00:00Z,100.0,0.0,15,0,2820.0,0.0
BIN_1021,2026-07-20T15:30:00Z,100.0,0.0,15,0,2850.0,0.0
BIN_1021,2026-07-20T16:00:00Z,100.0,0.0,16,0,2880.0,0.0
BIN_1021,2026-07-20T16:30:00Z,100.0,0.0,16,0,2910.0,0.0
BIN_1021,2026-07-20T17:00:00Z,100.0,0.0,17,0,2940.0,0.0
BIN_1021,2026-07-20T17:30:00Z,100.0,0.0,17,0,2970.0,0.0
BIN_1021,2026-07-20T18:00:00Z,100.0,0.0,18,0,3000.0,0.0
BIN_1021,2026-07-20T18:30:00Z,100.0,0.0,18,0,3030.0,0.0
BIN_1021,2026-07-20T19:00:00Z,100.0,0.0,19,0,3060.0,0.0
BIN_1021,2026-07-20T19:30:00Z,100.0,0.0,19,0,3090.0,0.0
BIN_1021,2026-07-20T20:00:00Z,100.0,0.0,20,0,3120.0,0.0
BIN_1021,2026-07-20T20:30:00Z,100.0,0.0,20,0,3150.0,0.0
BIN_1021,2026-07-20T21:00:00Z,100.0,0.0,21,0,3180.0,0.0
BIN_1021,2026-07-20T21:30:00Z,100.0,0.0,21,0,3210.0,0.0
BIN_1021,2026-07-20T22:00:00Z,99.6,-0.8000000000000114,22,0,3240.0,0.0
BIN_1021,2026-07-20T22:30:00Z,100.0,0.8000000000000114,22,0,3270.0,0.0
BIN_1021,2026-07-20T23:00:00Z,100.0,0.0,23,0,3300.0,0.0
BIN_1021,2026-07-20T23:30:00Z,100.0,0.0,23,0,3330.0,0.0
BIN_1023,2026-07-14T00:00:00Z,5.0,0.0,0,1,0.0,113.0
BIN_1023,2026-07-14T00:30:00Z,6.1,2.1999999999999993,0,1,30.0,112.5
BIN_1023,2026-07-14T01:00:00Z,7.6,3.0,1,1,60.0,112.0
BIN_1023,2026-07-14T01:30:00Z,8.4,1.6000000000000014,1,1,90.0,111.5
BIN_1023,2026-07-14T02:00:00Z,9.8,2.8000000000000007,2,1,120.0,111.0
BIN_1023,2026-07-14T02:30:00Z,11.1,2.599999999999998,2,1,150.0,110.5
BIN_1023,2026-07-14T03:00:00Z,12.9,3.6000000000000014,3,1,180.0,110.0
BIN_1023,2026-07-14T03:30:00Z,14.4,3.0,3,1,210.0,109.5
BIN_1023,2026-07-14T04:00:00Z,15.7,2.599999999999998,4,1,240.0,109.0
BIN_1023,2026-07-14T04:30:00Z,16.6,1.8000000000000043,4,1,270.0,108.5
BIN_1023,2026-07-14T05:00:00Z,18.8,4.399999999999999,5,1,300.0,108.0
BIN_1023,2026-07-14T05:30:00Z,19.1,0.6000000000000014,5,1,330.0,107.5
BIN_1023,2026-07-14T06:00:00Z,20.7,3.1999999999999957,6,1,360.0,107.0
BIN_1023,2026-07-14T06:30:00Z,21.6,1.8000000000000043,6,1,390.0,106.5
BIN_1023,2026-07-14T07:00:00Z,23.4,3.5999999999999943,7,1,420.0,106.0
BIN_1023,2026-07-14T07:30:00Z,25.2,3.6000000000000014,7,1,450.0,105.5
BIN_1023,2026-07-14T08:00:00Z,26.3,2.200000000000003,8,1,480.0,105.0
BIN_1023,2026-07-14T08:30:00Z,27.2,1.7999999999999972,8,1,510.0,104.5
BIN_1023,2026-07-14T09:00:00Z,28.9,3.3999999999999986,9,1,540.0,104.0
BIN_1023,2026-07-14T09:30:00Z,29.4,1.0,9,1,570.0,103.5
BIN_1023,2026-07-14T10:00:00Z,31.1,3.4000000000000057,10,1,600.0,103.0
BIN_1023,2026-07-14T10:30:00Z,31.9,1.5999999999999943,10,1,630.0,102.5
BIN_1023,2026-07-14T11:00:00Z,33.5,3.200000000000003,11,1,660.0,102.0
BIN_1023,2026-07-14T11:30:00Z,34.3,1.5999999999999943,11,1,690.0,101.5
BIN_1023,2026-07-14T12:00:00Z,35.5,2.4000000000000057,12,1,720.0,101.0
BIN_1023,2026-07-14T12:30:00Z,36.2,1.4000000000000057,12,1,750.0,100.5
BIN_1023,2026-07-14T13:00:00Z,37.0,1.5999999999999943,13,1,780.0,100.0
BIN_1023,2026-07-14T13:30:00Z,37.4,0.7999999999999972,13,1,810.0,99.5
BIN_1023,2026-07-14T14:00:00Z,38.1,1.4000000000000057,14,1,840.0,99.0
BIN_1023,2026-07-14T14:30:00Z,37.8,-0.6000000000000085,14,1,870.0,98.5
BIN_1023,2026-07-14T15:00:00Z,38.7,1.8000000000000114,15,1,900.0,98.0
BIN_1023,2026-07-14T15:30:00Z,40.4,3.3999999999999915,15,1,930.0,97.5
BIN_1023,2026-07-14T16:00:00Z,41.5,2.200000000000003,16,1,960.0,97.0
BIN_1023,2026-07-14T16:30:00Z,42.4,1.7999999999999972,16,1,990.0,96.5
BIN_1023,2026-07-14T17:00:00Z,42.6,0.4000000000000057,17,1,1020.0,96.0
BIN_1023,2026-07-14T17:30:00Z,43.4,1.5999999999999943,17,1,1050.0,95.5
BIN_1023,2026-07-14T18:00:00Z,45.1,3.4000000000000057,18,1,1080.0,95.0
BIN_1023,2026-07-14T18:30:00Z,46.7,3.200000000000003,18,1,1110.0,94.5
BIN_1023,2026-07-14T19:00:00Z,47.3,1.1999999999999886,19,1,1140.0,94.0
BIN_1023,2026-07-14T19:30:00Z,48.6,2.6000000000000085,19,1,1170.0,93.5
BIN_1023,2026-07-14T20:00:00Z,49.7,2.200000000000003,20,1,1200.0,93.0
BIN_1023,2026-07-14T20:30:00Z,52.1,4.799999999999997,20,1,1230.0,92.5
BIN_1023,2026-07-14T21:00:00Z,53.4,2.5999999999999943,21,1,1260.0,92.0
BIN_1023,2026-07-14T21:30:00Z,54.9,3.0,21,1,1290.0,91.5
BIN_1023,2026-07-14T22:00:00Z,55.5,1.2000000000000028,22,1,1320.0,91.0
BIN_1023,2026-07-14T22:30:00Z,55.8,0.5999999999999943,22,1,1350.0,90.5
BIN_1023,2026-07-14T23:00:00Z,55.7,-0.19999999999998863,23,1,1380.0,90.0
BIN_1023,2026-07-14T23:30:00Z,57.4,3.3999999999999915,23,1,1410.0,89.5
BIN_1023,2026-07-15T00:00:00Z,58.7,2.6000000000000085,0,2,1440.0,89.0
BIN_1023,2026-07-15T00:30:00Z,60.2,3.0,0,2,1470.0,88.5
BIN_1023,2026-07-15T01:00:00Z,60.3,0.19999999999998863,1,2,1500.0,88.0
BIN_1023,2026-07-15T01:30:00Z,62.6,4.6000000000000085,1,2,1530.0,87.5
BIN_1023,2026-07-15T02:00:00Z,64.3,3.3999999999999915,2,2,1560.0,87.0
BIN_1023,2026-07-15T02:30:00Z,65.9,3.200000000000017,2,2,1590.0,86.5
BIN_1023,2026-07-15T03:00:00Z,1.6,-128.60000000000002,3,2,0.0,86.0
BIN_1023,2026-07-15T03:30:00Z,2.5,1.7999999999999998,3,2,30.0,85.5
BIN_1023,2026-07-15T04:00:00Z,1.6,-1.7999999999999998,4,2,60.0,85.0
BIN_1023,2026-07-15T04:30:00Z,2.9,2.5999999999999996,4,2,90.0,84.5
BIN_1023,2026-07-15T05:00:00Z,4.2,2.6000000000000005,5,2,120.0,84.0
BIN_1023,2026-07-15T05:30:00Z,5.5,2.5999999999999996,5,2,150.0,83.5
BIN_1023,2026-07-15T06:00:00Z,5.6,0.1999999999999993,6,2,180.0,83.0
BIN_1023,2026-07-15T06:30:00Z,6.2,1.200000000000001,6,2,210.0,82.5
BIN_1023,2026-07-15T07:00:00Z,6.8,1.1999999999999993,7,2,240.0,82.0
BIN_1023,2026-07-15T07:30:00Z,7.7,1.8000000000000007,7,2,270.0,81.5
BIN_1023,2026-07-15T08:00:00Z,9.6,3.799999999999999,8,2,300.0,81.0
BIN_1023,2026-07-15T08:30:00Z,10.2,1.1999999999999993,8,2,330.0,80.5
BIN_1023,2026-07-15T09:00:00Z,11.5,2.6000000000000014,9,2,360.0,80.0
BIN_1023,2026-07-15T09:30:00Z,11.9,0.8000000000000007,9,2,390.0,79.5
BIN_1023,2026-07-15T10:00:00Z,12.9,2.0,10,2,420.0,79.0
BIN_1023,2026-07-15T10:30:00Z,14.3,2.8000000000000007,10,2,450.0,78.5
BIN_1023,2026-07-15T11:00:00Z,16.0,3.3999999999999986,11,2,480.0,78.0
BIN_1023,2026-07-15T11:30:00Z,16.7,1.3999999999999986,11,2,510.0,77.5
BIN_1023,2026-07-15T12:00:00Z,18.0,2.6000000000000014,12,2,540.0,77.0
BIN_1023,2026-07-15T12:30:00Z,20.6,5.200000000000003,12,2,570.0,76.5
BIN_1023,2026-07-15T13:00:00Z,21.9,2.5999999999999943,13,2,600.0,76.0
BIN_1023,2026-07-15T13:30:00Z,22.3,0.8000000000000043,13,2,630.0,75.5
BIN_1023,2026-07-15T14:00:00Z,23.3,2.0,14,2,660.0,75.0
BIN_1023,2026-07-15T14:30:00Z,24.2,1.7999999999999972,14,2,690.0,74.5
BIN_1023,2026-07-15T15:00:00Z,25.3,2.200000000000003,15,2,720.0,74.0
BIN_1023,2026-07-15T15:30:00Z,25.7,0.7999999999999972,15,2,750.0,73.5
BIN_1023,2026-07-15T16:00:00Z,25.6,-0.19999999999999574,16,2,780.0,73.0
BIN_1023,2026-07-15T16:30:00Z,26.1,1.0,16,2,810.0,72.5
BIN_1023,2026-07-15T17:00:00Z,27.3,2.3999999999999986,17,2,840.0,72.0
BIN_1023,2026-07-15T17:30:00Z,29.3,4.0,17,2,870.0,71.5
BIN_1023,2026-07-15T18:00:00Z,31.2,3.799999999999997,18,2,900.0,71.0
BIN_1023,2026-07-15T18:30:00Z,31.8,1.2000000000000028,18,2,930.0,70.5
BIN_1023,2026-07-15T19:00:00Z,5.8,-52.0,19,2,0.0,70.0
BIN_1023,2026-07-15T19:30:00Z,6.6,1.5999999999999996,19,2,30.0,69.5
BIN_1023,2026-07-15T20:00:00Z,8.5,3.8000000000000007,20,2,60.0,69.0
BIN_1023,2026-07-15T20:30:00Z,9.6,2.1999999999999993,20,2,90.0,68.5
BIN_1023,2026-07-15T21:00:00Z,10.7,2.1999999999999993,21,2,120.0,68.0
BIN_1023,2026-07-15T21:30:00Z,11.9,2.400000000000002,21,2,150.0,67.5
BIN_1023,2026-07-15T22:00:00Z,12.3,0.8000000000000007,22,2,180.0,67.0
BIN_1023,2026-07-15T22:30:00Z,13.2,1.7999999999999972,22,2,210.0,66.5
BIN_1023,2026-07-15T23:00:00Z,14.4,2.400000000000002,23,2,240.0,66.0
BIN_1023,2026-07-15T23:30:00Z,16.4,3.9999999999999964,23,2,270.0,65.5
BIN_1023,2026-07-16T00:00:00Z,18.3,3.8000000000000043,0,3,300.0,65.0
BIN_1023,2026-07-16T00:30:00Z,19.9,3.1999999999999957,0,3,330.0,64.5
BIN_1023,2026-07-16T01:00:00Z,20.4,1.0,1,3,360.0,64.0
BIN_1023,2026-07-16T01:30:00Z,20.9,1.0,1,3,390.0,63.5
BIN_1023,2026-07-16T02:00:00Z,21.3,0.8000000000000043,2,3,420.0,63.0
BIN_1023,2026-07-16T02:30:00Z,23.1,3.6000000000000014,2,3,450.0,62.5
BIN_1023,2026-07-16T03:00:00Z,24.5,2.799999999999997,3,3,480.0,62.0
BIN_1023,2026-07-16T03:30:00Z,25.6,2.200000000000003,3,3,510.0,61.5
BIN_1023,2026-07-16T04:00:00Z,27.0,2.799999999999997,4,3,540.0,61.0
BIN_1023,2026-07-16T04:30:00Z,27.8,1.6000000000000014,4,3,570.0,60.5
BIN_1023,2026-07-16T05:00:00Z,29.0,2.3999999999999986,5,3,600.0,60.0
BIN_1023,2026-07-16T05:30:00Z,29.7,1.3999999999999986,5,3,630.0,59.5
BIN_1023,2026-07-16T06:00:00Z,31.1,2.8000000000000043,6,3,660.0,59.0
BIN_1023,2026-07-16T06:30:00Z,31.8,1.3999999999999986,6,3,690.0,58.5
BIN_1023,2026-07-16T07:00:00Z,32.7,1.8000000000000043,7,3,720.0,58.0
BIN_1023,2026-07-16T07:30:00Z,5.2,-55.00000000000001,7,3,0.0,57.5
BIN_1023,2026-07-16T08:00:00Z,7.1,3.799999999999999,8,3,30.0,57.0
BIN_1023,2026-07-16T08:30:00Z,6.8,-0.5999999999999996,8,3,60.0,56.5
BIN_1023,2026-07-16T09:00:00Z,8.6,3.5999999999999996,9,3,90.0,56.0
BIN_1023,2026-07-16T09:30:00Z,10.6,4.0,9,3,120.0,55.5
BIN_1023,2026-07-16T10:00:00Z,12.2,3.1999999999999993,10,3,150.0,55.0
BIN_1023,2026-07-16T10:30:00Z,13.8,3.200000000000003,10,3,180.0,54.5
BIN_1023,2026-07-16T11:00:00Z,15.5,3.3999999999999986,11,3,210.0,54.0
BIN_1023,2026-07-16T11:30:00Z,16.2,1.3999999999999986,11,3,240.0,53.5
BIN_1023,2026-07-16T12:00:00Z,17.4,2.3999999999999986,12,3,270.0,53.0
BIN_1023,2026-07-16T12:30:00Z,17.9,1.0,12,3,300.0,52.5
BIN_1023,2026-07-16T13:00:00Z,19.6,3.4000000000000057,13,3,330.0,52.0
BIN_1023,2026-07-16T13:30:00Z,20.1,1.0,13,3,360.0,51.5
BIN_1023,2026-07-16T14:00:00Z,21.8,3.3999999999999986,14,3,390.0,51.0
BIN_1023,2026-07-16T14:30:00Z,23.1,2.6000000000000014,14,3,420.0,50.5
BIN_1023,2026-07-16T15:00:00Z,24.4,2.5999999999999943,15,3,450.0,50.0
BIN_1023,2026-07-16T15:30:00Z,25.4,2.0,15,3,480.0,49.5
BIN_1023,2026-07-16T16:00:00Z,26.3,1.8000000000000043,16,3,510.0,49.0
BIN_1023,2026-07-16T16:30:00Z,27.6,2.6000000000000014,16,3,540.0,48.5
BIN_1023,2026-07-16T17:00:00Z,1.0,-53.2,17,3,0.0,48.0
BIN_1023,2026-07-16T17:30:00Z,1.4,0.7999999999999998,17,3,30.0,47.5
BIN_1023,2026-07-16T18:00:00Z,1.2,-0.3999999999999999,18,3,60.0,47.0
BIN_1023,2026-07-16T18:30:00Z,2.3,2.1999999999999997,18,3,90.0,46.5
BIN_1023,2026-07-16T19:00:00Z,3.5,2.4000000000000004,19,3,120.0,46.0
BIN_1023,2026-07-16T19:30:00Z,4.7,2.4000000000000004,19,3,150.0,45.5
BIN_1023,2026-07-16T20:00:00Z,5.3,1.1999999999999993,20,3,180.0,45.0
BIN_1023,2026-07-16T20:30:00Z,6.3,2.0,20,3,210.0,44.5
BIN_1023,2026-07-16T21:00:00Z,7.1,1.5999999999999996,21,3,240.0,44.0
BIN_1023,2026-07-16T21:30:00Z,7.9,1.6000000000000014,21,3,270.0,43.5
BIN_1023,2026-07-16T22:00:00Z,8.5,1.1999999999999993,22,3,300.0,43.0
BIN_1023,2026-07-16T22:30:00Z,8.4,-0.1999999999999993,22,3,330.0,42.5
BIN_1023,2026-07-16T23:00:00Z,10.2,3.599999999999998,23,3,360.0,42.0
BIN_1023,2026-07-16T23:30:00Z,11.9,3.400000000000002,23,3,390.0,41.5
BIN_1023,2026-07-17T00:00:00Z,11.8,-0.1999999999999993,0,4,420.0,41.0
BIN_1023,2026-07-17T00:30:00Z,13.2,2.799999999999997,0,4,450.0,40.5
BIN_1023,2026-07-17T01:00:00Z,14.4,2.400000000000002,1,4,480.0,40.0
BIN_1023,2026-07-17T01:30:00Z,15.3,1.8000000000000007,1,4,510.0,39.5
BIN_1023,2026-07-17T02:00:00Z,16.3,2.0,2,4,540.0,39.0
BIN_1023,2026-07-17T02:30:00Z,17.5,2.3999999999999986,2,4,570.0,38.5
BIN_1023,2026-07-17T03:00:00Z,18.6,2.200000000000003,3,4,600.0,38.0
BIN_1023,2026-07-17T03:30:00Z,19.3,1.3999999999999986,3,4,630.0,37.5
BIN_1023,2026-07-17T04:00:00Z,20.7,2.799999999999997,4,4,660.0,37.0
BIN_1023,2026-07-17T04:30:00Z,22.0,2.6000000000000014,4,4,690.0,36.5
BIN_1023,2026-07-17T05:00:00Z,22.5,1.0,5,4,720.0,36.0
BIN_1023,2026-07-17T05:30:00Z,22.9,0.7999999999999972,5,4,750.0,35.5
BIN_1023,2026-07-17T06:00:00Z,24.1,2.4000000000000057,6,4,780.0,35.0
BIN_1023,2026-07-17T06:30:00Z,25.1,2.0,6,4,810.0,34.5
BIN_1023,2026-07-17T07:00:00Z,27.0,3.799999999999997,7,4,840.0,34.0
BIN_1023,2026-07-17T07:30:00Z,28.2,2.3999999999999986,7,4,870.0,33.5
BIN_1023,2026-07-17T08:00:00Z,29.8,3.200000000000003,8,4,900.0,33.0
BIN_1023,2026-07-17T08:30:00Z,30.2,0.7999999999999972,8,4,930.0,32.5
BIN_1023,2026-07-17T09:00:00Z,30.9,1.3999999999999986,9,4,960.0,32.0
BIN_1023,2026-07-17T09:30:00Z,31.8,1.8000000000000043,9,4,990.0,31.5
BIN_1023,2026-07-17T10:00:00Z,32.2,0.8000000000000043,10,4,1020.0,31.0
BIN_1023,2026-07-17T10:30:00Z,33.3,2.1999999999999886,10,4,1050.0,30.5
BIN_1023,2026-07-17T11:00:00Z,34.6,2.6000000000000085,11,4,1080.0,30.0
BIN_1023,2026-07-17T11:30:00Z,36.3,3.3999999999999915,11,4,1110.0,29.5
BIN_1023,2026-07-17T12:00:00Z,37.5,2.4000000000000057,12,4,1140.0,29.0
BIN_1023,2026-07-17T12:30:00Z,37.9,0.7999999999999972,12,4,1170.0,28.5
BIN_1023,2026-07-17T13:00:00Z,38.8,1.7999999999999972,13,4,1200.0,28.0
BIN_1023,2026-07-17T13:30:00Z,40.0,2.4000000000000057,13,4,1230.0,27.5
BIN_1023,2026-07-17T14:00:00Z,40.7,1.4000000000000057,14,4,1260.0,27.0
BIN_1023,2026-07-17T14:30:00Z,40.6,-0.20000000000000284,14,4,1290.0,26.5
BIN_1023,2026-07-17T15:00:00Z,42.0,2.799999999999997,15,4,1320.0,26.0
BIN_1023,2026-07-17T15:30:00Z,43.4,2.799999999999997,15,4,1350.0,25.5
BIN_1023,2026-07-17T16:00:00Z,44.6,2.4000000000000057,16,4,1380.0,25.0
BIN_1023,2026-07-17T16:30:00Z,45.1,1.0,16,4,1410.0,24.5
BIN_1023,2026-07-17T17:00:00Z,45.9,1.5999999999999943,17,4,1440.0,24.0
BIN_1023,2026-07-17T17:30:00Z,48.4,5.0,17,4,1470.0,23.5
BIN_1023,2026-07-17T18:00:00Z,48.6,0.4000000000000057,18,4,1500.0,23.0
BIN_1023,2026-07-17T18:30:00Z,48.9,0.5999999999999943,18,4,1530.0,22.5
BIN_1023,2026-07-17T19:00:00Z,50.7,3.6000000000000085,19,4,1560.0,22.0
BIN_1023,2026-07-17T19:30:00Z,52.2,3.0,19,4,1590.0,21.5
BIN_1023,2026-07-17T20:00:00Z,52.7,1.0,20,4,1620.0,21.0
BIN_1023,2026-07-17T20:30:00Z,52.9,0.3999999999999915,20,4,1650.0,20.5
BIN_1023,2026-07-17T21:00:00Z,53.7,1.6000000000000085,21,4,1680.0,20.0
BIN_1023,2026-07-17T21:30:00Z,54.7,2.0,21,4,1710.0,19.5
BIN_1023,2026-07-17T22:00:00Z,55.5,1.5999999999999943,22,4,1740.0,19.0
BIN_1023,2026-07-17T22:30:00Z,56.9,2.799999999999997,22,4,1770.0,18.5
BIN_1023,2026-07-17T23:00:00Z,57.4,1.0,23,4,1800.0,18.0
BIN_1023,2026-07-17T23:30:00Z,58.8,2.799999999999997,23,4,1830.0,17.5
BIN_1023,2026-07-18T00:00:00Z,60.2,2.8000000000000114,0,5,1860.0,17.0
BIN_1023,2026-07-18T00:30:00Z,61.3,2.1999999999999886,0,5,1890.0,16.5
BIN_1023,2026-07-18T01:00:00Z,63.1,3.6000000000000085,1,5,1920.0,16.0
BIN_1023,2026-07-18T01:30:00Z,63.7,1.2000000000000028,1,5,1950.0,15.5
BIN_1023,2026-07-18T02:00:00Z,65.1,2.799999999999983,2,5,1980.0,15.0
BIN_1023,2026-07-18T02:30:00Z,65.8,1.4000000000000057,2,5,2010.0,14.5
BIN_1023,2026-07-18T03:00:00Z,66.6,1.5999999999999943,3,5,2040.0,14.0
BIN_1023,2026-07-18T03:30:00Z,66.5,-0.19999999999998863,3,5,2070.0,13.5
BIN_1023,2026-07-18T04:00:00Z,67.0,1.0,4,5,2100.0,13.0
BIN_1023,2026-07-18T04:30:00Z,66.4,-1.1999999999999886,4,5,2130.0,12.5
BIN_1023,2026-07-18T05:00:00Z,66.8,0.799999999999983,5,5,2160.0,12.0
BIN_1023,2026-07-18T05:30:00Z,68.8,4.0,5,5,2190.0,11.5
BIN_1023,2026-07-18T06:00:00Z,69.6,1.5999999999999943,6,5,2220.0,11.0
BIN_1023,2026-07-18T06:30:00Z,71.5,3.8000000000000114,6,5,2250.0,10.5
BIN_1023,2026-07-18T07:00:00Z,72.3,1.5999999999999943,7,5,2280.0,10.0
BIN_1023,2026-07-18T07:30:00Z,73.0,1.4000000000000057,7,5,2310.0,9.5
BIN_1023,2026-07-18T08:00:00Z,73.2,0.4000000000000057,8,5,2340.0,9.0
BIN_1023,2026-07-18T08:30:00Z,75.1,3.799999999999983,8,5,2370.0,8.5
BIN_1023,2026-07-18T09:00:00Z,76.4,2.6000000000000227,9,5,2400.0,8.0
BIN_1023,2026-07-18T09:30:00Z,77.5,2.1999999999999886,9,5,2430.0,7.5
BIN_1023,2026-07-18T10:00:00Z,77.9,0.8000000000000114,10,5,2460.0,7.0
BIN_1023,2026-07-18T10:30:00Z,79.0,2.1999999999999886,10,5,2490.0,6.5
BIN_1023,2026-07-18T11:00:00Z,80.4,2.8000000000000114,11,5,2520.0,6.0
BIN_1023,2026-07-18T11:30:00Z,81.6,2.3999999999999773,11,5,2550.0,5.5
BIN_1023,2026-07-18T12:00:00Z,81.5,-0.19999999999998863,12,5,2580.0,5.0
BIN_1023,2026-07-18T12:30:00Z,83.8,4.599999999999994,12,5,2610.0,4.5
BIN_1023,2026-07-18T13:00:00Z,85.6,3.5999999999999943,13,5,2640.0,4.0
BIN_1023,2026-07-18T13:30:00Z,85.4,-0.39999999999997726,13,5,2670.0,3.5
BIN_1023,2026-07-18T14:00:00Z,86.6,2.3999999999999773,14,5,2700.0,3.0
BIN_1023,2026-07-18T14:30:00Z,86.9,0.6000000000000227,14,5,2730.0,2.5
BIN_1023,2026-07-18T15:00:00Z,87.7,1.5999999999999943,15,5,2760.0,2.0
BIN_1023,2026-07-18T15:30:00Z,88.1,0.799999999999983,15,5,2790.0,1.5
BIN_1023,2026-07-18T16:00:00Z,88.8,1.4000000000000057,16,5,2820.0,1.0
BIN_1023,2026-07-18T16:30:00Z,89.5,1.4000000000000057,16,5,2850.0,0.5
BIN_1023,2026-07-18T17:00:00Z,91.7,4.400000000000006,17,5,2880.0,0.0
BIN_1023,2026-07-18T17:30:00Z,92.4,1.4000000000000057,17,5,2910.0,0.0
BIN_1023,2026-07-18T18:00:00Z,93.2,1.5999999999999943,18,5,2940.0,0.0
BIN_1023,2026-07-18T18:30:00Z,93.3,0.19999999999998863,18,5,2970.0,0.0
BIN_1023,2026-07-18T19:00:00Z,95.5,4.400000000000006,19,5,3000.0,0.0
BIN_1023,2026-07-18T19:30:00Z,96.8,2.5999999999999943,19,5,3030.0,0.0
BIN_1023,2026-07-18T20:00:00Z,97.9,2.200000000000017,20,5,3060.0,0.0
BIN_1023,2026-07-18T20:30:00Z,99.0,2.1999999999999886,20,5,3090.0,0.0
BIN_1023,2026-07-18T21:00:00Z,99.6,1.1999999999999886,21,5,3120.0,0.0
BIN_1023,2026-07-18T21:30:00Z,100.0,0.8000000000000114,21,5,3150.0,0.0
BIN_1023,2026-07-18T22:00:00Z,100.0,0.0,22,5,3180.0,0.0
BIN_1023,2026-07-18T22:30:00Z,100.0,0.0,22,5,3210.0,0.0
BIN_1023,2026-07-18T23:00:00Z,100.0,0.0,23,5,3240.0,0.0
BIN_1023,2026-07-18T23:30:00Z,100.0,0.0,23,5,3270.0,0.0
BIN_1023,2026-07-19T00:00:00Z,100.0,0.0,0,6,3300.0,0.0
BIN_1023,2026-07-19T00:30:00Z,99.9,-0.19999999999998863,0,6,3330.0,0.0
BIN_1023,2026-07-19T01:00:00Z,100.0,0.19999999999998863,1,6,3360.0,0.0
BIN_1023,2026-07-19T01:30:00Z,100.0,0.0,1,6,3390.0,0.0
BIN_1023,2026-07-19T02:00:00Z,100.0,0.0,2,6,3420.0,0.0
BIN_1023,2026-07-19T02:30:00Z,100.0,0.0,2,6,3450.0,0.0
BIN_1023,2026-07-19T03:00:00Z,100.0,0.0,3,6,3480.0,0.0
BIN_1023,2026-07-19T03:30:00Z,99.9,-0.19999999999998863,3,6,3510.0,0.0
BIN_1023,2026-07-19T04:00:00Z,100.0,0.19999999999998863,4,6,3540.0,0.0
BIN_1023,2026-07-19T04:30:00Z,100.0,0.0,4,6,3570.0,0.0
BIN_1023,2026-07-19T05:00:00Z,100.0,0.0,5,6,3600.0,0.0
BIN_1023,2026-07-19T05:30:00Z,100.0,0.0,5,6,3630.0,0.0
BIN_1023,2026-07-19T06:00:00Z,100.0,0.0,6,6,3660.0,0.0
BIN_1023,2026-07-19T06:30:00Z,100.0,0.0,6,6,3690.0,0.0
BIN_1023,2026-07-19T07:00:00Z,100.0,0.0,7,6,3720.0,0.0
BIN_1023,2026-07-19T07:30:00Z,100.0,0.0,7,6,3750.0,0.0
BIN_1023,2026-07-19T08:00:00Z,100.0,0.0,8,6,3780.0,0.0
BIN_1023,2026-07-19T08:30:00Z,100.0,0.0,8,6,3810.0,0.0
BIN_1023,2026-07-19T09:00:00Z,100.0,0.0,9,6,3840.0,0.0
BIN_1023,2026-07-19T09:30:00Z,100.0,0.0,9,6,3870.0,0.0
BIN_1023,2026-07-19T10:00:00Z,100.0,0.0,10,6,3900.0,0.0
BIN_1023,2026-07-19T10:30:00Z,100.0,0.0,10,6,3930.0,0.0
BIN_1023,2026-07-19T11:00:00Z,100.0,0.0,11,6,3960.0,0.0
BIN_1023,2026-07-19T11:30:00Z,100.0,0.0,11,6,3990.0,0.0
BIN_1023,2026-07-19T12:00:00Z,100.0,0.0,12,6,4020.0,0.0
BIN_1023,2026-07-19T12:30:00Z,100.0,0.0,12,6,4050.0,0.0
BIN_1023,2026-07-19T13:00:00Z,100.0,0.0,13,6,4080.0,0.0
BIN_1023,2026-07-19T13:30:00Z,100.0,0.0,13,6,4110.0,0.0
BIN_1023,2026-07-19T14:00:00Z,100.0,0.0,14,6,4140.0,0.0
BIN_1023,2026-07-19T14:30:00Z,100.0,0.0,14,6,4170.0,0.0
BIN_1023,2026-07-19T15:00:00Z,100.0,0.0,15,6,4200.0,0.0
BIN_1023,2026-07-19T15:30:00Z,100.0,0.0,15,6,4230.0,0.0
BIN_1023,2026-07-19T16:00:00Z,100.0,0.0,16,6,4260.0,0.0
BIN_1023,2026-07-19T16:30:00Z,100.0,0.0,16,6,4290.0,0.0
BIN_1023,2026-07-19T17:00:00Z,100.0,0.0,17,6,4320.0,0.0
BIN_1023,2026-07-19T17:30:00Z,100.0,0.0,17,6,4350.0,0.0
BIN_1023,2026-07-19T18:00:00Z,100.0,0.0,18,6,4380.0,0.0
BIN_1023,2026-07-19T18:30:00Z,100.0,0.0,18,6,4410.0,0.0
BIN_1023,2026-07-19T19:00:00Z,100.0,0.0,19,6,4440.0,0.0
BIN_1023,2026-07-19T19:30:00Z,100.0,0.0,19,6,4470.0,0.0
BIN_1023,2026-07-19T20:00:00Z,100.0,0.0,20,6,4500.0,0.0
BIN_1023,2026-07-19T20:30:00Z,100.0,0.0,20,6,4530.0,0.0
BIN_1023,2026-07-19T21:00:00Z,100.0,0.0,21,6,4560.0,0.0
BIN_1023,2026-07-19T21:30:00Z,100.0,0.0,21,6,4590.0,0.0
BIN_1023,2026-07-19T22:00:00Z,100.0,0.0,22,6,4620.0,0.0
BIN_1023,2026-07-19T22:30:00Z,100.0,0.0,22,6,4650.0,0.0
BIN_1023,2026-07-19T23:00:00Z,100.0,0.0,23,6,4680.0,0.0
BIN_1023,2026-07-19T23:30:00Z,100.0,0.0,23,6,4710.0,0.0
BIN_1023,2026-07-20T00:00:00Z,100.0,0.0,0,0,4740.0,0.0
BIN_1023,2026-07-20T00:30:00Z,100.0,0.0,0,0,4770.0,0.0
BIN_1023,2026-07-20T01:00:00Z,100.0,0.0,1,0,4800.0,0.0
BIN_1023,2026-07-20T01:30:00Z,100.0,0.0,1,0,4830.0,0.0
BIN_1023,2026-07-20T02:00:00Z,100.0,0.0,2,0,4860.0,0.0
BIN_1023,2026-07-20T02:30:00Z,100.0,0.0,2,0,4890.0,0.0
BIN_1023,2026-07-20T03:00:00Z,100.0,0.0,3,0,4920.0,0.0
BIN_1023,2026-07-20T03:30:00Z,100.0,0.0,3,0,4950.0,0.0
BIN_1023,2026-07-20T04:00:00Z,100.0,0.0,4,0,4980.0,0.0
BIN_1023,2026-07-20T04:30:00Z,100.0,0.0,4,0,5010.0,0.0
BIN_1023,2026-07-20T05:00:00Z,100.0,0.0,5,0,5040.0,0.0
BIN_1023,2026-07-20T05:30:00Z,100.0,0.0,5,0,5070.0,0.0
BIN_1023,2026-07-20T06:00:00Z,100.0,0.0,6,0,5100.0,0.0
BIN_1023,2026-07-20T06:30:00Z,99.6,-0.8000000000000114,6,0,5130.0,0.0
BIN_1023,2026-07-20T07:00:00Z,100.0,0.8000000000000114,7,0,5160.0,0.0
BIN_1023,2026-07-20T07:30:00Z,100.0,0.0,7,0,5190.0,0.0
BIN_1023,2026-07-20T08:00:00Z,99.9,-0.19999999999998863,8,0,5220.0,0.0
BIN_1023,2026-07-20T08:30:00Z,99.5,-0.8000000000000114,8,0,5250.0,0.0
BIN_1023,2026-07-20T09:00:00Z,99.2,-0.5999999999999943,9,0,5280.0,0.0
BIN_1023,2026-07-20T09:30:00Z,100.0,1.5999999999999943,9,0,5310.0,0.0
BIN_1025,2026-07-14T00:00:00Z,18.7,0.0,0,1,0.0,53.0
BIN_1025,2026-07-14T00:30:00Z,21.2,5.0,0,1,30.0,52.5
BIN_1025,2026-07-14T01:00:00Z,22.2,2.0,1,1,60.0,52.0
BIN_1025,2026-07-14T01:30:00Z,22.9,1.3999999999999986,1,1,90.0,51.5
BIN_1025,2026-07-14T02:00:00Z,24.5,3.200000000000003,2,1,120.0,51.0
BIN_1025,2026-07-14T02:30:00Z,25.8,2.6000000000000014,2,1,150.0,50.5
BIN_1025,2026-07-14T03:00:00Z,27.3,3.0,3,1,180.0,50.0
BIN_1025,2026-07-14T03:30:00Z,28.5,2.3999999999999986,3,1,210.0,49.5
BIN_1025,2026-07-14T04:00:00Z,29.2,1.3999999999999986,4,1,240.0,49.0
BIN_1025,2026-07-14T04:30:00Z,31.3,4.200000000000003,4,1,270.0,48.5
BIN_1025,2026-07-14T05:00:00Z,32.5,2.3999999999999986,5,1,300.0,48.0
BIN_1025,2026-07-14T05:30:00Z,33.5,2.0,5,1,330.0,47.5
BIN_1025,2026-07-14T06:00:00Z,35.1,3.200000000000003,6,1,360.0,47.0
BIN_1025,2026-07-14T06:30:00Z,36.1,2.0,6,1,390.0,46.5
BIN_1025,2026-07-14T07:00:00Z,37.8,3.3999999999999915,7,1,420.0,46.0
BIN_1025,2026-07-14T07:30:00Z,39.8,4.0,7,1,450.0,45.5
BIN_1025,2026-07-14T08:00:00Z,41.4,3.200000000000003,8,1,480.0,45.0
BIN_1025,2026-07-14T08:30:00Z,42.4,2.0,8,1,510.0,44.5
BIN_1025,2026-07-14T09:00:00Z,42.8,0.7999999999999972,9,1,540.0,44.0
BIN_1025,2026-07-14T09:30:00Z,44.5,3.4000000000000057,9,1,570.0,43.5
BIN_1025,2026-07-14T10:00:00Z,1.6,-85.8,10,1,0.0,43.0
BIN_1025,2026-07-14T10:30:00Z,3.1,3.0,10,1,30.0,42.5
BIN_1025,2026-07-14T11:00:00Z,4.2,2.2,11,1,60.0,42.0
BIN_1025,2026-07-14T11:30:00Z,6.3,4.199999999999999,11,1,90.0,41.5
BIN_1025,2026-07-14T12:00:00Z,8.6,4.6,12,1,120.0,41.0
BIN_1025,2026-07-14T12:30:00Z,9.3,1.4000000000000021,12,1,150.0,40.5
BIN_1025,2026-07-14T13:00:00Z,10.3,2.0,13,1,180.0,40.0
BIN_1025,2026-07-14T13:30:00Z,11.6,2.599999999999998,13,1,210.0,39.5
BIN_1025,2026-07-14T14:00:00Z,12.8,2.400000000000002,14,1,240.0,39.0
BIN_1025,2026-07-14T14:30:00Z,13.8,2.0,14,1,270.0,38.5
BIN_1025,2026-07-14T15:00:00Z,14.3,1.0,15,1,300.0,38.0
BIN_1025,2026-07-14T15:30:00Z,15.1,1.5999999999999979,15,1,330.0,37.5
BIN_1025,2026-07-14T16:00:00Z,16.3,2.400000000000002,16,1,360.0,37.0
BIN_1025,2026-07-14T16:30:00Z,17.7,2.799999999999997,16,1,390.0,36.5
BIN_1025,2026-07-14T17:00:00Z,19.8,4.200000000000003,17,1,420.0,36.0
BIN_1025,2026-07-14T17:30:00Z,21.2,2.799999999999997,17,1,450.0,35.5
BIN_1025,2026-07-14T18:00:00Z,21.6,0.8000000000000043,18,1,480.0,35.0
BIN_1025,2026-07-14T18:30:00Z,6.1,-31.000000000000004,18,1,0.0,34.5
BIN_1025,2026-07-14T19:00:00Z,6.7,1.200000000000001,19,1,30.0,34.0
BIN_1025,2026-07-14T19:30:00Z,8.1,2.799999999999999,19,1,60.0,33.5
BIN_1025,2026-07-14T20:00:00Z,10.5,4.800000000000001,20,1,90.0,33.0
BIN_1025,2026-07-14T20:30:00Z,13.1,5.199999999999999,20,1,120.0,32.5
BIN_1025,2026-07-14T21:00:00Z,14.7,3.1999999999999993,21,1,150.0,32.0
BIN_1025,2026-07-14T21:30:00Z,15.5,1.6000000000000014,21,1,180.0,31.5
BIN_1025,2026-07-14T22:00:00Z,16.8,2.6000000000000014,22,1,210.0,31.0
BIN_1025,2026-07-14T22:30:00Z,18.2,2.799999999999997,22,1,240.0,30.5
BIN_1025,2026-07-14T23:00:00Z,20.2,4.0,23,1,270.0,30.0
BIN_1025,2026-07-14T23:30:00Z,20.6,0.8000000000000043,23,1,300.0,29.5
BIN_1025,2026-07-15T00:00:00Z,21.6,2.0,0,2,330.0,29.0
BIN_1025,2026-07-15T00:30:00Z,22.3,1.3999999999999986,0,2,360.0,28.5
BIN_1025,2026-07-15T01:00:00Z,23.4,2.1999999999999957,1,2,390.0,28.0
BIN_1025,2026-07-15T01:30:00Z,25.8,4.800000000000004,1,2,420.0,27.5
BIN_1025,2026-07-15T02:00:00Z,27.4,3.1999999999999957,2,2,450.0,27.0
BIN_1025,2026-07-15T02:30:00Z,28.3,1.8000000000000043,2,2,480.0,26.5
BIN_1025,2026-07-15T03:00:00Z,29.6,2.6000000000000014,3,2,510.0,26.0
BIN_1025,2026-07-15T03:30:00Z,31.4,3.5999999999999943,3,2,540.0,25.5
BIN_1025,2026-07-15T04:00:00Z,32.1,1.4000000000000057,4,2,570.0,25.0
BIN_1025,2026-07-15T04:30:00Z,32.9,1.5999999999999943,4,2,600.0,24.5
BIN_1025,2026-07-15T05:00:00Z,34.4,3.0,5,2,630.0,24.0
BIN_1025,2026-07-15T05:30:00Z,35.0,1.2000000000000028,5,2,660.0,23.5
BIN_1025,2026-07-15T06:00:00Z,35.5,1.0,6,2,690.0,23.0
BIN_1025,2026-07-15T06:30:00Z,37.0,3.0,6,2,720.0,22.5
BIN_1025,2026-07-15T07:00:00Z,37.6,1.2000000000000028,7,2,750.0,22.0
BIN_1025,2026-07-15T07:30:00Z,39.2,3.200000000000003,7,2,780.0,21.5
BIN_1025,2026-07-15T08:00:00Z,40.2,2.0,8,2,810.0,21.0
BIN_1025,2026-07-15T08:30:00Z,41.7,3.0,8,2,840.0,20.5
BIN_1025,2026-07-15T09:00:00Z,42.0,0.5999999999999943,9,2,870.0,20.0
BIN_1025,2026-07-15T09:30:00Z,43.4,2.799999999999997,9,2,900.0,19.5
BIN_1025,2026-07-15T10:00:00Z,44.1,1.4000000000000057,10,2,930.0,19.0
BIN_1025,2026-07-15T10:30:00Z,46.0,3.799999999999997,10,2,960.0,18.5
BIN_1025,2026-07-15T11:00:00Z,47.1,2.200000000000003,11,2,990.0,18.0
BIN_1025,2026-07-15T11:30:00Z,48.3,2.3999999999999915,11,2,1020.0,17.5
BIN_1025,2026-07-15T12:00:00Z,49.2,1.8000000000000114,12,2,1050.0,17.0
BIN_1025,2026-07-15T12:30:00Z,50.3,2.1999999999999886,12,2,1080.0,16.5
BIN_1025,2026-07-15T13:00:00Z,51.4,2.200000000000003,13,2,1110.0,16.0
BIN_1025,2026-07-15T13:30:00Z,52.2,1.6000000000000085,13,2,1140.0,15.5
BIN_1025,2026-07-15T14:00:00Z,53.5,2.5999999999999943,14,2,1170.0,15.0
BIN_1025,2026-07-15T14:30:00Z,55.5,4.0,14,2,1200.0,14.5
BIN_1025,2026-07-15T15:00:00Z,57.2,3.4000000000000057,15,2,1230.0,14.0
BIN_1025,2026-07-15T15:30:00Z,58.3,2.1999999999999886,15,2,1260.0,13.5
BIN_1025,2026-07-15T16:00:00Z,59.7,2.8000000000000114,16,2,1290.0,13.0
BIN_1025,2026-07-15T16:30:00Z,60.6,1.7999999999999972,16,2,1320.0,12.5
BIN_1025,2026-07-15T17:00:00Z,61.1,1.0,17,2,1350.0,12.0
BIN_1025,2026-07-15T17:30:00Z,62.9,3.5999999999999943,17,2,1380.0,11.5
BIN_1025,2026-07-15T18:00:00Z,64.9,4.000000000000014,18,2,1410.0,11.0
BIN_1025,2026-07-15T18:30:00Z,66.5,3.1999999999999886,18,2,1440.0,10.5
BIN_1025,2026-07-15T19:00:00Z,67.4,1.8000000000000114,19,2,1470.0,10.0
BIN_1025,2026-07-15T19:30:00Z,68.7,2.5999999999999943,19,2,1500.0,9.5
BIN_1025,2026-07-15T20:00:00Z,69.5,1.5999999999999943,20,2,1530.0,9.0
BIN_1025,2026-07-15T20:30:00Z,70.9,2.8000000000000114,20,2,1560.0,8.5
BIN_1025,2026-07-15T21:00:00Z,72.9,4.0,21,2,1590.0,8.0
BIN_1025,2026-07-15T21:30:00Z,73.9,2.0,21,2,1620.0,7.5
BIN_1025,2026-07-15T22:00:00Z,75.9,4.0,22,2,1650.0,7.0
BIN_1025,2026-07-15T22:30:00Z,77.1,2.3999999999999773,22,2,1680.0,6.5
BIN_1025,2026-07-15T23:00:00Z,78.2,2.200000000000017,23,2,1710.0,6.0
BIN_1025,2026-07-15T23:30:00Z,79.9,3.4000000000000057,23,2,1740.0,5.5
BIN_1025,2026-07-16T00:00:00Z,80.0,0.19999999999998863,0,3,1770.0,5.0
BIN_1025,2026-07-16T00:30:00Z,80.8,1.5999999999999943,0,3,1800.0,4.5
BIN_1025,2026-07-16T01:00:00Z,81.4,1.200000000000017,1,3,1830.0,4.0
BIN_1025,2026-07-16T01:30:00Z,82.5,2.1999999999999886,1,3,1860.0,3.5
BIN_1025,2026-07-16T02:00:00Z,83.8,2.5999999999999943,2,3,1890.0,3.0
BIN_1025,2026-07-16T02:30:00Z,85.2,2.8000000000000114,2,3,1920.0,2.5
BIN_1025,2026-07-16T03:00:00Z,85.7,1.0,3,3,1950.0,2.0
BIN_1025,2026-07-16T03:30:00Z,86.4,1.4000000000000057,3,3,1980.0,1.5
BIN_1025,2026-07-16T04:00:00Z,88.6,4.399999999999977,4,3,2010.0,1.0
BIN_1025,2026-07-16T04:30:00Z,89.5,1.8000000000000114,4,3,2040.0,0.5
BIN_1025,2026-07-16T05:00:00Z,90.9,2.8000000000000114,5,3,2070.0,0.0
BIN_1025,2026-07-16T05:30:00Z,92.9,4.0,5,3,2100.0,0.0
BIN_1025,2026-07-16T06:00:00Z,94.4,3.0,6,3,2130.0,0.0
BIN_1025,2026-07-16T06:30:00Z,96.0,3.1999999999999886,6,3,2160.0,0.0
BIN_1025,2026-07-16T07:00:00Z,97.3,2.5999999999999943,7,3,2190.0,0.0
BIN_1025,2026-07-16T07:30:00Z,99.3,4.0,7,3,2220.0,0.0
BIN_1025,2026-07-16T08:00:00Z,100.0,1.4000000000000057,8,3,2250.0,0.0
BIN_1025,2026-07-16T08:30:00Z,100.0,0.0,8,3,2280.0,0.0
BIN_1025,2026-07-16T09:00:00Z,100.0,0.0,9,3,2310.0,0.0
BIN_1025,2026-07-16T09:30:00Z,100.0,0.0,9,3,2340.0,0.0
BIN_1025,2026-07-16T10:00:00Z,100.0,0.0,10,3,2370.0,0.0
BIN_1025,2026-07-16T10:30:00Z,100.0,0.0,10,3,2400.0,0.0
BIN_1025,2026-07-16T11:00:00Z,100.0,0.0,11,3,2430.0,0.0
BIN_1025,2026-07-16T11:30:00Z,100.0,0.0,11,3,2460.0,0.0
BIN_1025,2026-07-16T12:00:00Z,100.0,0.0,12,3,2490.0,0.0
BIN_1025,2026-07-16T12:30:00Z,100.0,0.0,12,3,2520.0,0.0
BIN_1025,2026-07-16T13:00:00Z,100.0,0.0,13,3,2550.0,0.0
BIN_1025,2026-07-16T13:30:00Z,100.0,0.0,13,3,2580.0,0.0
BIN_1025,2026-07-16T14:00:00Z,100.0,0.0,14,3,2610.0,0.0
BIN_1025,2026-07-16T14:30:00Z,100.0,0.0,14,3,2640.0,0.0
BIN_1025,2026-07-16T15:00:00Z,100.0,0.0,15,3,2670.0,0.0
BIN_1025,2026-07-16T15:30:00Z,100.0,0.0,15,3,2700.0,0.0
BIN_1025,2026-07-16T16:00:00Z,100.0,0.0,16,3,2730.0,0.0
BIN_1025,2026-07-16T16:30:00Z,100.0,0.0,16,3,2760.0,0.0
BIN_1025,2026-07-16T17:00:00Z,100.0,0.0,17,3,2790.0,0.0
BIN_1025,2026-07-16T17:30:00Z,100.0,0.0,17,3,2820.0,0.0
BIN_1025,2026-07-16T18:00:00Z,100.0,0.0,18,3,2850.0,0.0
BIN_1025,2026-07-16T18:30:00Z,100.0,0.0,18,3,2880.0,0.0
BIN_1025,2026-07-16T19:00:00Z,100.0,0.0,19,3,2910.0,0.0
BIN_1025,2026-07-16T19:30:00Z,100.0,0.0,19,3,2940.0,0.0
BIN_1025,2026-07-16T20:00:00Z,100.0,0.0,20,3,2970.0,0.0
BIN_1025,2026-07-16T20:30:00Z,100.0,0.0,20,3,3000.0,0.0
BIN_1025,2026-07-16T21:00:00Z,100.0,0.0,21,3,3030.0,0.0
BIN_1025,2026-07-16T21:30:00Z,100.0,0.0,21,3,3060.0,0.0
BIN_1025,2026-07-16T22:00:00Z,100.0,0.0,22,3,3090.0,0.0
BIN_1025,2026-07-16T22:30:00Z,100.0,0.0,22,3,3120.0,0.0
BIN_1025,2026-07-16T23:00:00Z,100.0,0.0,23,3,3150.0,0.0
BIN_1025,2026-07-16T23:30:00Z,100.0,0.0,23,3,3180.0,0.0
BIN_1025,2026-07-17T00:00:00Z,100.0,0.0,0,4,3210.0,0.0
BIN_1025,2026-07-17T00:30:00Z,99.8,-0.4000000000000057,0,4,3240.0,0.0
BIN_1025,2026-07-17T01:00:00Z,100.0,0.4000000000000057,1,4,3270.0,0.0
BIN_1025,2026-07-17T01:30:00Z,100.0,0.0,1,4,3300.0,0.0
BIN_1025,2026-07-17T02:00:00Z,100.0,0.0,2,4,3330.0,0.0
BIN_1025,2026-07-17T02:30:00Z,100.0,0.0,2,4,3360.0,0.0
BIN_1025,2026-07-17T03:00:00Z,100.0,0.0,3,4,3390.0,0.0
BIN_1025,2026-07-17T03:30:00Z,100.0,0.0,3,4,3420.0,0.0
BIN_1025,2026-07-17T04:00:00Z,100.0,0.0,4,4,3450.0,0.0
BIN_1025,2026-07-17T04:30:00Z,100.0,0.0,4,4,3480.0,0.0
BIN_1025,2026-07-17T05:00:00Z,100.0,0.0,5,4,3510.0,0.0
BIN_1025,2026-07-17T05:30:00Z,100.0,0.0,5,4,3540.0,0.0
BIN_1025,2026-07-17T06:00:00Z,100.0,0.0,6,4,3570.0,0.0
BIN_1025,2026-07-17T06:30:00Z,100.0,0.0,6,4,3600.0,0.0
BIN_1025,2026-07-17T07:00:00Z,100.0,0.0,7,4,3630.0,0.0
BIN_1025,2026-07-17T07:30:00Z,100.0,0.0,7,4,3660.0,0.0
BIN_1025,2026-07-17T08:00:00Z,100.0,0.0,8,4,3690.0,0.0
BIN_1025,2026-07-17T08:30:00Z,100.0,0.0,8,4,3720.0,0.0
BIN_1025,2026-07-17T09:00:00Z,100.0,0.0,9,4,3750.0,0.0
BIN_1025,2026-07-17T09:30:00Z,99.9,-0.19999999999998863,9,4,3780.0,0.0
BIN_1025,2026-07-17T10:00:00Z,100.0,0.19999999999998863,10,4,3810.0,0.0
BIN_1025,2026-07-17T10:30:00Z,100.0,0.0,10,4,3840.0,0.0
BIN_1025,2026-07-17T11:00:00Z,100.0,0.0,11,4,3870.0,0.0
BIN_1025,2026-07-17T11:30:00Z,100.0,0.0,11,4,3900.0,0.0
BIN_1025,2026-07-17T12:00:00Z,100.0,0.0,12,4,3930.0,0.0
BIN_1025,2026-07-17T12:30:00Z,100.0,0.0,12,4,3960.0,0.0
BIN_1025,2026-07-17T13:00:00Z,100.0,0.0,13,4,3990.0,0.0
BIN_1025,2026-07-17T13:30:00Z,100.0,0.0,13,4,4020.0,0.0
BIN_1025,2026-07-17T14:00:00Z,100.0,0.0,14,4,4050.0,0.0
BIN_1025,2026-07-17T14:30:00Z,100.0,0.0,14,4,4080.0,0.0
BIN_1025,2026-07-17T15:00:00Z,100.0,0.0,15,4,4110.0,0.0
BIN_1025,2026-07-17T15:30:00Z,100.0,0.0,15,4,4140.0,0.0
BIN_1025,2026-07-17T16:00:00Z,100.0,0.0,16,4,4170.0,0.0
BIN_1025,2026-07-17T16:30:00Z,100.0,0.0,16,4,4200.0,0.0
BIN_1025,2026-07-17T17:00:00Z,100.0,0.0,17,4,4230.0,0.0
BIN_1025,2026-07-17T17:30:00Z,100.0,0.0,17,4,4260.0,0.0
BIN_1025,2026-07-17T18:00:00Z,100.0,0.0,18,4,4290.0,0.0
BIN_1025,2026-07-17T18:30:00Z,100.0,0.0,18,4,4320.0,0.0
BIN_1025,2026-07-17T19:00:00Z,100.0,0.0,19,4,4350.0,0.0
BIN_1025,2026-07-17T19:30:00Z,100.0,0.0,19,4,4380.0,0.0
BIN_1025,2026-07-17T20:00:00Z,100.0,0.0,20,4,4410.0,0.0
BIN_1025,2026-07-17T20:30:00Z,100.0,0.0,20,4,4440.0,0.0
BIN_1025,2026-07-17T21:00:00Z,100.0,0.0,21,4,4470.0,0.0
BIN_1025,2026-07-17T21:30:00Z,100.0,0.0,21,4,4500.0,0.0
BIN_1025,2026-07-17T22:00:00Z,100.0,0.0,22,4,4530.0,0.0
BIN_1025,2026-07-17T22:30:00Z,100.0,0.0,22,4,4560.0,0.0
BIN_1025,2026-07-17T23:00:00Z,100.0,0.0,23,4,4590.0,0.0
BIN_1025,2026-07-17T23:30:00Z,100.0,0.0,23,4,4620.0,0.0
BIN_1025,2026-07-18T00:00:00Z,100.0,0.0,0,5,4650.0,0.0
BIN_1025,2026-07-18T00:30:00Z,100.0,0.0,0,5,4680.0,0.0
BIN_1025,2026-07-18T01:00:00Z,100.0,0.0,1,5,4710.0,0.0
BIN_1025,2026-07-18T01:30:00Z,100.0,0.0,1,5,4740.0,0.0
BIN_1025,2026-07-18T02:00:00Z,100.0,0.0,2,5,4770.0,0.0
BIN_1025,2026-07-18T02:30:00Z,100.0,0.0,2,5,4800.0,0.0
BIN_1025,2026-07-18T03:00:00Z,100.0,0.0,3,5,4830.0,0.0
BIN_1025,2026-07-18T03:30:00Z,100.0,0.0,3,5,4860.0,0.0
BIN_1027,2026-07-14T00:00:00Z,4.0,0.0,0,1,0.0,67.5
BIN_1027,2026-07-14T00:30:00Z,5.4,2.8000000000000007,0,1,30.0,67.0
BIN_1027,2026-07-14T01:00:00Z,6.5,2.1999999999999993,1,1,60.0,66.5
BIN_1027,2026-07-14T01:30:00Z,7.2,1.4000000000000004,1,1,90.0,66.0
BIN_1027,2026-07-14T02:00:00Z,7.9,1.4000000000000004,2,1,120.0,65.5
BIN_1027,2026-07-14T02:30:00Z,9.1,2.3999999999999986,2,1,150.0,65.0
BIN_1027,2026-07-14T03:00:00Z,11.0,3.8000000000000007,3,1,180.0,64.5
BIN_1027,2026-07-14T03:30:00Z,11.2,0.3999999999999986,3,1,210.0,64.0
BIN_1027,2026-07-14T04:00:00Z,12.3,2.200000000000003,4,1,240.0,63.5
BIN_1027,2026-07-14T04:30:00Z,14.1,3.599999999999998,4,1,270.0,63.0
BIN_1027,2026-07-14T05:00:00Z,15.1,2.0,5,1,300.0,62.5
BIN_1027,2026-07-14T05:30:00Z,16.3,2.400000000000002,5,1,330.0,62.0
BIN_1027,2026-07-14T06:00:00Z,16.5,0.3999999999999986,6,1,360.0,61.5
BIN_1027,2026-07-14T06:30:00Z,16.9,0.7999999999999972,6,1,390.0,61.0
BIN_1027,2026-07-14T07:00:00Z,17.9,2.0,7,1,420.0,60.5
BIN_1027,2026-07-14T07:30:00Z,19.1,2.4000000000000057,7,1,450.0,60.0
BIN_1027,2026-07-14T08:00:00Z,20.6,3.0,8,1,480.0,59.5
BIN_1027,2026-07-14T08:30:00Z,21.8,2.3999999999999986,8,1,510.0,59.0
BIN_1027,2026-07-14T09:00:00Z,22.8,2.0,9,1,540.0,58.5
BIN_1027,2026-07-14T09:30:00Z,24.2,2.799999999999997,9,1,570.0,58.0
BIN_1027,2026-07-14T10:00:00Z,24.9,1.3999999999999986,10,1,600.0,57.5
BIN_1027,2026-07-14T10:30:00Z,24.9,0.0,10,1,630.0,57.0
BIN_1027,2026-07-14T11:00:00Z,26.2,2.6000000000000014,11,1,660.0,56.5
BIN_1027,2026-07-14T11:30:00Z,27.7,3.0,11,1,690.0,56.0
BIN_1027,2026-07-14T12:00:00Z,28.5,1.6000000000000014,12,1,720.0,55.5
BIN_1027,2026-07-14T12:30:00Z,29.9,2.799999999999997,12,1,750.0,55.0
BIN_1027,2026-07-14T13:00:00Z,29.5,-0.7999999999999972,13,1,780.0,54.5
BIN_1027,2026-07-14T13:30:00Z,30.0,1.0,13,1,810.0,54.0
BIN_1027,2026-07-14T14:00:00Z,31.5,3.0,14,1,840.0,53.5
BIN_1027,2026-07-14T14:30:00Z,32.4,1.7999999999999972,14,1,870.0,53.0
BIN_1027,2026-07-14T15:00:00Z,32.7,0.6000000000000085,15,1,900.0,52.5
BIN_1027,2026-07-14T15:30:00Z,33.7,2.0,15,1,930.0,52.0
BIN_1027,2026-07-14T16:00:00Z,34.0,0.5999999999999943,16,1,960.0,51.5
BIN_1027,2026-07-14T16:30:00Z,34.7,1.4000000000000057,16,1,990.0,51.0
BIN_1027,2026-07-14T17:00:00Z,35.9,2.3999999999999915,17,1,1020.0,50.5
BIN_1027,2026-07-14T17:30:00Z,37.8,3.799999999999997,17,1,1050.0,50.0
BIN_1027,2026-07-14T18:00:00Z,39.4,3.200000000000003,18,1,1080.0,49.5
BIN_1027,2026-07-14T18:30:00Z,41.2,3.6000000000000085,18,1,1110.0,49.0
BIN_1027,2026-07-14T19:00:00Z,42.9,3.3999999999999915,19,1,1140.0,48.5
BIN_1027,2026-07-14T19:30:00Z,43.6,1.4000000000000057,19,1,1170.0,48.0
BIN_1027,2026-07-14T20:00:00Z,44.0,0.7999999999999972,20,1,1200.0,47.5
BIN_1027,2026-07-14T20:30:00Z,45.2,2.4000000000000057,20,1,1230.0,47.0
BIN_1027,2026-07-14T21:00:00Z,46.1,1.7999999999999972,21,1,1260.0,46.5
BIN_1027,2026-07-14T21:30:00Z,47.2,2.200000000000003,21,1,1290.0,46.0
BIN_1027,2026-07-14T22:00:00Z,2.1,-90.2,22,1,0.0,45.5
BIN_1027,2026-07-14T22:30:00Z,1.5,-1.2000000000000002,22,1,0.0,45.0
BIN_1027,2026-07-14T23:00:00Z,3.9,4.8,23,1,30.0,44.5
BIN_1027,2026-07-14T23:30:00Z,4.7,1.6000000000000005,23,1,60.0,44.0
BIN_1027,2026-07-15T00:00:00Z,5.5,1.5999999999999996,0,2,90.0,43.5
BIN_1027,2026-07-15T00:30:00Z,6.4,1.8000000000000007,0,2,120.0,43.0
BIN_1027,2026-07-15T01:00:00Z,0.7,-11.4,1,2,0.0,42.5
BIN_1027,2026-07-15T01:30:00Z,1.8,2.2,1,2,30.0,42.0
BIN_1027,2026-07-15T02:00:00Z,3.9,4.199999999999999,2,2,60.0,41.5
BIN_1027,2026-07-15T02:30:00Z,5.3,2.8,2,2,90.0,41.0
BIN_1027,2026-07-15T03:00:00Z,6.3,2.0,3,2,120.0,40.5
BIN_1027,2026-07-15T03:30:00Z,8.3,4.000000000000002,3,2,150.0,40.0
BIN_1027,2026-07-15T04:00:00Z,10.0,3.3999999999999986,4,2,180.0,39.5
BIN_1027,2026-07-15T04:30:00Z,10.7,1.3999999999999986,4,2,210.0,39.0
BIN_1027,2026-07-15T05:00:00Z,11.7,2.0,5,2,240.0,38.5
BIN_1027,2026-07-15T05:30:00Z,12.5,1.6000000000000014,5,2,270.0,38.0
BIN_1027,2026-07-15T06:00:00Z,13.9,2.8000000000000007,6,2,300.0,37.5
BIN_1027,2026-07-15T06:30:00Z,13.9,0.0,6,2,330.0,37.0
BIN_1027,2026-07-15T07:00:00Z,14.8,1.8000000000000007,7,2,360.0,36.5
BIN_1027,2026-07-15T07:30:00Z,16.8,4.0,7,2,390.0,36.0
BIN_1027,2026-07-15T08:00:00Z,16.6,-0.3999999999999986,8,2,420.0,35.5
BIN_1027,2026-07-15T08:30:00Z,18.1,3.0,8,2,450.0,35.0
BIN_1027,2026-07-15T09:00:00Z,18.7,1.1999999999999957,9,2,480.0,34.5
BIN_1027,2026-07-15T09:30:00Z,19.1,0.8000000000000043,9,2,510.0,34.0
BIN_1027,2026-07-15T10:00:00Z,20.0,1.7999999999999972,10,2,540.0,33.5
BIN_1027,2026-07-15T10:30:00Z,21.2,2.3999999999999986,10,2,570.0,33.0
BIN_1027,2026-07-15T11:00:00Z,23.1,3.8000000000000043,11,2,600.0,32.5
BIN_1027,2026-07-15T11:30:00Z,23.7,1.1999999999999957,11,2,630.0,32.0
BIN_1027,2026-07-15T12:00:00Z,25.7,4.0,12,2,660.0,31.5
BIN_1027,2026-07-15T12:30:00Z,26.5,1.6000000000000014,12,2,690.0,31.0
BIN_1027,2026-07-15T13:00:00Z,27.1,1.2000000000000028,13,2,720.0,30.5
BIN_1027,2026-07-15T13:30:00Z,27.7,1.1999999999999957,13,2,750.0,30.0
BIN_1027,2026-07-15T14:00:00Z,29.4,3.3999999999999986,14,2,780.0,29.5
BIN_1027,2026-07-15T14:30:00Z,30.3,1.8000000000000043,14,2,810.0,29.0
BIN_1027,2026-07-15T15:00:00Z,31.8,3.0,15,2,840.0,28.5
BIN_1027,2026-07-15T15:30:00Z,33.8,3.999999999999993,15,2,870.0,28.0
BIN_1027,2026-07-15T16:00:00Z,34.9,2.200000000000003,16,2,900.0,27.5
BIN_1027,2026-07-15T16:30:00Z,36.2,2.6000000000000085,16,2,930.0,27.0
BIN_1027,2026-07-15T17:00:00Z,37.5,2.5999999999999943,17,2,960.0,26.5
BIN_1027,2026-07-15T17:30:00Z,37.7,0.4000000000000057,17,2,990.0,26.0
BIN_1027,2026-07-15T18:00:00Z,39.2,3.0,18,2,1020.0,25.5
BIN_1027,2026-07-15T18:30:00Z,40.1,1.7999999999999972,18,2,1050.0,25.0
BIN_1027,2026-07-15T19:00:00Z,41.1,2.0,19,2,1080.0,24.5
BIN_1027,2026-07-15T19:30:00Z,41.8,1.3999999999999915,19,2,1110.0,24.0
BIN_1027,2026-07-15T20:00:00Z,42.8,2.0,20,2,1140.0,23.5
BIN_1027,2026-07-15T20:30:00Z,44.5,3.4000000000000057,20,2,1170.0,23.0
BIN_1027,2026-07-15T21:00:00Z,45.9,2.799999999999997,21,2,1200.0,22.5
BIN_1027,2026-07-15T21:30:00Z,48.2,4.6000000000000085,21,2,1230.0,22.0
BIN_1027,2026-07-15T22:00:00Z,49.8,3.1999999999999886,22,2,1260.0,21.5
BIN_1027,2026-07-15T22:30:00Z,50.3,1.0,22,2,1290.0,21.0
BIN_1027,2026-07-15T23:00:00Z,52.0,3.4000000000000057,23,2,1320.0,20.5
BIN_1027,2026-07-15T23:30:00Z,52.9,1.7999999999999972,23,2,1350.0,20.0
BIN_1027,2026-07-16T00:00:00Z,53.9,2.0,0,3,1380.0,19.5
BIN_1027,2026-07-16T00:30:00Z,54.6,1.4000000000000057,0,3,1410.0,19.0
BIN_1027,2026-07-16T01:00:00Z,54.7,0.20000000000000284,1,3,1440.0,18.5
BIN_1027,2026-07-16T01:30:00Z,55.7,2.0,1,3,1470.0,18.0
BIN_1027,2026-07-16T02:00:00Z,57.0,2.5999999999999943,2,3,1500.0,17.5
BIN_1027,2026-07-16T02:30:00Z,57.8,1.5999999999999943,2,3,1530.0,17.0
BIN_1027,2026-07-16T03:00:00Z,58.8,2.0,3,3,1560.0,16.5
BIN_1027,2026-07-16T03:30:00Z,60.3,3.0,3,3,1590.0,16.0
BIN_1027,2026-07-16T04:00:00Z,62.2,3.8000000000000114,4,3,1620.0,15.5
BIN_1027,2026-07-16T04:30:00Z,62.6,0.7999999999999972,4,3,1650.0,15.0
BIN_1027,2026-07-16T05:00:00Z,63.6,2.0,5,3,1680.0,14.5
BIN_1027,2026-07-16T05:30:00Z,64.5,1.7999999999999972,5,3,1710.0,14.0
BIN_1027,2026-07-16T06:00:00Z,64.6,0.19999999999998863,6,3,1740.0,13.5
BIN_1027,2026-07-16T06:30:00Z,66.8,4.400000000000006,6,3,1770.0,13.0
BIN_1027,2026-07-16T07:00:00Z,66.4,-0.799999999999983,7,3,1800.0,12.5
BIN_1027,2026-07-16T07:30:00Z,67.1,1.3999999999999773,7,3,1830.0,12.0
BIN_1027,2026-07-16T08:00:00Z,68.1,2.0,8,3,1860.0,11.5
BIN_1027,2026-07-16T08:30:00Z,69.6,3.0,8,3,1890.0,11.0
BIN_1027,2026-07-16T09:00:00Z,70.5,1.8000000000000114,9,3,1920.0,10.5
BIN_1027,2026-07-16T09:30:00Z,72.0,3.0,9,3,1950.0,10.0
BIN_1027,2026-07-16T10:00:00Z,73.3,2.5999999999999943,10,3,1980.0,9.5
BIN_1027,2026-07-16T10:30:00Z,74.4,2.200000000000017,10,3,2010.0,9.0
BIN_1027,2026-07-16T11:00:00Z,74.8,0.799999999999983,11,3,2040.0,8.5
BIN_1027,2026-07-16T11:30:00Z,75.1,0.5999999999999943,11,3,2070.0,8.0
BIN_1027,2026-07-16T12:00:00Z,76.4,2.6000000000000227,12,3,2100.0,7.5
BIN_1027,2026-07-16T12:30:00Z,75.8,-1.200000000000017,12,3,2130.0,7.0
BIN_1027,2026-07-16T13:00:00Z,77.0,2.4000000000000057,13,3,2160.0,6.5
BIN_1027,2026-07-16T13:30:00Z,77.6,1.1999999999999886,13,3,2190.0,6.0
BIN_1027,2026-07-16T14:00:00Z,78.3,1.4000000000000057,14,3,2220.0,5.5
BIN_1027,2026-07-16T14:30:00Z,79.7,2.8000000000000114,14,3,2250.0,5.0
BIN_1027,2026-07-16T15:00:00Z,79.8,0.19999999999998863,15,3,2280.0,4.5
BIN_1027,2026-07-16T15:30:00Z,80.8,2.0,15,3,2310.0,4.0
BIN_1027,2026-07-16T16:00:00Z,81.6,1.5999999999999943,16,3,2340.0,3.5
BIN_1027,2026-07-16T16:30:00Z,82.4,1.6000000000000227,16,3,2370.0,3.0
BIN_1027,2026-07-16T17:00:00Z,83.5,2.1999999999999886,17,3,2400.0,2.5
BIN_1027,2026-07-16T17:30:00Z,83.6,0.19999999999998863,17,3,2430.0,2.0
BIN_1027,2026-07-16T18:00:00Z,85.1,3.0,18,3,2460.0,1.5
BIN_1027,2026-07-16T18:30:00Z,87.0,3.8000000000000114,18,3,2490.0,1.0
BIN_1027,2026-07-16T19:00:00Z,88.8,3.5999999999999943,19,3,2520.0,0.5
BIN_1027,2026-07-16T19:30:00Z,90.2,2.8000000000000114,19,3,2550.0,0.0
BIN_1027,2026-07-16T20:00:00Z,90.0,-0.4000000000000057,20,3,2580.0,0.0
BIN_1027,2026-07-16T20:30:00Z,90.8,1.5999999999999943,20,3,2610.0,0.0
BIN_1027,2026-07-16T21:00:00Z,92.0,2.4000000000000057,21,3,2640.0,0.0
BIN_1027,2026-07-16T21:30:00Z,92.0,0.0,21,3,2670.0,0.0
BIN_1027,2026-07-16T22:00:00Z,94.3,4.599999999999994,22,3,2700.0,0.0
BIN_1027,2026-07-16T22:30:00Z,94.5,0.4000000000000057,22,3,2730.0,0.0
BIN_1027,2026-07-16T23:00:00Z,97.0,5.0,23,3,2760.0,0.0
BIN_1027,2026-07-16T23:30:00Z,97.4,0.8000000000000114,23,3,2790.0,0.0
BIN_1027,2026-07-17T00:00:00Z,97.8,0.799999999999983,0,4,2820.0,0.0
BIN_1027,2026-07-17T00:30:00Z,98.2,0.8000000000000114,0,4,2850.0,0.0
BIN_1027,2026-07-17T01:00:00Z,99.9,3.4000000000000057,1,4,2880.0,0.0
BIN_1027,2026-07-17T01:30:00Z,99.7,-0.4000000000000057,1,4,2910.0,0.0
BIN_1027,2026-07-17T02:00:00Z,100.0,0.5999999999999943,2,4,2940.0,0.0
BIN_1027,2026-07-17T02:30:00Z,100.0,0.0,2,4,2970.0,0.0
BIN_1027,2026-07-17T03:00:00Z,100.0,0.0,3,4,3000.0,0.0
BIN_1027,2026-07-17T03:30:00Z,100.0,0.0,3,4,3030.0,0.0
BIN_1027,2026-07-17T04:00:00Z,100.0,0.0,4,4,3060.0,0.0
BIN_1027,2026-07-17T04:30:00Z,100.0,0.0,4,4,3090.0,0.0
BIN_1027,2026-07-17T05:00:00Z,3.0,-194.0,5,4,0.0,50.5
BIN_1027,2026-07-17T05:30:00Z,4.1,2.1999999999999993,5,4,30.0,50.0
BIN_1027,2026-07-17T06:00:00Z,5.1,2.0,6,4,60.0,49.5
BIN_1027,2026-07-17T06:30:00Z,5.8,1.4000000000000004,6,4,90.0,49.0
BIN_1027,2026-07-17T07:00:00Z,2.7,-6.199999999999999,7,4,0.0,48.5
BIN_1027,2026-07-17T07:30:00Z,2.1,-1.2000000000000002,7,4,30.0,48.0
BIN_1027,2026-07-17T08:00:00Z,2.9,1.5999999999999996,8,4,60.0,47.5
BIN_1027,2026-07-17T08:30:00Z,3.7,1.6000000000000005,8,4,90.0,47.0
BIN_1027,2026-07-17T09:00:00Z,4.2,1.0,9,4,120.0,46.5
BIN_1027,2026-07-17T09:30:00Z,4.1,-0.20000000000000107,9,4,0.0,46.0
BIN_1027,2026-07-17T10:00:00Z,4.1,0.0,10,4,30.0,45.5
BIN_1027,2026-07-17T10:30:00Z,4.8,1.4000000000000004,10,4,60.0,45.0
BIN_1027,2026-07-17T11:00:00Z,5.6,1.5999999999999996,11,4,90.0,44.5
BIN_1027,2026-07-17T11:30:00Z,5.8,0.40000000000000036,11,4,120.0,44.0
BIN_1027,2026-07-17T12:00:00Z,6.6,1.5999999999999996,12,4,150.0,43.5
BIN_1027,2026-07-17T12:30:00Z,7.1,1.0,12,4,180.0,43.0
BIN_1027,2026-07-17T13:00:00Z,7.5,0.8000000000000007,13,4,210.0,42.5
BIN_1027,2026-07-17T13:30:00Z,8.4,1.8000000000000007,13,4,240.0,42.0
BIN_1027,2026-07-17T14:00:00Z,9.7,2.599999999999998,14,4,270.0,41.5
BIN_1027,2026-07-17T14:30:00Z,11.6,3.8000000000000007,14,4,300.0,41.0
BIN_1027,2026-07-17T15:00:00Z,12.5,1.8000000000000007,15,4,330.0,40.5
BIN_1027,2026-07-17T15:30:00Z,14.1,3.1999999999999993,15,4,360.0,40.0
BIN_1027,2026-07-17T16:00:00Z,15.3,2.400000000000002,16,4,390.0,39.5
BIN_1027,2026-07-17T16:30:00Z,15.8,1.0,16,4,420.0,39.0
BIN_1027,2026-07-17T17:00:00Z,16.8,2.0,17,4,450.0,38.5
BIN_1027,2026-07-17T17:30:00Z,18.3,3.0,17,4,480.0,38.0
BIN_1027,2026-07-17T18:00:00Z,19.1,1.6000000000000014,18,4,510.0,37.5
BIN_1027,2026-07-17T18:30:00Z,20.4,2.5999999999999943,18,4,540.0,37.0
BIN_1027,2026-07-17T19:00:00Z,22.3,3.8000000000000043,19,4,570.0,36.5
BIN_1027,2026-07-17T19:30:00Z,23.8,3.0,19,4,600.0,36.0
BIN_1027,2026-07-17T20:00:00Z,23.7,-0.20000000000000284,20,4,630.0,35.5
BIN_1027,2026-07-17T20:30:00Z,24.5,1.6000000000000014,20,4,660.0,35.0
BIN_1027,2026-07-17T21:00:00Z,26.6,4.200000000000003,21,4,690.0,34.5
BIN_1027,2026-07-17T21:30:00Z,27.5,1.7999999999999972,21,4,720.0,34.0
BIN_1027,2026-07-17T22:00:00Z,28.2,1.3999999999999986,22,4,750.0,33.5
BIN_1027,2026-07-17T22:30:00Z,29.6,2.8000000000000043,22,4,780.0,33.0
BIN_1027,2026-07-17T23:00:00Z,30.1,1.0,23,4,810.0,32.5
BIN_1027,2026-07-17T23:30:00Z,31.6,3.0,23,4,840.0,32.0
BIN_1027,2026-07-18T00:00:00Z,31.7,0.19999999999999574,0,5,870.0,31.5
BIN_1027,2026-07-18T00:30:00Z,32.0,0.6000000000000014,0,5,900.0,31.0
BIN_1027,2026-07-18T01:00:00Z,32.5,1.0,1,5,930.0,30.5
BIN_1027,2026-07-18T01:30:00Z,33.2,1.4000000000000057,1,5,960.0,30.0
BIN_1027,2026-07-18T02:00:00Z,33.4,0.3999999999999915,2,5,990.0,29.5
BIN_1027,2026-07-18T02:30:00Z,34.1,1.4000000000000057,2,5,1020.0,29.0
BIN_1027,2026-07-18T03:00:00Z,36.2,4.200000000000003,3,5,1050.0,28.5
BIN_1027,2026-07-18T03:30:00Z,37.4,2.3999999999999915,3,5,1080.0,28.0
BIN_1027,2026-07-18T04:00:00Z,38.4,2.0,4,5,1110.0,27.5
BIN_1027,2026-07-18T04:30:00Z,38.5,0.20000000000000284,4,5,1140.0,27.0
BIN_1027,2026-07-18T05:00:00Z,39.4,1.7999999999999972,5,5,1170.0,26.5
BIN_1027,2026-07-18T05:30:00Z,40.1,1.4000000000000057,5,5,1200.0,26.0
BIN_1027,2026-07-18T06:00:00Z,40.6,1.0,6,5,1230.0,25.5
BIN_1027,2026-07-18T06:30:00Z,41.0,0.7999999999999972,6,5,1260.0,25.0
BIN_1027,2026-07-18T07:00:00Z,42.6,3.200000000000003,7,5,1290.0,24.5
BIN_1027,2026-07-18T07:30:00Z,43.6,2.0,7,5,1320.0,24.0
BIN_1027,2026-07-18T08:00:00Z,44.4,1.5999999999999943,8,5,1350.0,23.5
BIN_1027,2026-07-18T08:30:00Z,45.4,2.0,8,5,1380.0,23.0
BIN_1027,2026-07-18T09:00:00Z,45.5,0.20000000000000284,9,5,1410.0,22.5
BIN_1027,2026-07-18T09:30:00Z,46.9,2.799999999999997,9,5,1440.0,22.0
BIN_1027,2026-07-18T10:00:00Z,47.1,0.4000000000000057,10,5,1470.0,21.5
BIN_1027,2026-07-18T10:30:00Z,48.1,2.0,10,5,1500.0,21.0
BIN_1027,2026-07-18T11:00:00Z,49.1,2.0,11,5,1530.0,20.5
BIN_1027,2026-07-18T11:30:00Z,49.1,0.0,11,5,1560.0,20.0
BIN_1027,2026-07-18T12:00:00Z,50.0,1.7999999999999972,12,5,1590.0,19.5
BIN_1027,2026-07-18T12:30:00Z,51.0,2.0,12,5,1620.0,19.0
BIN_1027,2026-07-18T13:00:00Z,52.1,2.200000000000003,13,5,1650.0,18.5
BIN_1027,2026-07-18T13:30:00Z,52.7,1.2000000000000028,13,5,1680.0,18.0
BIN_1027,2026-07-18T14:00:00Z,53.6,1.7999999999999972,14,5,1710.0,17.5
BIN_1027,2026-07-18T14:30:00Z,55.4,3.5999999999999943,14,5,1740.0,17.0
BIN_1027,2026-07-18T15:00:00Z,57.8,4.799999999999997,15,5,1770.0,16.5
BIN_1027,2026-07-18T15:30:00Z,58.3,1.0,15,5,1800.0,16.0
BIN_1027,2026-07-18T16:00:00Z,59.2,1.8000000000000114,16,5,1830.0,15.5
BIN_1027,2026-07-18T16:30:00Z,60.2,2.0,16,5,1860.0,15.0
BIN_1027,2026-07-18T17:00:00Z,61.1,1.7999999999999972,17,5,1890.0,14.5
BIN_1027,2026-07-18T17:30:00Z,61.8,1.3999999999999915,17,5,1920.0,14.0
BIN_1027,2026-07-18T18:00:00Z,63.3,3.0,18,5,1950.0,13.5
BIN_1027,2026-07-18T18:30:00Z,65.7,4.800000000000011,18,5,1980.0,13.0
BIN_1027,2026-07-18T19:00:00Z,66.9,2.4000000000000057,19,5,2010.0,12.5
BIN_1027,2026-07-18T19:30:00Z,67.2,0.5999999999999943,19,5,2040.0,12.0
BIN_1027,2026-07-18T20:00:00Z,68.4,2.4000000000000057,20,5,2070.0,11.5
BIN_1027,2026-07-18T20:30:00Z,69.3,1.799999999999983,20,5,2100.0,11.0
BIN_1027,2026-07-18T21:00:00Z,70.5,2.4000000000000057,21,5,2130.0,10.5
BIN_1027,2026-07-18T21:30:00Z,70.8,0.5999999999999943,21,5,2160.0,10.0
BIN_1027,2026-07-18T22:00:00Z,71.8,2.0,22,5,2190.0,9.5
BIN_1027,2026-07-18T22:30:00Z,73.0,2.4000000000000057,22,5,2220.0,9.0
BIN_1027,2026-07-18T23:00:00Z,73.5,1.0,23,5,2250.0,8.5
BIN_1027,2026-07-18T23:30:00Z,74.2,1.4000000000000057,23,5,2280.0,8.0
BIN_1027,2026-07-19T00:00:00Z,75.2,2.0,0,6,2310.0,7.5
BIN_1027,2026-07-19T00:30:00Z,76.1,1.799999999999983,0,6,2340.0,7.0
BIN_1027,2026-07-19T01:00:00Z,77.7,3.200000000000017,1,6,2370.0,6.5
BIN_1027,2026-07-19T01:30:00Z,78.6,1.799999999999983,1,6,2400.0,6.0
BIN_1027,2026-07-19T02:00:00Z,79.6,2.0,2,6,2430.0,5.5
BIN_1027,2026-07-19T02:30:00Z,80.4,1.6000000000000227,2,6,2460.0,5.0
BIN_1027,2026-07-19T03:00:00Z,81.5,2.1999999999999886,3,6,2490.0,4.5
BIN_1027,2026-07-19T03:30:00Z,82.4,1.8000000000000114,3,6,2520.0,4.0
BIN_1027,2026-07-19T04:00:00Z,84.8,4.799999999999983,4,6,2550.0,3.5
BIN_1027,2026-07-19T04:30:00Z,85.4,1.200000000000017,4,6,2580.0,3.0
BIN_1027,2026-07-19T05:00:00Z,86.6,2.3999999999999773,5,6,2610.0,2.5
BIN_1027,2026-07-19T05:30:00Z,87.6,2.0,5,6,2640.0,2.0
BIN_1027,2026-07-19T06:00:00Z,88.6,2.0,6,6,2670.0,1.5
BIN_1027,2026-07-19T06:30:00Z,88.3,-0.5999999999999943,6,6,2700.0,1.0
BIN_1027,2026-07-19T07:00:00Z,89.1,1.5999999999999943,7,6,2730.0,0.5
BIN_1027,2026-07-19T07:30:00Z,91.2,4.200000000000017,7,6,2760.0,0.0
BIN_1027,2026-07-19T08:00:00Z,92.3,2.1999999999999886,8,6,2790.0,0.0
BIN_1027,2026-07-19T08:30:00Z,92.3,0.0,8,6,2820.0,0.0
BIN_1027,2026-07-19T09:00:00Z,93.2,1.8000000000000114,9,6,2850.0,0.0
BIN_1027,2026-07-19T09:30:00Z,94.2,2.0,9,6,2880.0,0.0
BIN_1027,2026-07-19T10:00:00Z,95.3,2.1999999999999886,10,6,2910.0,0.0
BIN_1027,2026-07-19T10:30:00Z,96.1,1.5999999999999943,10,6,2940.0,0.0
BIN_1027,2026-07-19T11:00:00Z,97.1,2.0,11,6,2970.0,0.0
BIN_1027,2026-07-19T11:30:00Z,97.6,1.0,11,6,3000.0,0.0
BIN_1027,2026-07-19T12:00:00Z,98.2,1.200000000000017,12,6,3030.0,0.0
BIN_1027,2026-07-19T12:30:00Z,99.1,1.799999999999983,12,6,3060.0,0.0
BIN_1027,2026-07-19T13:00:00Z,99.2,0.20000000000001705,13,6,3090.0,0.0
BIN_1027,2026-07-19T13:30:00Z,100.0,1.5999999999999943,13,6,3120.0,0.0
BIN_1027,2026-07-19T14:00:00Z,100.0,0.0,14,6,3150.0,0.0
BIN_1027,2026-07-19T14:30:00Z,100.0,0.0,14,6,3180.0,0.0
BIN_1027,2026-07-19T15:00:00Z,100.0,0.0,15,6,3210.0,0.0
BIN_1027,2026-07-19T15:30:00Z,100.0,0.0,15,6,3240.0,0.0
BIN_1027,2026-07-19T16:00:00Z,100.0,0.0,16,6,3270.0,0.0
BIN_1027,2026-07-19T16:30:00Z,100.0,0.0,16,6,3300.0,0.0
BIN_1027,2026-07-19T17:00:00Z,100.0,0.0,17,6,3330.0,0.0
BIN_1027,2026-07-19T17:30:00Z,100.0,0.0,17,6,3360.0,0.0
BIN_1027,2026-07-19T18:00:00Z,100.0,0.0,18,6,3390.0,0.0
BIN_1027,2026-07-19T18:30:00Z,100.0,0.0,18,6,3420.0,0.0
BIN_1027,2026-07-19T19:00:00Z,100.0,0.0,19,6,3450.0,0.0
BIN_1027,2026-07-19T19:30:00Z,100.0,0.0,19,6,3480.0,0.0
BIN_1027,2026-07-19T20:00:00Z,100.0,0.0,20,6,3510.0,0.0
BIN_1027,2026-07-19T20:30:00Z,100.0,0.0,20,6,3540.0,0.0
BIN_1027,2026-07-19T21:00:00Z,100.0,0.0,21,6,3570.0,0.0
BIN_1027,2026-07-19T21:30:00Z,100.0,0.0,21,6,3600.0,0.0
BIN_1027,2026-07-19T22:00:00Z,100.0,0.0,22,6,3630.0,0.0
BIN_1027,2026-07-19T22:30:00Z,100.0,0.0,22,6,3660.0,0.0
BIN_1027,2026-07-19T23:00:00Z,100.0,0.0,23,6,3690.0,0.0
BIN_1027,2026-07-19T23:30:00Z,100.0,0.0,23,6,3720.0,0.0
BIN_1027,2026-07-20T00:00:00Z,100.0,0.0,0,0,3750.0,0.0
BIN_1027,2026-07-20T00:30:00Z,100.0,0.0,0,0,3780.0,0.0
BIN_1027,2026-07-20T01:00:00Z,100.0,0.0,1,0,3810.0,0.0
BIN_1027,2026-07-20T01:30:00Z,100.0,0.0,1,0,3840.0,0.0
BIN_1027,2026-07-20T02:00:00Z,100.0,0.0,2,0,3870.0,0.0
BIN_1027,2026-07-20T02:30:00Z,100.0,0.0,2,0,3900.0,0.0
BIN_1027,2026-07-20T03:00:00Z,100.0,0.0,3,0,3930.0,0.0
BIN_1027,2026-07-20T03:30:00Z,99.8,-0.4000000000000057,3,0,3960.0,0.0
BIN_1027,2026-07-20T04:00:00Z,100.0,0.4000000000000057,4,0,3990.0,0.0
BIN_1027,2026-07-20T04:30:00Z,100.0,0.0,4,0,4020.0,0.0
BIN_1027,2026-07-20T05:00:00Z,100.0,0.0,5,0,4050.0,0.0
BIN_1027,2026-07-20T05:30:00Z,100.0,0.0,5,0,4080.0,0.0
BIN_1027,2026-07-20T06:00:00Z,100.0,0.0,6,0,4110.0,0.0
BIN_1027,2026-07-20T06:30:00Z,100.0,0.0,6,0,4140.0,0.0
BIN_1027,2026-07-20T07:00:00Z,100.0,0.0,7,0,4170.0,0.0
BIN_1027,2026-07-20T07:30:00Z,100.0,0.0,7,0,4200.0,0.0
BIN_1027,2026-07-20T08:00:00Z,100.0,0.0,8,0,4230.0,0.0
BIN_1027,2026-07-20T08:30:00Z,100.0,0.0,8,0,4260.0,0.0
BIN_1027,2026-07-20T09:00:00Z,100.0,0.0,9,0,4290.0,0.0
BIN_1029,2026-07-14T00:00:00Z,2.2,0.0,0,1,0.0,75.0
BIN_1029,2026-07-14T00:30:00Z,3.1,1.7999999999999998,0,1,30.0,74.5
BIN_1029,2026-07-14T01:00:00Z,4.3,2.3999999999999995,1,1,60.0,74.0
BIN_1029,2026-07-14T01:30:00Z,5.2,1.8000000000000007,1,1,90.0,73.5
BIN_1029,2026-07-14T02:00:00Z,6.8,3.1999999999999993,2,1,120.0,73.0
BIN_1029,2026-07-14T02:30:00Z,9.2,4.799999999999999,2,1,150.0,72.5
BIN_1029,2026-07-14T03:00:00Z,9.9,1.4000000000000021,3,1,180.0,72.0
BIN_1029,2026-07-14T03:30:00Z,10.9,2.0,3,1,210.0,71.5
BIN_1029,2026-07-14T04:00:00Z,6.2,-9.4,4,1,0.0,71.0
BIN_1029,2026-07-14T04:30:00Z,6.8,1.1999999999999993,4,1,30.0,70.5
BIN_1029,2026-07-14T05:00:00Z,7.9,2.200000000000001,5,1,60.0,70.0
BIN_1029,2026-07-14T05:30:00Z,9.4,3.0,5,1,90.0,69.5
BIN_1029,2026-07-14T06:00:00Z,11.3,3.8000000000000007,6,1,120.0,69.0
BIN_1029,2026-07-14T06:30:00Z,12.4,2.1999999999999993,6,1,150.0,68.5
BIN_1029,2026-07-14T07:00:00Z,13.7,2.599999999999998,7,1,180.0,68.0
BIN_1029,2026-07-14T07:30:00Z,14.6,1.8000000000000007,7,1,210.0,67.5
BIN_1029,2026-07-14T08:00:00Z,14.7,0.1999999999999993,8,1,240.0,67.0
BIN_1029,2026-07-14T08:30:00Z,14.8,0.20000000000000284,8,1,270.0,66.5
BIN_1029,2026-07-14T09:00:00Z,16.0,2.3999999999999986,9,1,300.0,66.0
BIN_1029,2026-07-14T09:30:00Z,17.4,2.799999999999997,9,1,330.0,65.5
BIN_1029,2026-07-14T10:00:00Z,19.4,4.0,10,1,360.0,65.0
BIN_1029,2026-07-14T10:30:00Z,21.4,4.0,10,1,390.0,64.5
BIN_1029,2026-07-14T11:00:00Z,22.8,2.8000000000000043,11,1,420.0,64.0
BIN_1029,2026-07-14T11:30:00Z,24.9,4.199999999999996,11,1,450.0,63.5
BIN_1029,2026-07-14T12:00:00Z,25.8,1.8000000000000043,12,1,480.0,63.0
BIN_1029,2026-07-14T12:30:00Z,27.0,2.3999999999999986,12,1,510.0,62.5
BIN_1029,2026-07-14T13:00:00Z,28.0,2.0,13,1,540.0,62.0
BIN_1029,2026-07-14T13:30:00Z,28.9,1.7999999999999972,13,1,570.0,61.5
BIN_1029,2026-07-14T14:00:00Z,0.3,-57.199999999999996,14,1,0.0,61.0
BIN_1029,2026-07-14T14:30:00Z,1.7,2.8,14,1,30.0,60.5
BIN_1029,2026-07-14T15:00:00Z,2.6,1.8000000000000003,15,1,60.0,60.0
BIN_1029,2026-07-14T15:30:00Z,3.5,1.7999999999999998,15,1,90.0,59.5
BIN_1029,2026-07-14T16:00:00Z,4.2,1.4000000000000004,16,1,120.0,59.0
BIN_1029,2026-07-14T16:30:00Z,5.0,1.5999999999999996,16,1,150.0,58.5
BIN_1029,2026-07-14T17:00:00Z,6.3,2.5999999999999996,17,1,180.0,58.0
BIN_1029,2026-07-14T17:30:00Z,8.0,3.4000000000000004,17,1,210.0,57.5
BIN_1029,2026-07-14T18:00:00Z,9.0,2.0,18,1,240.0,57.0
BIN_1029,2026-07-14T18:30:00Z,9.5,1.0,18,1,270.0,56.5
BIN_1029,2026-07-14T19:00:00Z,12.0,5.0,19,1,300.0,56.0
BIN_1029,2026-07-14T19:30:00Z,13.6,3.1999999999999993,19,1,330.0,55.5
BIN_1029,2026-07-14T20:00:00Z,14.9,2.6000000000000014,20,1,360.0,55.0
BIN_1029,2026-07-14T20:30:00Z,16.2,2.599999999999998,20,1,390.0,54.5
BIN_1029,2026-07-14T21:00:00Z,18.8,5.200000000000003,21,1,420.0,54.0
BIN_1029,2026-07-14T21:30:00Z,19.5,1.3999999999999986,21,1,450.0,53.5
BIN_1029,2026-07-14T22:00:00Z,20.8,2.6000000000000014,22,1,480.0,53.0
BIN_1029,2026-07-14T22:30:00Z,21.7,1.7999999999999972,22,1,510.0,52.5
BIN_1029,2026-07-14T23:00:00Z,22.7,2.0,23,1,540.0,52.0
BIN_1029,2026-07-14T23:30:00Z,24.3,3.200000000000003,23,1,570.0,51.5
BIN_1029,2026-07-15T00:00:00Z,26.0,3.3999999999999986,0,2,600.0,51.0
BIN_1029,2026-07-15T00:30:00Z,26.9,1.7999999999999972,0,2,630.0,50.5
BIN_1029,2026-07-15T01:00:00Z,28.5,3.200000000000003,1,2,660.0,50.0
BIN_1029,2026-07-15T01:30:00Z,29.1,1.2000000000000028,1,2,690.0,49.5
BIN_1029,2026-07-15T02:00:00Z,30.8,3.3999999999999986,2,2,720.0,49.0
BIN_1029,2026-07-15T02:30:00Z,31.8,2.0,2,2,750.0,48.5
BIN_1029,2026-07-15T03:00:00Z,32.7,1.8000000000000043,3,2,780.0,48.0
BIN_1029,2026-07-15T03:30:00Z,33.8,2.1999999999999886,3,2,810.0,47.5
BIN_1029,2026-07-15T04:00:00Z,34.2,0.8000000000000114,4,2,840.0,47.0
BIN_1029,2026-07-15T04:30:00Z,35.2,2.0,4,2,870.0,46.5
BIN_1029,2026-07-15T05:00:00Z,36.5,2.5999999999999943,5,2,900.0,46.0
BIN_1029,2026-07-15T05:30:00Z,38.1,3.200000000000003,5,2,930.0,45.5
BIN_1029,2026-07-15T06:00:00Z,38.4,0.5999999999999943,6,2,960.0,45.0
BIN_1029,2026-07-15T06:30:00Z,39.5,2.200000000000003,6,2,990.0,44.5
BIN_1029,2026-07-15T07:00:00Z,39.8,0.5999999999999943,7,2,1020.0,44.0
BIN_1029,2026-07-15T07:30:00Z,41.6,3.6000000000000085,7,2,1050.0,43.5
BIN_1029,2026-07-15T08:00:00Z,42.5,1.7999999999999972,8,2,1080.0,43.0
BIN_1029,2026-07-15T08:30:00Z,43.5,2.0,8,2,1110.0,42.5
BIN_1029,2026-07-15T09:00:00Z,44.3,1.5999999999999943,9,2,1140.0,42.0
BIN_1029,2026-07-15T09:30:00Z,45.3,2.0,9,2,1170.0,41.5
BIN_1029,2026-07-15T10:00:00Z,45.4,0.20000000000000284,10,2,1200.0,41.0
BIN_1029,2026-07-15T10:30:00Z,46.3,1.7999999999999972,10,2,1230.0,40.5
BIN_1029,2026-07-15T11:00:00Z,48.1,3.6000000000000085,11,2,1260.0,40.0
BIN_1029,2026-07-15T11:30:00Z,49.1,2.0,11,2,1290.0,39.5
BIN_1029,2026-07-15T12:00:00Z,50.3,2.3999999999999915,12,2,1320.0,39.0
BIN_1029,2026-07-15T12:30:00Z,50.9,1.2000000000000028,12,2,1350.0,38.5
BIN_1029,2026-07-15T13:00:00Z,52.5,3.200000000000003,13,2,1380.0,38.0
BIN_1029,2026-07-15T13:30:00Z,52.7,0.4000000000000057,13,2,1410.0,37.5
BIN_1029,2026-07-15T14:00:00Z,53.6,1.7999999999999972,14,2,1440.0,37.0
BIN_1029,2026-07-15T14:30:00Z,55.0,2.799999999999997,14,2,1470.0,36.5
BIN_1029,2026-07-15T15:00:00Z,56.5,3.0,15,2,1500.0,36.0
BIN_1029,2026-07-15T15:30:00Z,0.9,-111.2,15,2,0.0,35.5
BIN_1029,2026-07-15T16:00:00Z,2.4,3.0,16,2,30.0,35.0
BIN_1029,2026-07-15T16:30:00Z,4.7,4.6000000000000005,16,2,60.0,34.5
BIN_1029,2026-07-15T17:00:00Z,5.8,2.1999999999999993,17,2,90.0,34.0
BIN_1029,2026-07-15T17:30:00Z,6.7,1.8000000000000007,17,2,120.0,33.5
BIN_1029,2026-07-15T18:00:00Z,8.1,2.799999999999999,18,2,150.0,33.0
BIN_1029,2026-07-15T18:30:00Z,8.9,1.6000000000000014,18,2,180.0,32.5
BIN_1029,2026-07-15T19:00:00Z,11.5,5.199999999999999,19,2,210.0,32.0
BIN_1029,2026-07-15T19:30:00Z,12.8,2.6000000000000014,19,2,240.0,31.5
BIN_1029,2026-07-15T20:00:00Z,15.3,5.0,20,2,270.0,31.0
BIN_1029,2026-07-15T20:30:00Z,17.0,3.3999999999999986,20,2,300.0,30.5
BIN_1029,2026-07-15T21:00:00Z,18.3,2.6000000000000014,21,2,330.0,30.0
BIN_1029,2026-07-15T21:30:00Z,18.2,-0.20000000000000284,21,2,360.0,29.5
BIN_1029,2026-07-15T22:00:00Z,17.9,-0.6000000000000014,22,2,390.0,29.0
BIN_1029,2026-07-15T22:30:00Z,19.6,3.4000000000000057,22,2,420.0,28.5
BIN_1029,2026-07-15T23:00:00Z,20.7,2.1999999999999957,23,2,450.0,28.0
BIN_1029,2026-07-15T23:30:00Z,23.0,4.600000000000001,23,2,480.0,27.5
BIN_1029,2026-07-16T00:00:00Z,23.4,0.7999999999999972,0,3,510.0,27.0
BIN_1029,2026-07-16T00:30:00Z,23.8,0.8000000000000043,0,3,540.0,26.5
BIN_1029,2026-07-16T01:00:00Z,24.4,1.1999999999999957,1,3,570.0,26.0
BIN_1029,2026-07-16T01:30:00Z,24.9,1.0,1,3,600.0,25.5
BIN_1029,2026-07-16T02:00:00Z,25.7,1.6000000000000014,2,3,630.0,25.0
BIN_1029,2026-07-16T02:30:00Z,26.4,1.3999999999999986,2,3,660.0,24.5
BIN_1029,2026-07-16T03:00:00Z,29.0,5.200000000000003,3,3,690.0,24.0
BIN_1029,2026-07-16T03:30:00Z,31.0,4.0,3,3,720.0,23.5
BIN_1029,2026-07-16T04:00:00Z,33.3,4.599999999999994,4,3,750.0,23.0
BIN_1029,2026-07-16T04:30:00Z,35.2,3.8000000000000114,4,3,780.0,22.5
BIN_1029,2026-07-16T05:00:00Z,36.7,3.0,5,3,810.0,22.0
BIN_1029,2026-07-16T05:30:00Z,37.8,2.1999999999999886,5,3,840.0,21.5
BIN_1029,2026-07-16T06:00:00Z,39.6,3.6000000000000085,6,3,870.0,21.0
BIN_1029,2026-07-16T06:30:00Z,40.9,2.5999999999999943,6,3,900.0,20.5
BIN_1029,2026-07-16T07:00:00Z,42.5,3.200000000000003,7,3,930.0,20.0
BIN_1029,2026-07-16T07:30:00Z,42.6,0.20000000000000284,7,3,960.0,19.5
BIN_1029,2026-07-16T08:00:00Z,44.0,2.799999999999997,8,3,990.0,19.0
BIN_1029,2026-07-16T08:30:00Z,44.3,0.5999999999999943,8,3,1020.0,18.5
BIN_1029,2026-07-16T09:00:00Z,44.9,1.2000000000000028,9,3,1050.0,18.0
BIN_1029,2026-07-16T09:30:00Z,45.7,1.6000000000000085,9,3,1080.0,17.5
BIN_1029,2026-07-16T10:00:00Z,46.3,1.1999999999999886,10,3,1110.0,17.0
BIN_1029,2026-07-16T10:30:00Z,47.8,3.0,10,3,1140.0,16.5
BIN_1029,2026-07-16T11:00:00Z,48.7,1.8000000000000114,11,3,1170.0,16.0
BIN_1029,2026-07-16T11:30:00Z,50.1,2.799999999999997,11,3,1200.0,15.5
BIN_1029,2026-07-16T12:00:00Z,51.1,2.0,12,3,1230.0,15.0
BIN_1029,2026-07-16T12:30:00Z,51.9,1.5999999999999943,12,3,1260.0,14.5
BIN_1029,2026-07-16T13:00:00Z,52.8,1.7999999999999972,13,3,1290.0,14.0
BIN_1029,2026-07-16T13:30:00Z,54.6,3.6000000000000085,13,3,1320.0,13.5
BIN_1029,2026-07-16T14:00:00Z,55.9,2.5999999999999943,14,3,1350.0,13.0
BIN_1029,2026-07-16T14:30:00Z,58.2,4.6000000000000085,14,3,1380.0,12.5
BIN_1029,2026-07-16T15:00:00Z,60.0,3.5999999999999943,15,3,1410.0,12.0
BIN_1029,2026-07-16T15:30:00Z,62.1,4.200000000000003,15,3,1440.0,11.5
BIN_1029,2026-07-16T16:00:00Z,62.5,0.7999999999999972,16,3,1470.0,11.0
BIN_1029,2026-07-16T16:30:00Z,63.9,2.799999999999997,16,3,1500.0,10.5
BIN_1029,2026-07-16T17:00:00Z,63.6,-0.5999999999999943,17,3,1530.0,10.0
BIN_1029,2026-07-16T17:30:00Z,65.5,3.799999999999997,17,3,1560.0,9.5
BIN_1029,2026-07-16T18:00:00Z,66.2,1.4000000000000057,18,3,1590.0,9.0
BIN_1029,2026-07-16T18:30:00Z,67.7,3.0,18,3,1620.0,8.5
BIN_1029,2026-07-16T19:00:00Z,68.8,2.1999999999999886,19,3,1650.0,8.0
BIN_1029,2026-07-16T19:30:00Z,69.8,2.0,19,3,1680.0,7.5
BIN_1029,2026-07-16T20:00:00Z,71.0,2.4000000000000057,20,3,1710.0,7.0
BIN_1029,2026-07-16T20:30:00Z,72.3,2.5999999999999943,20,3,1740.0,6.5
BIN_1029,2026-07-16T21:00:00Z,73.3,2.0,21,3,1770.0,6.0
BIN_1029,2026-07-16T21:30:00Z,74.7,2.8000000000000114,21,3,1800.0,5.5
BIN_1029,2026-07-16T22:00:00Z,75.7,2.0,22,3,1830.0,5.0
BIN_1029,2026-07-16T22:30:00Z,77.8,4.199999999999989,22,3,1860.0,4.5
BIN_1029,2026-07-16T23:00:00Z,79.5,3.4000000000000057,23,3,1890.0,4.0
BIN_1029,2026-07-16T23:30:00Z,80.9,2.8000000000000114,23,3,1920.0,3.5
BIN_1029,2026-07-17T00:00:00Z,82.2,2.5999999999999943,0,4,1950.0,3.0
BIN_1029,2026-07-17T00:30:00Z,82.8,1.1999999999999886,0,4,1980.0,2.5
BIN_1029,2026-07-17T01:00:00Z,83.9,2.200000000000017,1,4,2010.0,2.0
BIN_1029,2026-07-17T01:30:00Z,84.8,1.799999999999983,1,4,2040.0,1.5
BIN_1029,2026-07-17T02:00:00Z,87.2,4.800000000000011,2,4,2070.0,1.0
BIN_1029,2026-07-17T02:30:00Z,88.4,2.4000000000000057,2,4,2100.0,0.5
BIN_1029,2026-07-17T03:00:00Z,90.1,3.3999999999999773,3,4,2130.0,0.0
BIN_1029,2026-07-17T03:30:00Z,91.5,2.8000000000000114,3,4,2160.0,0.0
BIN_1029,2026-07-17T04:00:00Z,93.2,3.4000000000000057,4,4,2190.0,0.0
BIN_1029,2026-07-17T04:30:00Z,94.0,1.5999999999999943,4,4,2220.0,0.0
BIN_1029,2026-07-17T05:00:00Z,95.4,2.8000000000000114,5,4,2250.0,0.0
BIN_1029,2026-07-17T05:30:00Z,97.0,3.1999999999999886,5,4,2280.0,0.0
BIN_1029,2026-07-17T06:00:00Z,98.2,2.4000000000000057,6,4,2310.0,0.0
BIN_1029,2026-07-17T06:30:00Z,99.5,2.5999999999999943,6,4,2340.0,0.0
BIN_1029,2026-07-17T07:00:00Z,100.0,1.0,7,4,2370.0,0.0
BIN_1029,2026-07-17T07:30:00Z,100.0,0.0,7,4,2400.0,0.0
BIN_1029,2026-07-17T08:00:00Z,100.0,0.0,8,4,2430.0,0.0
BIN_1029,2026-07-17T08:30:00Z,100.0,0.0,8,4,2460.0,0.0
BIN_1029,2026-07-17T09:00:00Z,100.0,0.0,9,4,2490.0,0.0
BIN_1029,2026-07-17T09:30:00Z,100.0,0.0,9,4,2520.0,0.0
BIN_1029,2026-07-17T10:00:00Z,100.0,0.0,10,4,2550.0,0.0
BIN_1029,2026-07-17T10:30:00Z,100.0,0.0,10,4,2580.0,0.0
BIN_1029,2026-07-17T11:00:00Z,100.0,0.0,11,4,2610.0,0.0
BIN_1029,2026-07-17T11:30:00Z,100.0,0.0,11,4,2640.0,0.0
BIN_1029,2026-07-17T12:00:00Z,100.0,0.0,12,4,2670.0,0.0
BIN_1029,2026-07-17T12:30:00Z,100.0,0.0,12,4,2700.0,0.0
BIN_1029,2026-07-17T13:00:00Z,100.0,0.0,13,4,2730.0,0.0
BIN_1029,2026-07-17T13:30:00Z,100.0,0.0,13,4,2760.0,0.0
BIN_1029,2026-07-17T14:00:00Z,100.0,0.0,14,4,2790.0,0.0
BIN_1029,2026-07-17T14:30:00Z,100.0,0.0,14,4,2820.0,0.0
BIN_1029,2026-07-17T15:00:00Z,100.0,0.0,15,4,2850.0,0.0
BIN_1029,2026-07-17T15:30:00Z,100.0,0.0,15,4,2880.0,0.0
BIN_1029,2026-07-17T16:00:00Z,100.0,0.0,16,4,2910.0,0.0
BIN_1029,2026-07-17T16:30:00Z,100.0,0.0,16,4,2940.0,0.0
BIN_1029,2026-07-17T17:00:00Z,100.0,0.0,17,4,2970.0,0.0
BIN_1029,2026-07-17T17:30:00Z,100.0,0.0,17,4,3000.0,0.0
BIN_1029,2026-07-17T18:00:00Z,100.0,0.0,18,4,3030.0,0.0
BIN_1029,2026-07-17T18:30:00Z,100.0,0.0,18,4,3060.0,0.0
BIN_1029,2026-07-17T19:00:00Z,100.0,0.0,19,4,3090.0,0.0
BIN_1029,2026-07-17T19:30:00Z,100.0,0.0,19,4,3120.0,0.0
BIN_1029,2026-07-17T20:00:00Z,100.0,0.0,20,4,3150.0,0.0
BIN_1029,2026-07-17T20:30:00Z,100.0,0.0,20,4,3180.0,0.0
BIN_1029,2026-07-17T21:00:00Z,100.0,0.0,21,4,3210.0,0.0
BIN_1029,2026-07-17T21:30:00Z,100.0,0.0,21,4,3240.0,0.0
BIN_1029,2026-07-17T22:00:00Z,100.0,0.0,22,4,3270.0,0.0
BIN_1029,2026-07-17T22:30:00Z,100.0,0.0,22,4,3300.0,0.0
BIN_1029,2026-07-17T23:00:00Z,100.0,0.0,23,4,3330.0,0.0
BIN_1029,2026-07-17T23:30:00Z,100.0,0.0,23,4,3360.0,0.0
BIN_1029,2026-07-18T00:00:00Z,100.0,0.0,0,5,3390.0,0.0
BIN_1029,2026-07-18T00:30:00Z,100.0,0.0,0,5,3420.0,0.0
BIN_1029,2026-07-18T01:00:00Z,4.3,-191.4,1,5,0.0,34.5
BIN_1029,2026-07-18T01:30:00Z,5.7,2.8000000000000007,1,5,30.0,34.0
BIN_1029,2026-07-18T02:00:00Z,6.9,2.4000000000000004,2,5,60.0,33.5
BIN_1029,2026-07-18T02:30:00Z,8.3,2.8000000000000007,2,5,90.0,33.0
BIN_1029,2026-07-18T03:00:00Z,10.0,3.3999999999999986,3,5,120.0,32.5
BIN_1029,2026-07-18T03:30:00Z,11.9,3.8000000000000007,3,5,150.0,32.0
BIN_1029,2026-07-18T04:00:00Z,13.5,3.1999999999999993,4,5,180.0,31.5
BIN_1029,2026-07-18T04:30:00Z,13.2,-0.6000000000000014,4,5,210.0,31.0
BIN_1029,2026-07-18T05:00:00Z,14.3,2.200000000000003,5,5,240.0,30.5
BIN_1029,2026-07-18T05:30:00Z,14.8,1.0,5,5,270.0,30.0
BIN_1029,2026-07-18T06:00:00Z,16.4,3.1999999999999957,6,5,300.0,29.5
BIN_1029,2026-07-18T06:30:00Z,18.3,3.8000000000000043,6,5,330.0,29.0
BIN_1029,2026-07-18T07:00:00Z,19.6,2.6000000000000014,7,5,360.0,28.5
BIN_1029,2026-07-18T07:30:00Z,20.2,1.1999999999999957,7,5,390.0,28.0
BIN_1029,2026-07-18T08:00:00Z,22.3,4.200000000000003,8,5,420.0,27.5
BIN_1029,2026-07-18T08:30:00Z,24.1,3.6000000000000014,8,5,450.0,27.0
BIN_1029,2026-07-18T09:00:00Z,25.4,2.5999999999999943,9,5,480.0,26.5
BIN_1029,2026-07-18T09:30:00Z,26.2,1.6000000000000014,9,5,510.0,26.0
BIN_1029,2026-07-18T10:00:00Z,27.2,2.0,10,5,540.0,25.5
BIN_1029,2026-07-18T10:30:00Z,28.4,2.3999999999999986,10,5,570.0,25.0
BIN_1029,2026-07-18T11:00:00Z,28.3,-0.19999999999999574,11,5,600.0,24.5
BIN_1029,2026-07-18T11:30:00Z,29.7,2.799999999999997,11,5,630.0,24.0
BIN_1029,2026-07-18T12:00:00Z,31.0,2.6000000000000014,12,5,660.0,23.5
BIN_1029,2026-07-18T12:30:00Z,32.9,3.799999999999997,12,5,690.0,23.0
BIN_1029,2026-07-18T13:00:00Z,34.7,3.6000000000000085,13,5,720.0,22.5
BIN_1029,2026-07-18T13:30:00Z,34.7,0.0,13,5,750.0,22.0
BIN_1029,2026-07-18T14:00:00Z,35.3,1.1999999999999886,14,5,780.0,21.5
BIN_1029,2026-07-18T14:30:00Z,36.6,2.6000000000000085,14,5,810.0,21.0
BIN_1029,2026-07-18T15:00:00Z,38.1,3.0,15,5,840.0,20.5
BIN_1029,2026-07-18T15:30:00Z,39.1,2.0,15,5,870.0,20.0
BIN_1029,2026-07-18T16:00:00Z,40.5,2.799999999999997,16,5,900.0,19.5
BIN_1029,2026-07-18T16:30:00Z,41.4,1.7999999999999972,16,5,930.0,19.0
BIN_1029,2026-07-18T17:00:00Z,42.7,2.6000000000000085,17,5,960.0,18.5
BIN_1029,2026-07-18T17:30:00Z,43.0,0.5999999999999943,17,5,990.0,18.0
BIN_1029,2026-07-18T18:00:00Z,45.2,4.400000000000006,18,5,1020.0,17.5
BIN_1029,2026-07-18T18:30:00Z,47.3,4.199999999999989,18,5,1050.0,17.0
BIN_1029,2026-07-18T19:00:00Z,49.2,3.8000000000000114,19,5,1080.0,16.5
BIN_1029,2026-07-18T19:30:00Z,51.1,3.799999999999997,19,5,1110.0,16.0
BIN_1029,2026-07-18T20:00:00Z,52.3,2.3999999999999915,20,5,1140.0,15.5
BIN_1029,2026-07-18T20:30:00Z,53.6,2.6000000000000085,20,5,1170.0,15.0
BIN_1029,2026-07-18T21:00:00Z,53.8,0.3999999999999915,21,5,1200.0,14.5
BIN_1029,2026-07-18T21:30:00Z,55.2,2.8000000000000114,21,5,1230.0,14.0
BIN_1029,2026-07-18T22:00:00Z,56.2,2.0,22,5,1260.0,13.5
BIN_1029,2026-07-18T22:30:00Z,56.8,1.1999999999999886,22,5,1290.0,13.0
BIN_1029,2026-07-18T23:00:00Z,58.1,2.6000000000000085,23,5,1320.0,12.5
BIN_1029,2026-07-18T23:30:00Z,59.4,2.5999999999999943,23,5,1350.0,12.0
BIN_1029,2026-07-19T00:00:00Z,61.4,4.0,0,6,1380.0,11.5
BIN_1029,2026-07-19T00:30:00Z,62.9,3.0,0,6,1410.0,11.0
BIN_1029,2026-07-19T01:00:00Z,64.0,2.200000000000003,1,6,1440.0,10.5
BIN_1029,2026-07-19T01:30:00Z,65.4,2.8000000000000114,1,6,1470.0,10.0
BIN_1029,2026-07-19T02:00:00Z,66.0,1.1999999999999886,2,6,1500.0,9.5
BIN_1029,2026-07-19T02:30:00Z,66.4,0.8000000000000114,2,6,1530.0,9.0
BIN_1029,2026-07-19T03:00:00Z,67.5,2.1999999999999886,3,6,1560.0,8.5
BIN_1029,2026-07-19T03:30:00Z,67.9,0.8000000000000114,3,6,1590.0,8.0
BIN_1029,2026-07-19T04:00:00Z,69.3,2.799999999999983,4,6,1620.0,7.5
BIN_1029,2026-07-19T04:30:00Z,70.5,2.4000000000000057,4,6,1650.0,7.0
BIN_1029,2026-07-19T05:00:00Z,71.7,2.4000000000000057,5,6,1680.0,6.5
BIN_1029,2026-07-19T05:30:00Z,72.4,1.4000000000000057,5,6,1710.0,6.0
BIN_1029,2026-07-19T06:00:00Z,73.3,1.799999999999983,6,6,1740.0,5.5
BIN_1029,2026-07-19T06:30:00Z,75.4,4.200000000000017,6,6,1770.0,5.0
BIN_1029,2026-07-19T07:00:00Z,77.3,3.799999999999983,7,6,1800.0,4.5
BIN_1029,2026-07-19T07:30:00Z,79.0,3.4000000000000057,7,6,1830.0,4.0
BIN_1029,2026-07-19T08:00:00Z,80.3,2.5999999999999943,8,6,1860.0,3.5
BIN_1029,2026-07-19T08:30:00Z,81.0,1.4000000000000057,8,6,1890.0,3.0
BIN_1029,2026-07-19T09:00:00Z,81.5,1.0,9,6,1920.0,2.5
BIN_1029,2026-07-19T09:30:00Z,83.8,4.599999999999994,9,6,1950.0,2.0
BIN_1029,2026-07-19T10:00:00Z,85.6,3.5999999999999943,10,6,1980.0,1.5
BIN_1029,2026-07-19T10:30:00Z,87.1,3.0,10,6,2010.0,1.0
BIN_1029,2026-07-19T11:00:00Z,89.0,3.8000000000000114,11,6,2040.0,0.5
BIN_1029,2026-07-19T11:30:00Z,91.4,4.800000000000011,11,6,2070.0,0.0
BIN_1029,2026-07-19T12:00:00Z,92.7,2.5999999999999943,12,6,2100.0,0.0
BIN_1029,2026-07-19T12:30:00Z,93.3,1.1999999999999886,12,6,2130.0,0.0
BIN_1029,2026-07-19T13:00:00Z,94.0,1.4000000000000057,13,6,2160.0,0.0
BIN_1029,2026-07-19T13:30:00Z,94.9,1.8000000000000114,13,6,2190.0,0.0
BIN_1029,2026-07-19T14:00:00Z,97.0,4.199999999999989,14,6,2220.0,0.0
BIN_1029,2026-07-19T14:30:00Z,98.1,2.1999999999999886,14,6,2250.0,0.0
BIN_1029,2026-07-19T15:00:00Z,98.9,1.6000000000000227,15,6,2280.0,0.0
BIN_1029,2026-07-19T15:30:00Z,99.4,1.0,15,6,2310.0,0.0
BIN_1029,2026-07-19T16:00:00Z,100.0,1.1999999999999886,16,6,2340.0,0.0
BIN_1029,2026-07-19T16:30:00Z,100.0,0.0,16,6,2370.0,0.0
BIN_1029,2026-07-19T17:00:00Z,100.0,0.0,17,6,2400.0,0.0
BIN_1029,2026-07-19T17:30:00Z,100.0,0.0,17,6,2430.0,0.0
BIN_1029,2026-07-19T18:00:00Z,100.0,0.0,18,6,2460.0,0.0
BIN_1029,2026-07-19T18:30:00Z,100.0,0.0,18,6,2490.0,0.0
BIN_1029,2026-07-19T19:00:00Z,100.0,0.0,19,6,2520.0,0.0
BIN_1029,2026-07-19T19:30:00Z,100.0,0.0,19,6,2550.0,0.0
BIN_1029,2026-07-19T20:00:00Z,99.8,-0.4000000000000057,20,6,2580.0,0.0
BIN_1029,2026-07-19T20:30:00Z,100.0,0.4000000000000057,20,6,2610.0,0.0
BIN_1029,2026-07-19T21:00:00Z,100.0,0.0,21,6,2640.0,0.0
BIN_1029,2026-07-19T21:30:00Z,100.0,0.0,21,6,2670.0,0.0
BIN_1029,2026-07-19T22:00:00Z,100.0,0.0,22,6,2700.0,0.0
BIN_1029,2026-07-19T22:30:00Z,100.0,0.0,22,6,2730.0,0.0
BIN_1029,2026-07-19T23:00:00Z,100.0,0.0,23,6,2760.0,0.0
BIN_1029,2026-07-19T23:30:00Z,100.0,0.0,23,6,2790.0,0.0
BIN_1029,2026-07-20T00:00:00Z,100.0,0.0,0,0,2820.0,0.0
BIN_1029,2026-07-20T00:30:00Z,100.0,0.0,0,0,2850.0,0.0
BIN_1029,2026-07-20T01:00:00Z,100.0,0.0,1,0,2880.0,0.0
BIN_1029,2026-07-20T01:30:00Z,99.9,-0.19999999999998863,1,0,2910.0,0.0
BIN_1029,2026-07-20T02:00:00Z,100.0,0.19999999999998863,2,0,2940.0,0.0
BIN_1029,2026-07-20T02:30:00Z,100.0,0.0,2,0,2970.0,0.0
BIN_1029,2026-07-20T03:00:00Z,100.0,0.0,3,0,3000.0,0.0
BIN_1029,2026-07-20T03:30:00Z,100.0,0.0,3,0,3030.0,0.0
BIN_1029,2026-07-20T04:00:00Z,100.0,0.0,4,0,3060.0,0.0
BIN_1029,2026-07-20T04:30:00Z,100.0,0.0,4,0,3090.0,0.0
BIN_1029,2026-07-20T05:00:00Z,100.0,0.0,5,0,3120.0,0.0
BIN_1029,2026-07-20T05:30:00Z,100.0,0.0,5,0,3150.0,0.0
BIN_1029,2026-07-20T06:00:00Z,100.0,0.0,6,0,3180.0,0.0
BIN_1029,2026-07-20T06:30:00Z,100.0,0.0,6,0,3210.0,0.0
BIN_1029,2026-07-20T07:00:00Z,100.0,0.0,7,0,3240.0,0.0
BIN_1029,2026-07-20T07:30:00Z,100.0,0.0,7,0,3270.0,0.0
BIN_1029,2026-07-20T08:00:00Z,100.0,0.0,8,0,3300.0,0.0
BIN_1029,2026-07-20T08:30:00Z,100.0,0.0,8,0,3330.0,0.0
BIN_1029,2026-07-20T09:00:00Z,100.0,0.0,9,0,3360.0,0.0
BIN_1029,2026-07-20T09:30:00Z,100.0,0.0,9,0,3390.0,0.0
BIN_1029,2026-07-20T10:00:00Z,100.0,0.0,10,0,3420.0,0.0
BIN_1029,2026-07-20T10:30:00Z,100.0,0.0,10,0,3450.0,0.0
BIN_1029,2026-07-20T11:00:00Z,100.0,0.0,11,0,3480.0,0.0
BIN_1029,2026-07-20T11:30:00Z,100.0,0.0,11,0,3510.0,0.0
BIN_1029,2026-07-20T12:00:00Z,100.0,0.0,12,0,3540.0,0.0
BIN_1029,2026-07-20T12:30:00Z,100.0,0.0,12,0,3570.0,0.0
BIN_1029,2026-07-20T13:00:00Z,100.0,0.0,13,0,3600.0,0.0
BIN_1029,2026-07-20T13:30:00Z,100.0,0.0,13,0,3630.0,0.0
BIN_1029,2026-07-20T14:00:00Z,100.0,0.0,14,0,3660.0,0.0
BIN_1029,2026-07-20T14:30:00Z,100.0,0.0,14,0,3690.0,0.0
BIN_1029,2026-07-20T15:00:00Z,100.0,0.0,15,0,3720.0,0.0
BIN_1029,2026-07-20T15:30:00Z,100.0,0.0,15,0,3750.0,0.0
BIN_1029,2026-07-20T16:00:00Z,100.0,0.0,16,0,3780.0,0.0
BIN_1029,2026-07-20T16:30:00Z,100.0,0.0,16,0,3810.0,0.0
BIN_1029,2026-07-20T17:00:00Z,100.0,0.0,17,0,3840.0,0.0
BIN_1029,2026-07-20T17:30:00Z,100.0,0.0,17,0,3870.0,0.0
BIN_1029,2026-07-20T18:00:00Z,100.0,0.0,18,0,3900.0,0.0
BIN_1029,2026-07-20T18:30:00Z,100.0,0.0,18,0,3930.0,0.0
BIN_1029,2026-07-20T19:00:00Z,100.0,0.0,19,0,3960.0,0.0
BIN_1029,2026-07-20T19:30:00Z,100.0,0.0,19,0,3990.0,0.0
BIN_1029,2026-07-20T20:00:00Z,100.0,0.0,20,0,4020.0,0.0
BIN_1029,2026-07-20T20:30:00Z,100.0,0.0,20,0,4050.0,0.0
BIN_1029,2026-07-20T21:00:00Z,100.0,0.0,21,0,4080.0,0.0
BIN_1029,2026-07-20T21:30:00Z,100.0,0.0,21,0,4110.0,0.0
BIN_1030,2026-07-14T00:00:00Z,6.6,0.0,0,1,0.0,154.0
BIN_1030,2026-07-14T00:30:00Z,8.3,3.400000000000002,0,1,30.0,153.5
BIN_1030,2026-07-14T01:00:00Z,9.2,1.7999999999999972,1,1,60.0,153.0
BIN_1030,2026-07-14T01:30:00Z,10.5,2.6000000000000014,1,1,90.0,152.5
BIN_1030,2026-07-14T02:00:00Z,10.7,0.3999999999999986,2,1,120.0,152.0
BIN_1030,2026-07-14T02:30:00Z,12.2,3.0,2,1,150.0,151.5
BIN_1030,2026-07-14T03:00:00Z,13.1,1.8000000000000007,3,1,180.0,151.0
BIN_1030,2026-07-14T03:30:00Z,14.0,1.8000000000000007,3,1,210.0,150.5
BIN_1030,2026-07-14T04:00:00Z,14.8,1.6000000000000014,4,1,240.0,150.0
BIN_1030,2026-07-14T04:30:00Z,14.9,0.1999999999999993,4,1,270.0,149.5
BIN_1030,2026-07-14T05:00:00Z,15.7,1.5999999999999979,5,1,300.0,149.0
BIN_1030,2026-07-14T05:30:00Z,17.2,3.0,5,1,330.0,148.5
BIN_1030,2026-07-14T06:00:00Z,17.1,-0.19999999999999574,6,1,360.0,148.0
BIN_1030,2026-07-14T06:30:00Z,17.7,1.1999999999999957,6,1,390.0,147.5
BIN_1030,2026-07-14T07:00:00Z,18.0,0.6000000000000014,7,1,420.0,147.0
BIN_1030,2026-07-14T07:30:00Z,19.3,2.6000000000000014,7,1,450.0,146.5
BIN_1030,2026-07-14T08:00:00Z,19.9,1.1999999999999957,8,1,480.0,146.0
BIN_1030,2026-07-14T08:30:00Z,19.3,-1.1999999999999957,8,1,510.0,145.5
BIN_1030,2026-07-14T09:00:00Z,19.7,0.7999999999999972,9,1,540.0,145.0
BIN_1030,2026-07-14T09:30:00Z,20.5,1.6000000000000014,9,1,570.0,144.5
BIN_1030,2026-07-14T10:00:00Z,21.0,1.0,10,1,600.0,144.0
BIN_1030,2026-07-14T10:30:00Z,22.2,2.3999999999999986,10,1,630.0,143.5
BIN_1030,2026-07-14T11:00:00Z,22.6,0.8000000000000043,11,1,660.0,143.0
BIN_1030,2026-07-14T11:30:00Z,22.8,0.3999999999999986,11,1,690.0,142.5
BIN_1030,2026-07-14T12:00:00Z,24.0,2.3999999999999986,12,1,720.0,142.0
BIN_1030,2026-07-14T12:30:00Z,24.5,1.0,12,1,750.0,141.5
BIN_1030,2026-07-14T13:00:00Z,25.7,2.3999999999999986,13,1,780.0,141.0
BIN_1030,2026-07-14T13:30:00Z,26.9,2.3999999999999986,13,1,810.0,140.5
BIN_1030,2026-07-14T14:00:00Z,27.3,0.8000000000000043,14,1,840.0,140.0
BIN_1030,2026-07-14T14:30:00Z,28.8,3.0,14,1,870.0,139.5
BIN_1030,2026-07-14T15:00:00Z,30.1,2.6000000000000014,15,1,900.0,139.0
BIN_1030,2026-07-14T15:30:00Z,31.5,2.799999999999997,15,1,930.0,138.5
BIN_1030,2026-07-14T16:00:00Z,4.5,-54.0,16,1,0.0,138.0
BIN_1030,2026-07-14T16:30:00Z,6.0,3.0,16,1,30.0,137.5
BIN_1030,2026-07-14T17:00:00Z,6.8,1.5999999999999996,17,1,60.0,137.0
BIN_1030,2026-07-14T17:30:00Z,7.9,2.200000000000001,17,1,90.0,136.5
BIN_1030,2026-07-14T18:00:00Z,8.6,1.3999999999999986,18,1,120.0,136.0
BIN_1030,2026-07-14T18:30:00Z,9.3,1.4000000000000021,18,1,150.0,135.5
BIN_1030,2026-07-14T19:00:00Z,9.6,0.5999999999999979,19,1,180.0,135.0
BIN_1030,2026-07-14T19:30:00Z,10.5,1.8000000000000007,19,1,210.0,134.5
BIN_1030,2026-07-14T20:00:00Z,11.8,2.6000000000000014,20,1,240.0,134.0
BIN_1030,2026-07-14T20:30:00Z,12.5,1.3999999999999986,20,1,270.0,133.5
BIN_1030,2026-07-14T21:00:00Z,14.0,3.0,21,1,300.0,133.0
BIN_1030,2026-07-14T21:30:00Z,14.5,1.0,21,1,330.0,132.5
BIN_1030,2026-07-14T22:00:00Z,14.9,0.8000000000000007,22,1,360.0,132.0
BIN_1030,2026-07-14T22:30:00Z,16.3,2.8000000000000007,22,1,390.0,131.5
BIN_1030,2026-07-14T23:00:00Z,17.1,1.6000000000000014,23,1,420.0,131.0
BIN_1030,2026-07-14T23:30:00Z,18.9,3.5999999999999943,23,1,450.0,130.5
BIN_1030,2026-07-15T00:00:00Z,19.9,2.0,0,2,480.0,130.0
BIN_1030,2026-07-15T00:30:00Z,21.0,2.200000000000003,0,2,510.0,129.5
BIN_1030,2026-07-15T01:00:00Z,22.3,2.6000000000000014,1,2,540.0,129.0
BIN_1030,2026-07-15T01:30:00Z,24.6,4.600000000000001,1,2,570.0,128.5
BIN_1030,2026-07-15T02:00:00Z,25.2,1.1999999999999957,2,2,600.0,128.0
BIN_1030,2026-07-15T02:30:00Z,25.8,1.2000000000000028,2,2,630.0,127.5
BIN_1030,2026-07-15T03:00:00Z,27.2,2.799999999999997,3,2,660.0,127.0
BIN_1030,2026-07-15T03:30:00Z,29.0,3.6000000000000014,3,2,690.0,126.5
BIN_1030,2026-07-15T04:00:00Z,30.2,2.3999999999999986,4,2,720.0,126.0
BIN_1030,2026-07-15T04:30:00Z,32.0,3.6000000000000014,4,2,750.0,125.5
BIN_1030,2026-07-15T05:00:00Z,32.9,1.7999999999999972,5,2,780.0,125.0
BIN_1030,2026-07-15T05:30:00Z,34.3,2.799999999999997,5,2,810.0,124.5
BIN_1030,2026-07-15T06:00:00Z,36.1,3.6000000000000085,6,2,840.0,124.0
BIN_1030,2026-07-15T06:30:00Z,37.1,2.0,6,2,870.0,123.5
BIN_1030,2026-07-15T07:00:00Z,38.2,2.200000000000003,7,2,900.0,123.0
BIN_1030,2026-07-15T07:30:00Z,38.6,0.7999999999999972,7,2,930.0,122.5
BIN_1030,2026-07-15T08:00:00Z,38.9,0.5999999999999943,8,2,960.0,122.0
BIN_1030,2026-07-15T08:30:00Z,40.3,2.799999999999997,8,2,990.0,121.5
BIN_1030,2026-07-15T09:00:00Z,40.6,0.6000000000000085,9,2,1020.0,121.0
BIN_1030,2026-07-15T09:30:00Z,41.5,1.7999999999999972,9,2,1050.0,120.5
BIN_1030,2026-07-15T10:00:00Z,42.4,1.7999999999999972,10,2,1080.0,120.0
BIN_1030,2026-07-15T10:30:00Z,43.6,2.4000000000000057,10,2,1110.0,119.5
BIN_1030,2026-07-15T11:00:00Z,43.4,-0.4000000000000057,11,2,1140.0,119.0
BIN_1030,2026-07-15T11:30:00Z,43.7,0.6000000000000085,11,2,1170.0,118.5
BIN_1030,2026-07-15T12:00:00Z,45.6,3.799999999999997,12,2,1200.0,118.0
BIN_1030,2026-07-15T12:30:00Z,46.6,2.0,12,2,1230.0,117.5
BIN_1030,2026-07-15T13:00:00Z,48.6,4.0,13,2,1260.0,117.0
BIN_1030,2026-07-15T13:30:00Z,49.5,1.7999999999999972,13,2,1290.0,116.5
BIN_1030,2026-07-15T14:00:00Z,50.1,1.2000000000000028,14,2,1320.0,116.0
BIN_1030,2026-07-15T14:30:00Z,51.6,3.0,14,2,1350.0,115.5
BIN_1030,2026-07-15T15:00:00Z,52.1,1.0,15,2,1380.0,115.0
BIN_1030,2026-07-15T15:30:00Z,53.1,2.0,15,2,1410.0,114.5
BIN_1030,2026-07-15T16:00:00Z,53.5,0.7999999999999972,16,2,1440.0,114.0
BIN_1030,2026-07-15T16:30:00Z,55.8,4.599999999999994,16,2,1470.0,113.5
BIN_1030,2026-07-15T17:00:00Z,57.7,3.8000000000000114,17,2,1500.0,113.0
BIN_1030,2026-07-15T17:30:00Z,57.5,-0.4000000000000057,17,2,1530.0,112.5
BIN_1030,2026-07-15T18:00:00Z,58.1,1.2000000000000028,18,2,1560.0,112.0
BIN_1030,2026-07-15T18:30:00Z,58.9,1.5999999999999943,18,2,1590.0,111.5
BIN_1030,2026-07-15T19:00:00Z,3.1,-111.6,19,2,0.0,111.0
BIN_1030,2026-07-15T19:30:00Z,3.9,1.5999999999999996,19,2,30.0,110.5
BIN_1030,2026-07-15T20:00:00Z,4.8,1.7999999999999998,20,2,60.0,110.0
BIN_1030,2026-07-15T20:30:00Z,4.4,-0.7999999999999989,20,2,90.0,109.5
BIN_1030,2026-07-15T21:00:00Z,5.8,2.799999999999999,21,2,120.0,109.0
BIN_1030,2026-07-15T21:30:00Z,6.5,1.4000000000000004,21,2,150.0,108.5
BIN_1030,2026-07-15T22:00:00Z,7.7,2.4000000000000004,22,2,180.0,108.0
BIN_1030,2026-07-15T22:30:00Z,8.8,2.200000000000001,22,2,210.0,107.5
BIN_1030,2026-07-15T23:00:00Z,8.1,-1.4000000000000021,23,2,240.0,107.0
BIN_1030,2026-07-15T23:30:00Z,8.5,0.8000000000000007,23,2,270.0,106.5
BIN_1030,2026-07-16T00:00:00Z,10.4,3.8000000000000007,0,3,300.0,106.0
BIN_1030,2026-07-16T00:30:00Z,11.4,2.0,0,3,330.0,105.5
BIN_1030,2026-07-16T01:00:00Z,13.9,5.0,1,3,360.0,105.0
BIN_1030,2026-07-16T01:30:00Z,14.1,0.3999999999999986,1,3,390.0,104.5
BIN_1030,2026-07-16T02:00:00Z,14.9,1.6000000000000014,2,3,420.0,104.0
BIN_1030,2026-07-16T02:30:00Z,17.2,4.599999999999998,2,3,450.0,103.5
BIN_1030,2026-07-16T03:00:00Z,17.7,1.0,3,3,480.0,103.0
BIN_1030,2026-07-16T03:30:00Z,17.7,0.0,3,3,510.0,102.5
BIN_1030,2026-07-16T04:00:00Z,18.9,2.3999999999999986,4,3,540.0,102.0
BIN_1030,2026-07-16T04:30:00Z,18.6,-0.5999999999999943,4,3,570.0,101.5
BIN_1030,2026-07-16T05:00:00Z,19.2,1.1999999999999957,5,3,600.0,101.0
BIN_1030,2026-07-16T05:30:00Z,20.7,3.0,5,3,630.0,100.5
BIN_1030,2026-07-16T06:00:00Z,22.0,2.6000000000000014,6,3,660.0,100.0
BIN_1030,2026-07-16T06:30:00Z,23.6,3.200000000000003,6,3,690.0,99.5
BIN_1030,2026-07-16T07:00:00Z,24.1,1.0,7,3,720.0,99.0
BIN_1030,2026-07-16T07:30:00Z,24.6,1.0,7,3,750.0,98.5
BIN_1030,2026-07-16T08:00:00Z,26.4,3.5999999999999943,8,3,780.0,98.0
BIN_1030,2026-07-16T08:30:00Z,26.3,-0.19999999999999574,8,3,810.0,97.5
BIN_1030,2026-07-16T09:00:00Z,27.5,2.3999999999999986,9,3,840.0,97.0
BIN_1030,2026-07-16T09:30:00Z,28.6,2.200000000000003,9,3,870.0,96.5
BIN_1030,2026-07-16T10:00:00Z,29.2,1.1999999999999957,10,3,900.0,96.0
BIN_1030,2026-07-16T10:30:00Z,29.8,1.2000000000000028,10,3,930.0,95.5
BIN_1030,2026-07-16T11:00:00Z,31.4,3.1999999999999957,11,3,960.0,95.0
BIN_1030,2026-07-16T11:30:00Z,32.1,1.4000000000000057,11,3,990.0,94.5
BIN_1030,2026-07-16T12:00:00Z,4.9,-54.400000000000006,12,3,0.0,94.0
BIN_1030,2026-07-16T12:30:00Z,6.4,3.0,12,3,30.0,93.5
BIN_1030,2026-07-16T13:00:00Z,6.6,0.3999999999999986,13,3,60.0,93.0
BIN_1030,2026-07-16T13:30:00Z,7.2,1.200000000000001,13,3,90.0,92.5
BIN_1030,2026-07-16T14:00:00Z,8.7,2.9999999999999982,14,3,120.0,92.0
BIN_1030,2026-07-16T14:30:00Z,10.2,3.0,14,3,150.0,91.5
BIN_1030,2026-07-16T15:00:00Z,11.5,2.6000000000000014,15,3,180.0,91.0
BIN_1030,2026-07-16T15:30:00Z,12.0,1.0,15,3,210.0,90.5
BIN_1030,2026-07-16T16:00:00Z,12.0,0.0,16,3,240.0,90.0
BIN_1030,2026-07-16T16:30:00Z,12.2,0.3999999999999986,16,3,270.0,89.5
BIN_1030,2026-07-16T17:00:00Z,12.7,1.0,17,3,300.0,89.0
BIN_1030,2026-07-16T17:30:00Z,13.0,0.6000000000000014,17,3,330.0,88.5
BIN_1030,2026-07-16T18:00:00Z,13.4,0.8000000000000007,18,3,360.0,88.0
BIN_1030,2026-07-16T18:30:00Z,14.0,1.1999999999999993,18,3,390.0,87.5
BIN_1030,2026-07-16T19:00:00Z,13.7,-0.6000000000000014,19,3,420.0,87.0
BIN_1030,2026-07-16T19:30:00Z,14.0,0.6000000000000014,19,3,450.0,86.5
BIN_1030,2026-07-16T20:00:00Z,15.0,2.0,20,3,480.0,86.0
BIN_1030,2026-07-16T20:30:00Z,16.8,3.6000000000000014,20,3,510.0,85.5
BIN_1030,2026-07-16T21:00:00Z,19.2,4.799999999999997,21,3,540.0,85.0
BIN_1030,2026-07-16T21:30:00Z,20.0,1.6000000000000014,21,3,570.0,84.5
BIN_1030,2026-07-16T22:00:00Z,21.5,3.0,22,3,600.0,84.0
BIN_1030,2026-07-16T22:30:00Z,22.2,1.3999999999999986,22,3,630.0,83.5
BIN_1030,2026-07-16T23:00:00Z,23.6,2.8000000000000043,23,3,660.0,83.0
BIN_1030,2026-07-16T23:30:00Z,24.4,1.5999999999999943,23,3,690.0,82.5
BIN_1030,2026-07-17T00:00:00Z,24.9,1.0,0,4,720.0,82.0
BIN_1030,2026-07-17T00:30:00Z,26.5,3.200000000000003,0,4,750.0,81.5
BIN_1030,2026-07-17T01:00:00Z,26.8,0.6000000000000014,1,4,780.0,81.0
BIN_1030,2026-07-17T01:30:00Z,28.0,2.3999999999999986,1,4,810.0,80.5
BIN_1030,2026-07-17T02:00:00Z,29.7,3.3999999999999986,2,4,840.0,80.0
BIN_1030,2026-07-17T02:30:00Z,30.7,2.0,2,4,870.0,79.5
BIN_1030,2026-07-17T03:00:00Z,30.2,-1.0,3,4,900.0,79.0
BIN_1030,2026-07-17T03:30:00Z,31.9,3.3999999999999986,3,4,930.0,78.5
BIN_1030,2026-07-17T04:00:00Z,31.4,-1.0,4,4,960.0,78.0
BIN_1030,2026-07-17T04:30:00Z,32.9,3.0,4,4,990.0,77.5
BIN_1030,2026-07-17T05:00:00Z,33.9,2.0,5,4,1020.0,77.0
BIN_1030,2026-07-17T05:30:00Z,35.0,2.200000000000003,5,4,1050.0,76.5
BIN_1030,2026-07-17T06:00:00Z,35.8,1.5999999999999943,6,4,1080.0,76.0
BIN_1030,2026-07-17T06:30:00Z,37.1,2.6000000000000085,6,4,1110.0,75.5
BIN_1030,2026-07-17T07:00:00Z,37.4,0.5999999999999943,7,4,1140.0,75.0
BIN_1030,2026-07-17T07:30:00Z,37.6,0.4000000000000057,7,4,1170.0,74.5
BIN_1030,2026-07-17T08:00:00Z,37.7,0.20000000000000284,8,4,1200.0,74.0
BIN_1030,2026-07-17T08:30:00Z,39.4,3.3999999999999915,8,4,1230.0,73.5
BIN_1030,2026-07-17T09:00:00Z,41.5,4.200000000000003,9,4,1260.0,73.0
BIN_1030,2026-07-17T09:30:00Z,42.2,1.4000000000000057,9,4,1290.0,72.5
BIN_1030,2026-07-17T10:00:00Z,42.4,0.3999999999999915,10,4,1320.0,72.0
BIN_1030,2026-07-17T10:30:00Z,42.6,0.4000000000000057,10,4,1350.0,71.5
BIN_1030,2026-07-17T11:00:00Z,44.5,3.799999999999997,11,4,1380.0,71.0
BIN_1030,2026-07-17T11:30:00Z,45.9,2.799999999999997,11,4,1410.0,70.5
BIN_1030,2026-07-17T12:00:00Z,47.0,2.200000000000003,12,4,1440.0,70.0
BIN_1030,2026-07-17T12:30:00Z,47.5,1.0,12,4,1470.0,69.5
BIN_1030,2026-07-17T13:00:00Z,49.9,4.799999999999997,13,4,1500.0,69.0
BIN_1030,2026-07-17T13:30:00Z,50.4,1.0,13,4,1530.0,68.5
BIN_1030,2026-07-17T14:00:00Z,51.5,2.200000000000003,14,4,1560.0,68.0
BIN_1030,2026-07-17T14:30:00Z,52.8,2.5999999999999943,14,4,1590.0,67.5
BIN_1030,2026-07-17T15:00:00Z,53.5,1.4000000000000057,15,4,1620.0,67.0
BIN_1030,2026-07-17T15:30:00Z,53.8,0.5999999999999943,15,4,1650.0,66.5
BIN_1030,2026-07-17T16:00:00Z,54.5,1.4000000000000057,16,4,1680.0,66.0
BIN_1030,2026-07-17T16:30:00Z,55.6,2.200000000000003,16,4,1710.0,65.5
BIN_1030,2026-07-17T17:00:00Z,56.3,1.3999999999999915,17,4,1740.0,65.0
BIN_1030,2026-07-17T17:30:00Z,57.7,2.8000000000000114,17,4,1770.0,64.5
BIN_1030,2026-07-17T18:00:00Z,58.9,2.3999999999999915,18,4,1800.0,64.0
BIN_1030,2026-07-17T18:30:00Z,59.2,0.6000000000000085,18,4,1830.0,63.5
BIN_1030,2026-07-17T19:00:00Z,59.6,0.7999999999999972,19,4,1860.0,63.0
BIN_1030,2026-07-17T19:30:00Z,60.2,1.2000000000000028,19,4,1890.0,62.5
BIN_1030,2026-07-17T20:00:00Z,61.0,1.5999999999999943,20,4,1920.0,62.0
BIN_1030,2026-07-17T20:30:00Z,61.1,0.20000000000000284,20,4,1950.0,61.5
BIN_1030,2026-07-17T21:00:00Z,62.0,1.7999999999999972,21,4,1980.0,61.0
BIN_1030,2026-07-17T21:30:00Z,62.4,0.7999999999999972,21,4,2010.0,60.5
BIN_1030,2026-07-17T22:00:00Z,63.3,1.7999999999999972,22,4,2040.0,60.0
BIN_1030,2026-07-17T22:30:00Z,63.8,1.0,22,4,2070.0,59.5
BIN_1030,2026-07-17T23:00:00Z,64.6,1.5999999999999943,23,4,2100.0,59.0
BIN_1030,2026-07-17T23:30:00Z,65.4,1.6000000000000227,23,4,2130.0,58.5
BIN_1030,2026-07-18T00:00:00Z,64.7,-1.4000000000000057,0,5,2160.0,58.0
BIN_1030,2026-07-18T00:30:00Z,65.6,1.799999999999983,0,5,2190.0,57.5
BIN_1030,2026-07-18T01:00:00Z,66.0,0.8000000000000114,1,5,2220.0,57.0
BIN_1030,2026-07-18T01:30:00Z,66.9,1.8000000000000114,1,5,2250.0,56.5
BIN_1030,2026-07-18T02:00:00Z,68.2,2.5999999999999943,2,5,2280.0,56.0
BIN_1030,2026-07-18T02:30:00Z,68.4,0.4000000000000057,2,5,2310.0,55.5
BIN_1030,2026-07-18T03:00:00Z,69.6,2.3999999999999773,3,5,2340.0,55.0
BIN_1030,2026-07-18T03:30:00Z,70.0,0.8000000000000114,3,5,2370.0,54.5
BIN_1030,2026-07-18T04:00:00Z,70.1,0.19999999999998863,4,5,2400.0,54.0
BIN_1030,2026-07-18T04:30:00Z,71.3,2.4000000000000057,4,5,2430.0,53.5
BIN_1030,2026-07-18T05:00:00Z,72.8,3.0,5,5,2460.0,53.0
BIN_1030,2026-07-18T05:30:00Z,73.0,0.4000000000000057,5,5,2490.0,52.5
BIN_1030,2026-07-18T06:00:00Z,74.1,2.1999999999999886,6,5,2520.0,52.0
BIN_1030,2026-07-18T06:30:00Z,74.7,1.200000000000017,6,5,2550.0,51.5
BIN_1030,2026-07-18T07:00:00Z,75.7,2.0,7,5,2580.0,51.0
BIN_1030,2026-07-18T07:30:00Z,76.7,2.0,7,5,2610.0,50.5
BIN_1030,2026-07-18T08:00:00Z,6.1,-141.20000000000002,8,5,0.0,50.0
BIN_1030,2026-07-18T08:30:00Z,7.3,2.4000000000000004,8,5,30.0,49.5
BIN_1030,2026-07-18T09:00:00Z,5.5,-3.5999999999999996,9,5,0.0,49.0
BIN_1030,2026-07-18T09:30:00Z,5.8,0.5999999999999996,9,5,30.0,48.5
BIN_1030,2026-07-18T10:00:00Z,6.4,1.200000000000001,10,5,60.0,48.0
BIN_1030,2026-07-18T10:30:00Z,7.5,2.1999999999999993,10,5,90.0,47.5
BIN_1030,2026-07-18T11:00:00Z,8.8,2.6000000000000014,11,5,120.0,47.0
BIN_1030,2026-07-18T11:30:00Z,10.1,2.599999999999998,11,5,150.0,46.5
BIN_1030,2026-07-18T12:00:00Z,11.5,2.8000000000000007,12,5,180.0,46.0
BIN_1030,2026-07-18T12:30:00Z,11.7,0.3999999999999986,12,5,210.0,45.5
BIN_1030,2026-07-18T13:00:00Z,12.2,1.0,13,5,240.0,45.0
BIN_1030,2026-07-18T13:30:00Z,15.6,6.800000000000001,13,5,270.0,44.5
BIN_1030,2026-07-18T14:00:00Z,16.0,0.8000000000000007,14,5,300.0,44.0
BIN_1030,2026-07-18T14:30:00Z,16.4,0.7999999999999972,14,5,330.0,43.5
BIN_1030,2026-07-18T15:00:00Z,17.3,1.8000000000000043,15,5,360.0,43.0
BIN_1030,2026-07-18T15:30:00Z,18.0,1.3999999999999986,15,5,390.0,42.5
BIN_1030,2026-07-18T16:00:00Z,18.9,1.7999999999999972,16,5,420.0,42.0
BIN_1030,2026-07-18T16:30:00Z,18.4,-1.0,16,5,450.0,41.5
BIN_1030,2026-07-18T17:00:00Z,18.9,1.0,17,5,480.0,41.0
BIN_1030,2026-07-18T17:30:00Z,19.8,1.8000000000000043,17,5,510.0,40.5
BIN_1030,2026-07-18T18:00:00Z,20.5,1.3999999999999986,18,5,540.0,40.0
BIN_1030,2026-07-18T18:30:00Z,21.6,2.200000000000003,18,5,570.0,39.5
BIN_1030,2026-07-18T19:00:00Z,22.3,1.3999999999999986,19,5,600.0,39.0
BIN_1030,2026-07-18T19:30:00Z,23.5,2.3999999999999986,19,5,630.0,38.5
BIN_1030,2026-07-18T20:00:00Z,24.7,2.3999999999999986,20,5,660.0,38.0
BIN_1030,2026-07-18T20:30:00Z,25.2,1.0,20,5,690.0,37.5
BIN_1030,2026-07-18T21:00:00Z,26.4,2.3999999999999986,21,5,720.0,37.0
BIN_1030,2026-07-18T21:30:00Z,27.0,1.2000000000000028,21,5,750.0,36.5
BIN_1030,2026-07-18T22:00:00Z,27.5,1.0,22,5,780.0,36.0
BIN_1030,2026-07-18T22:30:00Z,28.2,1.3999999999999986,22,5,810.0,35.5
BIN_1030,2026-07-18T23:00:00Z,28.6,0.8000000000000043,23,5,840.0,35.0
BIN_1030,2026-07-18T23:30:00Z,29.0,0.7999999999999972,23,5,870.0,34.5
BIN_1030,2026-07-19T00:00:00Z,30.2,2.3999999999999986,0,6,900.0,34.0
BIN_1030,2026-07-19T00:30:00Z,31.2,2.0,0,6,930.0,33.5
BIN_1030,2026-07-19T01:00:00Z,32.4,2.3999999999999986,1,6,960.0,33.0
BIN_1030,2026-07-19T01:30:00Z,34.7,4.6000000000000085,1,6,990.0,32.5
BIN_1030,2026-07-19T02:00:00Z,35.4,1.3999999999999915,2,6,1020.0,32.0
BIN_1030,2026-07-19T02:30:00Z,37.1,3.4000000000000057,2,6,1050.0,31.5
BIN_1030,2026-07-19T03:00:00Z,36.9,-0.4000000000000057,3,6,1080.0,31.0
BIN_1030,2026-07-19T03:30:00Z,37.2,0.6000000000000085,3,6,1110.0,30.5
BIN_1030,2026-07-19T04:00:00Z,37.8,1.1999999999999886,4,6,1140.0,30.0
BIN_1030,2026-07-19T04:30:00Z,38.3,1.0,4,6,1170.0,29.5
BIN_1030,2026-07-19T05:00:00Z,38.4,0.20000000000000284,5,6,1200.0,29.0
BIN_1030,2026-07-19T05:30:00Z,39.9,3.0,5,6,1230.0,28.5
BIN_1030,2026-07-19T06:00:00Z,40.5,1.2000000000000028,6,6,1260.0,28.0
BIN_1030,2026-07-19T06:30:00Z,42.0,3.0,6,6,1290.0,27.5
BIN_1030,2026-07-19T07:00:00Z,43.1,2.200000000000003,7,6,1320.0,27.0
BIN_1030,2026-07-19T07:30:00Z,43.4,0.5999999999999943,7,6,1350.0,26.5
BIN_1030,2026-07-19T08:00:00Z,44.8,2.799999999999997,8,6,1380.0,26.0
BIN_1030,2026-07-19T08:30:00Z,46.2,2.8000000000000114,8,6,1410.0,25.5
BIN_1030,2026-07-19T09:00:00Z,47.1,1.7999999999999972,9,6,1440.0,25.0
BIN_1030,2026-07-19T09:30:00Z,46.9,-0.4000000000000057,9,6,1470.0,24.5
BIN_1030,2026-07-19T10:00:00Z,48.2,2.6000000000000085,10,6,1500.0,24.0
BIN_1030,2026-07-19T10:30:00Z,48.6,0.7999999999999972,10,6,1530.0,23.5
BIN_1030,2026-07-19T11:00:00Z,49.7,2.200000000000003,11,6,1560.0,23.0
BIN_1030,2026-07-19T11:30:00Z,51.1,2.799999999999997,11,6,1590.0,22.5
BIN_1030,2026-07-19T12:00:00Z,52.1,2.0,12,6,1620.0,22.0
BIN_1030,2026-07-19T12:30:00Z,52.0,-0.20000000000000284,12,6,1650.0,21.5
BIN_1030,2026-07-19T13:00:00Z,52.1,0.20000000000000284,13,6,1680.0,21.0
BIN_1030,2026-07-19T13:30:00Z,52.7,1.2000000000000028,13,6,1710.0,20.5
BIN_1030,2026-07-19T14:00:00Z,54.1,2.799999999999997,14,6,1740.0,20.0
BIN_1030,2026-07-19T14:30:00Z,55.4,2.5999999999999943,14,6,1770.0,19.5
BIN_1030,2026-07-19T15:00:00Z,57.0,3.200000000000003,15,6,1800.0,19.0
BIN_1030,2026-07-19T15:30:00Z,59.0,4.0,15,6,1830.0,18.5
BIN_1030,2026-07-19T16:00:00Z,59.1,0.20000000000000284,16,6,1860.0,18.0
BIN_1030,2026-07-19T16:30:00Z,59.3,0.3999999999999915,16,6,1890.0,17.5
BIN_1030,2026-07-19T17:00:00Z,60.2,1.8000000000000114,17,6,1920.0,17.0
BIN_1030,2026-07-19T17:30:00Z,60.9,1.3999999999999915,17,6,1950.0,16.5
BIN_1030,2026-07-19T18:00:00Z,61.7,1.6000000000000085,18,6,1980.0,16.0
BIN_1030,2026-07-19T18:30:00Z,62.8,2.1999999999999886,18,6,2010.0,15.5
BIN_1030,2026-07-19T19:00:00Z,63.1,0.6000000000000085,19,6,2040.0,15.0
BIN_1030,2026-07-19T19:30:00Z,64.6,2.999999999999986,19,6,2070.0,14.5
BIN_1030,2026-07-19T20:00:00Z,65.9,2.6000000000000227,20,6,2100.0,14.0
BIN_1030,2026-07-19T20:30:00Z,66.0,0.19999999999998863,20,6,2130.0,13.5
BIN_1030,2026-07-19T21:00:00Z,67.6,3.1999999999999886,21,6,2160.0,13.0
BIN_1030,2026-07-19T21:30:00Z,68.4,1.6000000000000227,21,6,2190.0,12.5
BIN_1030,2026-07-19T22:00:00Z,70.5,4.199999999999989,22,6,2220.0,12.0
BIN_1030,2026-07-19T22:30:00Z,71.4,1.8000000000000114,22,6,2250.0,11.5
BIN_1030,2026-07-19T23:00:00Z,71.7,0.5999999999999943,23,6,2280.0,11.0
BIN_1030,2026-07-19T23:30:00Z,71.6,-0.20000000000001705,23,6,2310.0,10.5
BIN_1030,2026-07-20T00:00:00Z,71.7,0.20000000000001705,0,0,2340.0,10.0
BIN_1030,2026-07-20T00:30:00Z,72.6,1.799999999999983,0,0,2370.0,9.5
BIN_1030,2026-07-20T01:00:00Z,73.1,1.0,1,0,2400.0,9.0
BIN_1030,2026-07-20T01:30:00Z,73.1,0.0,1,0,2430.0,8.5
BIN_1030,2026-07-20T02:00:00Z,74.6,3.0,2,0,2460.0,8.0
BIN_1030,2026-07-20T02:30:00Z,75.8,2.4000000000000057,2,0,2490.0,7.5
BIN_1030,2026-07-20T03:00:00Z,77.0,2.4000000000000057,3,0,2520.0,7.0
BIN_1030,2026-07-20T03:30:00Z,77.4,0.8000000000000114,3,0,2550.0,6.5
BIN_1030,2026-07-20T04:00:00Z,78.1,1.3999999999999773,4,0,2580.0,6.0
BIN_1030,2026-07-20T04:30:00Z,79.6,3.0,4,0,2610.0,5.5
BIN_1030,2026-07-20T05:00:00Z,81.1,3.0,5,0,2640.0,5.0
BIN_1030,2026-07-20T05:30:00Z,82.4,2.6000000000000227,5,0,2670.0,4.5
BIN_1030,2026-07-20T06:00:00Z,82.7,0.5999999999999943,6,0,2700.0,4.0
BIN_1030,2026-07-20T06:30:00Z,83.2,1.0,6,0,2730.0,3.5
BIN_1030,2026-07-20T07:00:00Z,84.0,1.5999999999999943,7,0,2760.0,3.0
BIN_1030,2026-07-20T07:30:00Z,84.6,1.1999999999999886,7,0,2790.0,2.5
BIN_1030,2026-07-20T08:00:00Z,86.2,3.200000000000017,8,0,2820.0,2.0
BIN_1030,2026-07-20T08:30:00Z,86.6,0.799999999999983,8,0,2850.0,1.5
BIN_1030,2026-07-20T09:00:00Z,88.2,3.200000000000017,9,0,2880.0,1.0
BIN_1030,2026-07-20T09:30:00Z,88.8,1.1999999999999886,9,0,2910.0,0.5
BIN_1030,2026-07-20T10:00:00Z,90.8,4.0,10,0,2940.0,0.0
BIN_1030,2026-07-20T10:30:00Z,91.2,0.8000000000000114,10,0,2970.0,0.0
BIN_1030,2026-07-20T11:00:00Z,92.6,2.799999999999983,11,0,3000.0,0.0
BIN_1030,2026-07-20T11:30:00Z,92.9,0.6000000000000227,11,0,3030.0,0.0
BIN_1030,2026-07-20T12:00:00Z,93.9,2.0,12,0,3060.0,0.0
BIN_1030,2026-07-20T12:30:00Z,94.3,0.799999999999983,12,0,3090.0,0.0
BIN_1030,2026-07-20T13:00:00Z,95.3,2.0,13,0,3120.0,0.0
BIN_1030,2026-07-20T13:30:00Z,95.1,-0.4000000000000057,13,0,3150.0,0.0
BIN_1030,2026-07-20T14:00:00Z,95.9,1.6000000000000227,14,0,3180.0,0.0
BIN_1030,2026-07-20T14:30:00Z,97.3,2.799999999999983,14,0,3210.0,0.0
